"tablescraper-selected-row","tablescraper-selected-row 2","tablescraper-selected-row 4","tablescraper-selected-row 5","reference","reference href","cite-bracket","cite-bracket 2","mw-redirect","mw-redirect href"
"Chicago (IL) Alumni Chapter","1919","Active","North Central","31","https://en.wikipedia.org/wiki/List_of_Kappa_Alpha_Psi_chapters#cite_note-35","[","]","",""
"Detroit (MI) Alumni Chapter","1920","Active","Northern","32","https://en.wikipedia.org/wiki/List_of_Kappa_Alpha_Psi_chapters#cite_note-36","[","]","",""
"Indianapolis (IN) Alumni Chapter","1920","Active","North Central","33","https://en.wikipedia.org/wiki/List_of_Kappa_Alpha_Psi_chapters#cite_note-37","[","]","",""
"Cleveland (OH) Alumni Chapter","1920","Active","East Central","34","https://en.wikipedia.org/wiki/List_of_Kappa_Alpha_Psi_chapters#cite_note-38","[","]","",""
"Louisville (KY) Alumni Chapter","1920","Active","South Central","35","https://en.wikipedia.org/wiki/List_of_Kappa_Alpha_Psi_chapters#cite_note-39","[","]","Louisville, KY","https://en.wikipedia.org/wiki/Louisville,_KY"
"St. Louis (MO) Alumni Chapter","1921","Active","Middle Western","36","https://en.wikipedia.org/wiki/List_of_Kappa_Alpha_Psi_chapters#cite_note-40","[","]","St. Louis, MO","https://en.wikipedia.org/wiki/St._Louis,_MO"
"Columbus (OH) Alumni Chapter","1921","Active","East Central","37","https://en.wikipedia.org/wiki/List_of_Kappa_Alpha_Psi_chapters#cite_note-41","[","]","Columbus, OH","https://en.wikipedia.org/wiki/Columbus,_OH"
"Baltimore (MD) Alumni Chapter","1921","Active","Eastern","38","https://en.wikipedia.org/wiki/List_of_Kappa_Alpha_Psi_chapters#cite_note-42","[","]","Baltimore, MD","https://en.wikipedia.org/wiki/Baltimore,_MD"
"Durham (NC) Alumni Chapter","1921","Active","Middle Eastern","39","https://en.wikipedia.org/wiki/List_of_Kappa_Alpha_Psi_chapters#cite_note-43","[","]","Durham, NC","https://en.wikipedia.org/wiki/Durham,_NC"
"Oklahoma City (OK) Alumni Chapter","1922","Active","Middle Western","40","https://en.wikipedia.org/wiki/List_of_Kappa_Alpha_Psi_chapters#cite_note-44","[","]","Oklahoma City, OK","https://en.wikipedia.org/wiki/Oklahoma_City,_OK"
"Philadelphia (PA) Alumni Chapter","1922","Active","Northeastern","41","https://en.wikipedia.org/wiki/List_of_Kappa_Alpha_Psi_chapters#cite_note-45","[","]","",""
"Pittsburgh (PA) Alumni Chapter","1922","Active","East Central","42","https://en.wikipedia.org/wiki/List_of_Kappa_Alpha_Psi_chapters#cite_note-46","[","]","Pittsburgh, PA","https://en.wikipedia.org/wiki/Pittsburgh,_PA"
"Kansas City (MO) Alumni Chapter","1923","Active","Middle Western","43","https://en.wikipedia.org/wiki/List_of_Kappa_Alpha_Psi_chapters#cite_note-47","[","]","Kansas City, MO","https://en.wikipedia.org/wiki/Kansas_City,_MO"
"Cincinnati (OH) Alumni Chapter","1923","Active","East Central","44","https://en.wikipedia.org/wiki/List_of_Kappa_Alpha_Psi_chapters#cite_note-48","[","]","",""
"Atlanta (GA) Alumni Chapter","1924","Active","Southeastern","45","https://en.wikipedia.org/wiki/List_of_Kappa_Alpha_Psi_chapters#cite_note-49","[","]","",""
"Washington (DC) Alumni Chapter","1924","Active","Eastern","46","https://en.wikipedia.org/wiki/List_of_Kappa_Alpha_Psi_chapters#cite_note-50","[","]","",""
"Jacksonville (FL) Alumni Chapter","1925","Active","Southern","47","https://en.wikipedia.org/wiki/List_of_Kappa_Alpha_Psi_chapters#cite_note-51","[","]","Jacksonville, FL","https://en.wikipedia.org/wiki/Jacksonville,_FL"
"Topeka (KS) Alumni Chapter","1925","Active","Middle Western","","","","","Topeka, KS","https://en.wikipedia.org/wiki/Topeka,_KS"
"Wichita (KS) Alumni Chapter","1925","Active","Middle Western","48","https://en.wikipedia.org/wiki/List_of_Kappa_Alpha_Psi_chapters#cite_note-52","[","]","Wichita, KS","https://en.wikipedia.org/wiki/Wichita,_KS"
"Nashville (TN) Alumni Chapter","1926","Active","South Central","49","https://en.wikipedia.org/wiki/List_of_Kappa_Alpha_Psi_chapters#cite_note-53","[","]","Nashville, TN","https://en.wikipedia.org/wiki/Nashville,_TN"
"Lexington (KY) Alumni Chapter","1927","Active","South Central","50","https://en.wikipedia.org/wiki/List_of_Kappa_Alpha_Psi_chapters#cite_note-54","[","]","Lexington, KY","https://en.wikipedia.org/wiki/Lexington,_KY"
"Marshall (TX) Alumni Chapter","1928","Active","Southwestern","","","","","Marshall, TX","https://en.wikipedia.org/wiki/Marshall,_TX"
"Houston (TX) Alumni Chapter","1928","Active","Southwestern","51","https://en.wikipedia.org/wiki/List_of_Kappa_Alpha_Psi_chapters#cite_note-55","[","]","",""
"Tampa (FL) Alumni Chapter","1928","Active","Southern","52","https://en.wikipedia.org/wiki/List_of_Kappa_Alpha_Psi_chapters#cite_note-56","[","]","Tampa, FL","https://en.wikipedia.org/wiki/Tampa,_FL"
"Wilberforce (OH) Alumni Chapter","1928","Active","East Central","","","","","Wilberforce, OH","https://en.wikipedia.org/wiki/Wilberforce,_OH"
"Tuskegee (AL) Alumni Chapter","1929","Active","Southern","","","","","Tuskegee, AL","https://en.wikipedia.org/wiki/Tuskegee,_AL"
"Tulsa (OK) Alumni Chapter","1931","Active","Middle Western","","","","","Tulsa, OK","https://en.wikipedia.org/wiki/Tulsa,_OK"
"San Antonio (TX) Alumni Chapter","1931","Active","Southwestern","53","https://en.wikipedia.org/wiki/List_of_Kappa_Alpha_Psi_chapters#cite_note-57","[","]","",""
"Bluefield (WV) Alumni Chapter","1932","Inactive","Middle Eastern","","","","","Bluefield, WV","https://en.wikipedia.org/wiki/Bluefield,_WV"
"Memphis (TN) Alumni Chapter","1934","Active","South Central","54","https://en.wikipedia.org/wiki/List_of_Kappa_Alpha_Psi_chapters#cite_note-58","[","]","Memphis, TN","https://en.wikipedia.org/wiki/Memphis,_TN"
"Youngstown (OH) Alumni Chapter","1934","Active","East Central","55","https://en.wikipedia.org/wiki/List_of_Kappa_Alpha_Psi_chapters#cite_note-59","[","]","Youngstown, OH","https://en.wikipedia.org/wiki/Youngstown,_OH"
"Dallas (TX) Alumni Chapter","1935","Active","Southwestern","56","https://en.wikipedia.org/wiki/List_of_Kappa_Alpha_Psi_chapters#cite_note-60","[","]","",""
"New Orleans (LA) Alumni Chapter","1936","Active","Southwestern","57","https://en.wikipedia.org/wiki/List_of_Kappa_Alpha_Psi_chapters#cite_note-61","[","]","",""
"New York (NY) Alumni Chapter","1937","Active","Northeastern","","","","","",""
"Little Rock (AR) Alumni Chapter","1938","Active","Southwestern","58","https://en.wikipedia.org/wiki/List_of_Kappa_Alpha_Psi_chapters#cite_note-62","[","]","Little Rock, AR","https://en.wikipedia.org/wiki/Little_Rock,_AR"
"Los Angeles (CA) Alumni Chapter","1938","Active","Western","59","https://en.wikipedia.org/wiki/List_of_Kappa_Alpha_Psi_chapters#cite_note-63","[","]","",""
"Springfield (IL) Alumni Chapter","1938","Active","North Central","60","https://en.wikipedia.org/wiki/List_of_Kappa_Alpha_Psi_chapters#cite_note-64","[","]","Springfield, IL","https://en.wikipedia.org/wiki/Springfield,_IL"
"Charleston (WV) Alumni Chapter","1939","Active","East Central","","","","","Charleston, WV","https://en.wikipedia.org/wiki/Charleston,_WV"
"Jefferson City (MO) Alumni Chapter","1940","Active","Middle Western","61","https://en.wikipedia.org/wiki/List_of_Kappa_Alpha_Psi_chapters#cite_note-65","[","]","Jefferson City, MO","https://en.wikipedia.org/wiki/Jefferson_City,_MO"
"Norfolk (VA) Alumni Chapter","1940","Active","Eastern","62","https://en.wikipedia.org/wiki/List_of_Kappa_Alpha_Psi_chapters#cite_note-66","[","]","Norfolk, VA","https://en.wikipedia.org/wiki/Norfolk,_VA"
"Jackson (MS) Alumni Chapter","1941","Active","Southwestern","63","https://en.wikipedia.org/wiki/List_of_Kappa_Alpha_Psi_chapters#cite_note-67","[","]","Jackson, MS","https://en.wikipedia.org/wiki/Jackson,_MS"
"Pittsburg (KS) Alumni Chapter","1941","Active","Middle Western","","","","","Pittsburg, KS","https://en.wikipedia.org/wiki/Pittsburg,_KS"
"Petersburg (VA) Alumni Chapter","1941","Active","Eastern","","","","","Petersburg, VA","https://en.wikipedia.org/wiki/Petersburg,_VA"
"Savannah (GA) Alumni Chapter","1941","Active","Southeastern","64","https://en.wikipedia.org/wiki/List_of_Kappa_Alpha_Psi_chapters#cite_note-68","[","]","Savannah, GA","https://en.wikipedia.org/wiki/Savannah,_GA"
"Beckley-Southern (WV) Alumni Chapter","1941","Active","Middle Eastern","","","","","Beckley, WV","https://en.wikipedia.org/wiki/Beckley,_WV"
"Baton Rouge (LA) Alumni Chapter","1942","Active","Southwestern","65","https://en.wikipedia.org/wiki/List_of_Kappa_Alpha_Psi_chapters#cite_note-69","[","]","Baton Rouge, LA","https://en.wikipedia.org/wiki/Baton_Rouge,_LA"
"Birmingham (AL) Alumni Chapter","1943","Active","Southern","66","https://en.wikipedia.org/wiki/List_of_Kappa_Alpha_Psi_chapters#cite_note-70","[","]","Birmingham, AL","https://en.wikipedia.org/wiki/Birmingham,_AL"
"Charlotte (NC) Alumni Chapter","1944","Active","Middle Eastern","67","https://en.wikipedia.org/wiki/List_of_Kappa_Alpha_Psi_chapters#cite_note-71","[","]","Charlotte, NC","https://en.wikipedia.org/wiki/Charlotte,_NC"
"Buffalo (NY) Alumni Chapter","1945","Active","Northern","","","","","Buffalo, NY","https://en.wikipedia.org/wiki/Buffalo,_NY"
"Charleston (SC) Alumni Chapter","1945","Active","Southeastern","","","","","Charleston, SC","https://en.wikipedia.org/wiki/Charleston,_SC"
"Richmond (VA) Alumni Chapter","1945","Active","Eastern","68","https://en.wikipedia.org/wiki/List_of_Kappa_Alpha_Psi_chapters#cite_note-72","[","]","Richmond, VA","https://en.wikipedia.org/wiki/Richmond,_VA"
"Gary (IN) Alumni Chapter","1945","Active","North Central","69","https://en.wikipedia.org/wiki/List_of_Kappa_Alpha_Psi_chapters#cite_note-73","[","]","Gary, IN","https://en.wikipedia.org/wiki/Gary,_IN"
"Hampton-Newport News (VA) Alumni Chapter","1945","Active","Eastern","70","https://en.wikipedia.org/wiki/List_of_Kappa_Alpha_Psi_chapters#cite_note-74","[","]","Hampton","https://en.wikipedia.org/wiki/Hampton,_VA"
"Northfolk (WV) Alumni Chapter","1945","Inactive","Middle Eastern","","","","","Northfork, WV","https://en.wikipedia.org/wiki/Northfork,_WV"
"Muskogee (OK) Alumni Chapter","1946","Active","Middle Western","","","","","Muskogee, OK","https://en.wikipedia.org/wiki/Muskogee,_OK"
"Chattanooga (TN) Alumni Chapter","1946","Active","South Central","71","https://en.wikipedia.org/wiki/List_of_Kappa_Alpha_Psi_chapters#cite_note-75","[","]","Chattanooga, TN","https://en.wikipedia.org/wiki/Chattanooga,_TN"
"Greensboro (NC) Alumni Chapter","1946","Active","Middle Eastern","72","https://en.wikipedia.org/wiki/List_of_Kappa_Alpha_Psi_chapters#cite_note-76","[","]","Greensboro, NC","https://en.wikipedia.org/wiki/Greensboro,_NC"
"Tallahassee (FL) Alumni Chapter","1946","Active","Southern","73","https://en.wikipedia.org/wiki/List_of_Kappa_Alpha_Psi_chapters#cite_note-77","[","]","Tallahassee, FL","https://en.wikipedia.org/wiki/Tallahassee,_FL"
"Knoxville (TN) Alumni Chapter","1946","Active","South Central","74","https://en.wikipedia.org/wiki/List_of_Kappa_Alpha_Psi_chapters#cite_note-78","[","]","Knoxville, TN","https://en.wikipedia.org/wiki/Knoxville,_TN"
"Miami (FL) Alumni Chapter","1946","Active","Southern","75","https://en.wikipedia.org/wiki/List_of_Kappa_Alpha_Psi_chapters#cite_note-79","[","]","",""
"Dayton (OH) Alumni Chapter","1946","Active","East Central","76","https://en.wikipedia.org/wiki/List_of_Kappa_Alpha_Psi_chapters#cite_note-80","[","]","Dayton, OH","https://en.wikipedia.org/wiki/Dayton,_OH"
"Columbia (SC) Alumni Chapter","1947","Active","Southeastern","77","https://en.wikipedia.org/wiki/List_of_Kappa_Alpha_Psi_chapters#cite_note-81","[","]","Columbia, SC","https://en.wikipedia.org/wiki/Columbia,_SC"
"Pensacola (FL) Alumni Chapter","1947","Active","Southern","78","https://en.wikipedia.org/wiki/List_of_Kappa_Alpha_Psi_chapters#cite_note-82","[","]","Pensacola, FL","https://en.wikipedia.org/wiki/Pensacola,_FL"
"Wilmington (DE) Alumni Chapter","1947","Active","Northeastern","79","https://en.wikipedia.org/wiki/List_of_Kappa_Alpha_Psi_chapters#cite_note-83","[","]","Wilmington, DE","https://en.wikipedia.org/wiki/Wilmington,_DE"
"Flint (MI) Alumni Chapter","1947","Active","Northern","","","","","Flint, MI","https://en.wikipedia.org/wiki/Flint,_MI"
"Orlando (FL) Alumni Chapter","1947","Active","Southern","80","https://en.wikipedia.org/wiki/List_of_Kappa_Alpha_Psi_chapters#cite_note-84","[","]","Orlando, FL","https://en.wikipedia.org/wiki/Orlando,_FL"
"Cheraw (SC) Alumni Chapter","1947","Active","Southeastern","","","","","Cheraw, SC","https://en.wikipedia.org/wiki/Cheraw,_SC"
"Berkeley (CA) Alumni Chapter","1947","Active","Western","81","https://en.wikipedia.org/wiki/List_of_Kappa_Alpha_Psi_chapters#cite_note-85","[","]","Oakland, CA","https://en.wikipedia.org/wiki/Oakland,_CA"
"Phoenix (AZ) Alumni Chapter","1947","Active","Western","82","https://en.wikipedia.org/wiki/List_of_Kappa_Alpha_Psi_chapters#cite_note-86","[","]","Phoenix, AZ","https://en.wikipedia.org/wiki/Phoenix,_AZ"
"Fort Worth (TX) Alumni Chapter","1947","Active","Southwestern","83","https://en.wikipedia.org/wiki/List_of_Kappa_Alpha_Psi_chapters#cite_note-87","[","]","Fort Worth, TX","https://en.wikipedia.org/wiki/Fort_Worth,_TX"
"Columbus (GA) Alumni Chapter","1947","Active","Southeastern","84","https://en.wikipedia.org/wiki/List_of_Kappa_Alpha_Psi_chapters#cite_note-88","[","]","Columbus, GA","https://en.wikipedia.org/wiki/Columbus,_GA"
"Newark (NJ) Alumni Chapter","1947","Active","Northeastern","","","","","Newark, NJ","https://en.wikipedia.org/wiki/Newark,_NJ"
"Wilmington (NC) Alumni Chapter","1948","Active","Middle Eastern","85","https://en.wikipedia.org/wiki/List_of_Kappa_Alpha_Psi_chapters#cite_note-89","[","]","Wilmington, NC","https://en.wikipedia.org/wiki/Wilmington,_NC"
"Raleigh (NC) Alumni Chapter","1948","Active","Middle Eastern","86","https://en.wikipedia.org/wiki/List_of_Kappa_Alpha_Psi_chapters#cite_note-90","[","]","Raleigh, NC","https://en.wikipedia.org/wiki/Raleigh,_NC"
"Orangeburg (SC) Alumni Chapter","1948","Active","Southeastern","","","","","Orangeburg, SC","https://en.wikipedia.org/wiki/Orangeburg,_SC"
"Milwaukee (WI) Alumni Chapter","1948","Active","North Central","87","https://en.wikipedia.org/wiki/List_of_Kappa_Alpha_Psi_chapters#cite_note-91","[","]","Milwaukee, WI","https://en.wikipedia.org/wiki/Milwaukee,_WI"
"Tyler (TX) Alumni Chapter","1948","Active","Southwestern","","","","","Tyler, TX","https://en.wikipedia.org/wiki/Tyler,_TX"
"Shreveport (LA) Alumni Chapter","1948","Active","Southwestern","","","","","Shreveport, LA","https://en.wikipedia.org/wiki/Shreveport,_LA"
"Austin (TX) Alumni Chapter","1949","Active","Southwestern","88","https://en.wikipedia.org/wiki/List_of_Kappa_Alpha_Psi_chapters#cite_note-92","[","]","Austin, TX","https://en.wikipedia.org/wiki/Austin,_TX"
"Daytona Beach (FL) Alumni Chapter","1949","Active","Southern","89","https://en.wikipedia.org/wiki/List_of_Kappa_Alpha_Psi_chapters#cite_note-93","[","]","Daytona Beach, FL","https://en.wikipedia.org/wiki/Daytona_Beach,_FL"
"Rocky Mount (NC) Alumni Chapter","1949","Active","Middle Eastern","90","https://en.wikipedia.org/wiki/List_of_Kappa_Alpha_Psi_chapters#cite_note-94","[","]","Rocky Mount, NC","https://en.wikipedia.org/wiki/Rocky_Mount,_NC"
"Trenton (NJ) Alumni Chapter","1949","Active","Northeastern","91","https://en.wikipedia.org/wiki/List_of_Kappa_Alpha_Psi_chapters#cite_note-95","[","]","Trenton, NJ","https://en.wikipedia.org/wiki/Trenton,_NJ"
"Brooklyn-Long Island (NY) Alumni Chapter","1949","Active","Northeastern","92","https://en.wikipedia.org/wiki/List_of_Kappa_Alpha_Psi_chapters#cite_note-96","[","]","",""
"Montgomery (AL) Alumni Chapter","1949","Active","Southern","93","https://en.wikipedia.org/wiki/List_of_Kappa_Alpha_Psi_chapters#cite_note-97","[","]","Montgomery, AL","https://en.wikipedia.org/wiki/Montgomery,_AL"
"Jackson (TN) Alumni Chapter","1949","Active","South Central","94","https://en.wikipedia.org/wiki/List_of_Kappa_Alpha_Psi_chapters#cite_note-98","[","]","Jackson, TN","https://en.wikipedia.org/wiki/Jackson,_TN"
"Macon-Warner Robins (GA) Alumni Chapter","1950","Active","Southeastern","95","https://en.wikipedia.org/wiki/List_of_Kappa_Alpha_Psi_chapters#cite_note-99","[","]","",""
"Albany (GA) Alumni Chapter","1950","Active","Southeastern","96","https://en.wikipedia.org/wiki/List_of_Kappa_Alpha_Psi_chapters#cite_note-auto2-100","[","]","Albany, GA","https://en.wikipedia.org/wiki/Albany,_GA"
"Hartford (CT) Alumni Chapter","1950","Active","Northeastern","97","https://en.wikipedia.org/wiki/List_of_Kappa_Alpha_Psi_chapters#cite_note-101","[","]","Hartford, CT","https://en.wikipedia.org/wiki/Hartford,_CT"
"Des Moines (IA) Alumni Chapter","1950","Active","North Central","98","https://en.wikipedia.org/wiki/List_of_Kappa_Alpha_Psi_chapters#cite_note-102","[","]","Des Moines, IA","https://en.wikipedia.org/wiki/Des_Moines,_IA"
"San Diego (CA) Alumni Chapter","1950","Active","Western","99","https://en.wikipedia.org/wiki/List_of_Kappa_Alpha_Psi_chapters#cite_note-103","[","]","",""
"Mobile (AL) Alumni Chapter","1950","Active","Southern","100","https://en.wikipedia.org/wiki/List_of_Kappa_Alpha_Psi_chapters#cite_note-104","[","]","Mobile, AL","https://en.wikipedia.org/wiki/Mobile,_AL"
"Winston-Salem (NC) Alumni Chapter","1950","Active","Middle Eastern","","","","","Winston-Salem, NC","https://en.wikipedia.org/wiki/Winston-Salem,_NC"
"Boston (MA) Alumni Chapter","1950","Active","Northeastern","101","https://en.wikipedia.org/wiki/List_of_Kappa_Alpha_Psi_chapters#cite_note-105","[","]","",""
"Roanoke (VA) Alumni Chapter","1950","Active","Eastern","102","https://en.wikipedia.org/wiki/List_of_Kappa_Alpha_Psi_chapters#cite_note-106","[","]","Roanoke, VA","https://en.wikipedia.org/wiki/Roanoke,_VA"
"Greenville (SC) Alumni Chapter","1950","Active","Southeastern","103","https://en.wikipedia.org/wiki/List_of_Kappa_Alpha_Psi_chapters#cite_note-107","[","]","Greenville, SC","https://en.wikipedia.org/wiki/Greenville,_SC"
"Omaha (NE) Alumni Chapter","1950","Active","Middle Western","104","https://en.wikipedia.org/wiki/List_of_Kappa_Alpha_Psi_chapters#cite_note-108","[","]","Omaha, NE","https://en.wikipedia.org/wiki/Omaha,_NE"
"Galveston (TX) Alumni Chapter","1950","Active","Southwestern","105","https://en.wikipedia.org/wiki/List_of_Kappa_Alpha_Psi_chapters#cite_note-109","[","]","Galveston, TX","https://en.wikipedia.org/wiki/Galveston,_TX"
"Toledo (OH) Alumni Chapter","1951","Active","Northern","","","","","Toledo, OH","https://en.wikipedia.org/wiki/Toledo,_OH"
"Gadsden (AL) Alumni Chapter","1951","Active","Southern","","","","","Gadsden, AL","https://en.wikipedia.org/wiki/Gadsden,_AL"
"Lawrenceville (VA) Alumni Chapter","1952","Active","Eastern","106","https://en.wikipedia.org/wiki/List_of_Kappa_Alpha_Psi_chapters#cite_note-auto3-110","[","]","Lawrenceville, VA","https://en.wikipedia.org/wiki/Lawrenceville,_VA"
"Hopkinsville-Fort Campbell (KY) Alumni Chapter","1952","Active","South Central","107","https://en.wikipedia.org/wiki/List_of_Kappa_Alpha_Psi_chapters#cite_note-111","[","]","Hopkinsville, KY","https://en.wikipedia.org/wiki/Hopkinsville,_KY"
"Augusta (GA) Alumni Chapter","1952","Active","Southeastern","","","","","Augusta, GA","https://en.wikipedia.org/wiki/Augusta,_GA"
"Port Arthur (TX) Alumni Chapter","1953","Active","Southwestern","108","https://en.wikipedia.org/wiki/List_of_Kappa_Alpha_Psi_chapters#cite_note-112","[","]","Port Arthur, TX","https://en.wikipedia.org/wiki/Port_Arthur,_TX"
"Pine Bluff (AR) Alumni Chapter","1953","Active","Southwestern","109","https://en.wikipedia.org/wiki/List_of_Kappa_Alpha_Psi_chapters#cite_note-113","[","]","Pine Bluff, AR","https://en.wikipedia.org/wiki/Pine_Bluff,_AR"
"Portland (OR) Alumni Chapter","1953","Active","Western","110","https://en.wikipedia.org/wiki/List_of_Kappa_Alpha_Psi_chapters#cite_note-114","[","]","Portland, OR","https://en.wikipedia.org/wiki/Portland,_OR"
"Cape Charles-Accomac (VA) Alumni Chapter","1953","Active","Eastern","106","https://en.wikipedia.org/wiki/List_of_Kappa_Alpha_Psi_chapters#cite_note-auto3-110","[","]","",""
"Waco (TX) Alumni Chapter","1953","Active","Southwestern","","","","","Waco, TX","https://en.wikipedia.org/wiki/Waco,_TX"
"Seattle (WA) Alumni Chapter","1954","Active","Western","111","https://en.wikipedia.org/wiki/List_of_Kappa_Alpha_Psi_chapters#cite_note-115","[","]","",""
"Greenville (MS) Alumni Chapter","1954","Active","Southwestern","","","","","Greenville, MS","https://en.wikipedia.org/wiki/Greenville,_MS"
"Denver (CO) Alumni Chapter","1954","Active","Middle Western","112","https://en.wikipedia.org/wiki/List_of_Kappa_Alpha_Psi_chapters#cite_note-116","[","]","",""
"Fort Lauderdale (FL) Alumni Chapter","1954","Active","Southern","113","https://en.wikipedia.org/wiki/List_of_Kappa_Alpha_Psi_chapters#cite_note-117","[","]","Fort Lauderdale, FL","https://en.wikipedia.org/wiki/Fort_Lauderdale,_FL"
"West Palm Beach (FL) Alumni Chapter","1954","Active","Southern","114","https://en.wikipedia.org/wiki/List_of_Kappa_Alpha_Psi_chapters#cite_note-118","[","]","West Palm Beach, FL","https://en.wikipedia.org/wiki/West_Palm_Beach,_FL"
"St. Paul-Minneapolis (MN) Alumni Chapter","1954","Active","North Central","115","https://en.wikipedia.org/wiki/List_of_Kappa_Alpha_Psi_chapters#cite_note-119","[","]","",""
"Akron (OH) Alumni Chapter","1955","Active","East Central","116","https://en.wikipedia.org/wiki/List_of_Kappa_Alpha_Psi_chapters#cite_note-120","[","]","Akron, OH","https://en.wikipedia.org/wiki/Akron,_OH"
"Asbury Park-Neptune (NJ) Alumni Chapter","1955","Active","Northeastern","","","","","Asbury Park, NJ","https://en.wikipedia.org/wiki/Asbury_Park,_NJ"
"East St. Louis (IL) Alumni Chapter","1955","Active","North Central","","","","","East St. Louis, IL","https://en.wikipedia.org/wiki/East_St._Louis,_IL"
"Allendale (SC) Alumni Chapter","1955","Active","Southeastern","","","","","Allendale, SC","https://en.wikipedia.org/wiki/Allendale,_SC"
"Lake Charles (LA) Alumni Chapter","1955","Active","Southwestern","","","","","Lake Charles, LA","https://en.wikipedia.org/wiki/Lake_Charles,_LA"
"Dover (DE) Alumni Chapter","1956","Active","Northeastern","117","https://en.wikipedia.org/wiki/List_of_Kappa_Alpha_Psi_chapters#cite_note-121","[","]","Dover, DE","https://en.wikipedia.org/wiki/Dover,_DE"
"Grambling (LA) Alumni Chapter","1956","Active","Southwestern","","","","","Grambling, LA","https://en.wikipedia.org/wiki/Grambling,_LA"
"Martinsville (VA) Alumni Chapter","1956","Active","Eastern","","","","","Martinsville, VA","https://en.wikipedia.org/wiki/Martinsville,_VA"
"Wewoka (OK) Alumni Chapter","1956","Active","Middle Western","","","","","Wewoka, OK","https://en.wikipedia.org/wiki/Wewoka,_OK"
"New Haven (CT) Alumni Chapter","1956","Inactive","Northeastern","","","","","New Haven, CT","https://en.wikipedia.org/wiki/New_Haven,_CT"
"Williamson (WV) Alumni Chapter","1956","Inactive","Middle Eastern","","","","","Williamson, WV","https://en.wikipedia.org/wiki/Williamson,_WV"
"Fayetteville (NC) Alumni Chapter","1956","Active","Middle Eastern","118","https://en.wikipedia.org/wiki/List_of_Kappa_Alpha_Psi_chapters#cite_note-122","[","]","Fort Liberty","https://en.wikipedia.org/wiki/Fort_Liberty"
"Amarillo (TX) Alumni Chapter","1957","Active","Southwestern","","","","","Amarillo, TX","https://en.wikipedia.org/wiki/Amarillo,_TX"
"Gainesville (FL) Alumni Chapter","1957","Active","Southern","119","https://en.wikipedia.org/wiki/List_of_Kappa_Alpha_Psi_chapters#cite_note-123","[","]","Gainesville, FL","https://en.wikipedia.org/wiki/Gainesville,_FL"
"Florence (SC) Alumni Chapter","1958","Active","Southeastern","120","https://en.wikipedia.org/wiki/List_of_Kappa_Alpha_Psi_chapters#cite_note-124","[","]","Florence, SC","https://en.wikipedia.org/wiki/Florence,_SC"
"South Bend (IN) Alumni Chapter","1958","Active","North Central","","","","","South Bend, IN","https://en.wikipedia.org/wiki/South_Bend,_IN"
"Ann Arbor-Ypsilanti-Inkster (MI) Alumni Chapter","1958","Active","Northern","121","https://en.wikipedia.org/wiki/List_of_Kappa_Alpha_Psi_chapters#cite_note-125","[","]","Ann Arbor","https://en.wikipedia.org/wiki/Ann_Arbor,_MI"
"Tuscaloosa (AL) Alumni Chapter","1958","Active","Southern","","","","","Tuscaloosa, AL","https://en.wikipedia.org/wiki/Tuscaloosa,_AL"
"Evanston (IL) Alumni Chapter","1959","Active","North Central","122","https://en.wikipedia.org/wiki/List_of_Kappa_Alpha_Psi_chapters#cite_note-126","[","]","Evanston, IL","https://en.wikipedia.org/wiki/Evanston,_IL"
"San Bernardino (CA) Alumni Chapter","1959","Active","Western","123","https://en.wikipedia.org/wiki/List_of_Kappa_Alpha_Psi_chapters#cite_note-127","[","]","San Bernardino, CA","https://en.wikipedia.org/wiki/San_Bernardino,_CA"
"Huntsville (AL) Alumni Chapter","1960","Active","Southern","124","https://en.wikipedia.org/wiki/List_of_Kappa_Alpha_Psi_chapters#cite_note-128","[","]","Huntsville, AL","https://en.wikipedia.org/wiki/Huntsville,_AL"
"Harrisburg (PA) Alumni Chapter","1960","Active","Northeastern","125","https://en.wikipedia.org/wiki/List_of_Kappa_Alpha_Psi_chapters#cite_note-129","[","]","Harrisburg, PA","https://en.wikipedia.org/wiki/Harrisburg,_PA"
"Hattiesburg (MS) Alumni Chapter","1960","Active","Southwestern","","","","","Hattiesburg, MS","https://en.wikipedia.org/wiki/Hattiesburg,_MS"
"Pasadena (CA) Alumni Chapter","1961","Active","Western","126","https://en.wikipedia.org/wiki/List_of_Kappa_Alpha_Psi_chapters#cite_note-130","[","]","Pasadena, CA","https://en.wikipedia.org/wiki/Pasadena,_CA"
"Alexandria (LA) Alumni Chapter","1961","Active","Southwestern","","","","","Alexandria, LA","https://en.wikipedia.org/wiki/Alexandria,_LA"
"Opelousas (LA) Alumni Chapter","1961","Active","Southwestern","127","https://en.wikipedia.org/wiki/List_of_Kappa_Alpha_Psi_chapters#cite_note-131","[","]","Opelousas, LA","https://en.wikipedia.org/wiki/Opelousas,_LA"
"Athens (GA) Alumni Chapter","1962","Active","Southeastern","","","","","Athens, GA","https://en.wikipedia.org/wiki/Athens,_GA"
"Meridian (MS) Alumni Chapter","1962","Active","Southwestern","","","","","Meridian, MS","https://en.wikipedia.org/wiki/Meridian,_MS"
"El Paso-Las Cruces (TX-NM) Alumni Chapter","1962","Active","Southwestern","128","https://en.wikipedia.org/wiki/List_of_Kappa_Alpha_Psi_chapters#cite_note-132","[","]","El Paso, TX-Las Cruces, NM","https://en.wikipedia.org/wiki/El_Paso%E2%80%93Las_Cruces,_Texas%E2%80%93New_Mexico_combined_statistical_area"
"St. Petersburg (FL) Alumni Chapter","1962","Active","Southern","129","https://en.wikipedia.org/wiki/List_of_Kappa_Alpha_Psi_chapters#cite_note-133","[","]","St. Petersburg, FL","https://en.wikipedia.org/wiki/St._Petersburg,_FL"
"Lakeland (FL) Alumni Chapter","1963","Active","Southern","","","","","Lakeland, FL","https://en.wikipedia.org/wiki/Lakeland,_FL"
"Lawton-Fort Sill (OK) Alumni Chapter","1963","Active","Middle Western","130","https://en.wikipedia.org/wiki/List_of_Kappa_Alpha_Psi_chapters#cite_note-134","[","]","Lawton","https://en.wikipedia.org/wiki/Lawton,_OK"
"Monroe (LA) Alumni Chapter","1963","Active","Southwestern","131","https://en.wikipedia.org/wiki/List_of_Kappa_Alpha_Psi_chapters#cite_note-auto6-135","[","]","Monroe, LA","https://en.wikipedia.org/wiki/Monroe,_LA"
"Natchez (MS) Alumni Chapter","1964","Active","Southwestern","","","","","Natchez, MS","https://en.wikipedia.org/wiki/Natchez,_MS"
"Germany Alumni Chapter","1964","Active","Northeastern","132","https://en.wikipedia.org/wiki/List_of_Kappa_Alpha_Psi_chapters#cite_note-136","[","]","",""
"Las Vegas (NV) Alumni Chapter","1964","Active","Western","133","https://en.wikipedia.org/wiki/List_of_Kappa_Alpha_Psi_chapters#cite_note-137","[","]","Las Vegas, NV","https://en.wikipedia.org/wiki/Las_Vegas,_NV"
"Pontiac (MI) Alumni Chapter","1965","Active","Northern","134","https://en.wikipedia.org/wiki/List_of_Kappa_Alpha_Psi_chapters#cite_note-138","[","]","Pontiac, MI","https://en.wikipedia.org/wiki/Pontiac,_MI"
"Kingstree (SC) Alumni Chapter","1965","Active","Southeastern","135","https://en.wikipedia.org/wiki/List_of_Kappa_Alpha_Psi_chapters#cite_note-139","[","]","Kingstree, SC","https://en.wikipedia.org/wiki/Kingstree,_SC"
"Rock Hill (SC) Alumni Chapter","1965","Active","Southeastern","136","https://en.wikipedia.org/wiki/List_of_Kappa_Alpha_Psi_chapters#cite_note-140","[","]","Rock Hill, SC","https://en.wikipedia.org/wiki/Rock_Hill,_SC"
"Chicago Heights (IL) Alumni Chapter","1965","Active","North Central","","","","","Chicago Heights, IL","https://en.wikipedia.org/wiki/Chicago_Heights,_IL"
"Annapolis (MD) Alumni Chapter","1965","Active","Eastern","137","https://en.wikipedia.org/wiki/List_of_Kappa_Alpha_Psi_chapters#cite_note-141","[","]","Annapolis, MD","https://en.wikipedia.org/wiki/Annapolis,_MD"
"Gretna Alumni (LA) Chapter","1966","Active","Southwestern","131","https://en.wikipedia.org/wiki/List_of_Kappa_Alpha_Psi_chapters#cite_note-auto6-135","[","]","Gretna, LA","https://en.wikipedia.org/wiki/Gretna,_LA"
"Smithfield (NC) Alumni Chapter","1966","Active","Middle Eastern","138","https://en.wikipedia.org/wiki/List_of_Kappa_Alpha_Psi_chapters#cite_note-142","[","]","Smithfield, NC","https://en.wikipedia.org/wiki/Smithfield,_NC"
"Galena Park Alumni (TX) Chapter","1966","Inactive","Southwestern","131","https://en.wikipedia.org/wiki/List_of_Kappa_Alpha_Psi_chapters#cite_note-auto6-135","[","]","Galena Park, TX","https://en.wikipedia.org/wiki/Galena_Park,_TX"
"Prairie View (TX) Alumni Chapter","1966","Active","Southwestern","139","https://en.wikipedia.org/wiki/List_of_Kappa_Alpha_Psi_chapters#cite_note-143","[","]","Prairie View, TX","https://en.wikipedia.org/wiki/Prairie_View,_TX"
"Riverside (CA) Alumni Chapter","1967","Active","Western","140","https://en.wikipedia.org/wiki/List_of_Kappa_Alpha_Psi_chapters#cite_note-144","[","]","Riverside, CA","https://en.wikipedia.org/wiki/Riverside,_CA"
"Tucson-Sierra Vista (AZ) Alumni Chapter","1967","Active","Western","141","https://en.wikipedia.org/wiki/List_of_Kappa_Alpha_Psi_chapters#cite_note-145","[","]","Tucson, AZ","https://en.wikipedia.org/wiki/Tucson,_AZ"
"Benton Harbor (MI) Alumni Chapter","1968","Active","Northern","","","","","Benton Harbor, MI","https://en.wikipedia.org/wiki/Benton_Harbor,_MI"
"Poughkeepsie (NY) Alumni Chapter","1968","Active","Northeastern","142","https://en.wikipedia.org/wiki/List_of_Kappa_Alpha_Psi_chapters#cite_note-146","[","]","Poughkeepsie, NY","https://en.wikipedia.org/wiki/Poughkeepsie,_NY"
"Atmore (AL) Alumni Chapter","1969","Active","Southern","","","","","Atmore, AL","https://en.wikipedia.org/wiki/Atmore,_AL"
"Burlington-Camden (NJ) Alumni Chapter","1969","Active","Northeastern","143","https://en.wikipedia.org/wiki/List_of_Kappa_Alpha_Psi_chapters#cite_note-147","[","]","",""
"Fredericksburg (VA) Alumni Chapter","1969","Active","Eastern","144","https://en.wikipedia.org/wiki/List_of_Kappa_Alpha_Psi_chapters#cite_note-148","[","]","Fredericksburg, VA","https://en.wikipedia.org/wiki/Fredericksburg,_VA"
"Elizabeth City (NC) Alumni Chapter","1970","Active","Middle Eastern","145","https://en.wikipedia.org/wiki/List_of_Kappa_Alpha_Psi_chapters#cite_note-149","[","]","Elizabeth City, NC","https://en.wikipedia.org/wiki/Elizabeth_City,_NC"
"Conway-Myrtle Beach (SC) Alumni Chapter","1970","Active","Southeastern","146","https://en.wikipedia.org/wiki/List_of_Kappa_Alpha_Psi_chapters#cite_note-auto5-150","[","]","Conway","https://en.wikipedia.org/wiki/Conway,_SC"
"Champaign-Urbana (IL) Alumni Chapter","1970","Active","North Central","","","","","Champaign-Urbana, IL","https://en.wikipedia.org/wiki/Champaign-Urbana,_IL"
"Evansville (IN) Alumni Chapter","1970","Active","North Central","","","","","Evansville, IN","https://en.wikipedia.org/wiki/Evansville,_IN"
"San Jose (CA) Alumni Chapter","1970","Active","Western","147","https://en.wikipedia.org/wiki/List_of_Kappa_Alpha_Psi_chapters#cite_note-151","[","]","San Jose, CA","https://en.wikipedia.org/wiki/San_Jose,_CA"
"Wichita Falls (TX) Alumni Chapter","1971","Active","Southwestern","","","","","Wichita Falls, TX","https://en.wikipedia.org/wiki/Wichita_Falls,_TX"
"Aberdeen (MD) Alumni Chapter","1971","Active","Eastern","148","https://en.wikipedia.org/wiki/List_of_Kappa_Alpha_Psi_chapters#cite_note-152","[","]","Bel Air, MD","https://en.wikipedia.org/wiki/Bel_Air,_MD"
"Lubbock (TX) Alumni Chapter","1971","Active","Southwestern","","","","","Lubbock, TX","https://en.wikipedia.org/wiki/Lubbock,_TX"
"Albany (NY) Alumni Chapter","1971","Active","Northeastern","96","https://en.wikipedia.org/wiki/List_of_Kappa_Alpha_Psi_chapters#cite_note-auto2-100","[","]","Albany, NY","https://en.wikipedia.org/wiki/Albany,_NY"
"Fort Wayne (IN) Alumni Chapter","1972","Active","North Central","","","","","Fort Wayne, IN","https://en.wikipedia.org/wiki/Fort_Wayne,_IN"
"Honolulu (HI) Alumni Chapter","1972","Active","Western","149","https://en.wikipedia.org/wiki/List_of_Kappa_Alpha_Psi_chapters#cite_note-153","[","]","Honolulu, HI","https://en.wikipedia.org/wiki/Honolulu,_HI"
"Grand Rapids (MI) Alumni Chapter","1972","Active","Northern","150","https://en.wikipedia.org/wiki/List_of_Kappa_Alpha_Psi_chapters#cite_note-154","[","]","Grand Rapids, MI","https://en.wikipedia.org/wiki/Grand_Rapids,_MI"
"Silver Spring (MD) Alumni Chapter","1972","Active","Eastern","151","https://en.wikipedia.org/wiki/List_of_Kappa_Alpha_Psi_chapters#cite_note-155","[","]","Silver Spring, MD","https://en.wikipedia.org/wiki/Silver_Spring,_MD"
"Saginaw (MI) Alumni Chapter","1972","Active","Northern","152","https://en.wikipedia.org/wiki/List_of_Kappa_Alpha_Psi_chapters#cite_note-156","[","]","Saginaw, MI","https://en.wikipedia.org/wiki/Saginaw,_MI"
"Texarkana (TX) Alumni Chapter","1972","Active","Southwestern","","","","","Texarkana, TX","https://en.wikipedia.org/wiki/Texarkana,_TX"
"New Rochelle-White Plains (NY) Alumni Chapter","1972","Active","Northeastern","153","https://en.wikipedia.org/wiki/List_of_Kappa_Alpha_Psi_chapters#cite_note-157","[","]","New Rochelle","https://en.wikipedia.org/wiki/New_Rochelle,_NY"
"Bahamas Alumni Chapter","1973","Active","Southern","146","https://en.wikipedia.org/wiki/List_of_Kappa_Alpha_Psi_chapters#cite_note-auto5-150","[","]","",""
"Rochester (NY) Alumni Chapter","1973","Active","Northern","154","https://en.wikipedia.org/wiki/List_of_Kappa_Alpha_Psi_chapters#cite_note-158","[","]","Rochester, NY","https://en.wikipedia.org/wiki/Rochester,_NY"
"Langston (OK) Alumni Chapter","1973","Active","Middle Western","","","","","Langston, OK","https://en.wikipedia.org/wiki/Langston,_OK"
"Syracuse (NY) Alumni Chapter","1973","Active","Northern","155","https://en.wikipedia.org/wiki/List_of_Kappa_Alpha_Psi_chapters#cite_note-159","[","]","Syracuse, NY","https://en.wikipedia.org/wiki/Syracuse,_NY"
"Clarksville (TN) Alumni Chapter","1973","Inactive","South Central","156","https://en.wikipedia.org/wiki/List_of_Kappa_Alpha_Psi_chapters#cite_note-160","[","]","Clarksville, TN","https://en.wikipedia.org/wiki/Clarksville,_TN"
"Peoria (IL) Alumni Chapter","1973","Active","North Central","157","https://en.wikipedia.org/wiki/List_of_Kappa_Alpha_Psi_chapters#cite_note-161","[","]","Peoria, IL","https://en.wikipedia.org/wiki/Peoria,_IL"
"Beaumont (TX) Alumni Chapter","1973","Active","Southwestern","","","","","Beaumont, TX","https://en.wikipedia.org/wiki/Beaumont,_TX"
"Portsmouth-Suffolk (VA) Alumni Chapter","1973","Active","Eastern","158","https://en.wikipedia.org/wiki/List_of_Kappa_Alpha_Psi_chapters#cite_note-162","[","]","Portsmouth","https://en.wikipedia.org/wiki/Portsmouth,_VA"
"Sacramento (CA) Alumni Chapter","1974","Active","Western","159","https://en.wikipedia.org/wiki/List_of_Kappa_Alpha_Psi_chapters#cite_note-163","[","]","Sacramento, CA","https://en.wikipedia.org/wiki/Sacramento,_CA"
"Colorado Springs (CO) Alumni Chapter","1974","Active","Middle Western","160","https://en.wikipedia.org/wiki/List_of_Kappa_Alpha_Psi_chapters#cite_note-164","[","]","Colorado Springs, CO","https://en.wikipedia.org/wiki/Colorado_Springs,_CO"
"Stockton (CA) Alumni Chapter","1974","Active","Western","","","","","Stockton, CA","https://en.wikipedia.org/wiki/Stockton,_CA"
"Columbia (MD) Alumni Chapter","1974","Active","Eastern","161","https://en.wikipedia.org/wiki/List_of_Kappa_Alpha_Psi_chapters#cite_note-165","[","]","Columbia, MD","https://en.wikipedia.org/wiki/Columbia,_MD"
"Anderson (IN) Alumni Chapter","1974","Inactive","North Central","","","","","Anderson, IN","https://en.wikipedia.org/wiki/Anderson,_IN"
"Blytheville (AR) Alumni Chapter","1974","Active","Southwestern","","","","","Blytheville, AR","https://en.wikipedia.org/wiki/Blytheville,_AR"
"Moss Point (MS) Alumni Chapter","1975","Active","Southwestern","","","","","Moss Point, MS","https://en.wikipedia.org/wiki/Moss_Point,_MS"
"Beaufort (SC) Alumni Chapter","1975","Inactive","Southeastern","","","","","Beaufort, SC","https://en.wikipedia.org/wiki/Beaufort,_SC"
"Waukegan (IL) Alumni Chapter","1975","Active","North Central","162","https://en.wikipedia.org/wiki/List_of_Kappa_Alpha_Psi_chapters#cite_note-166","[","]","Waukegan, IL","https://en.wikipedia.org/wiki/Waukegan,_IL"
"Rock Island (IL) Alumni Chapter","1975","Inactive","North Central","","","","","Rock Island, IL","https://en.wikipedia.org/wiki/Rock_Island,_IL"
"Charlottesville (VA) Alumni Chapter","1975","Active","Eastern","163","https://en.wikipedia.org/wiki/List_of_Kappa_Alpha_Psi_chapters#cite_note-167","[","]","Charlottesville, VA","https://en.wikipedia.org/wiki/Charlottesville,_VA"
"Vallejo-Fairfield (CA) Alumni Chapter","1975","Active","Western","164","https://en.wikipedia.org/wiki/List_of_Kappa_Alpha_Psi_chapters#cite_note-168","[","]","",""
"Gulfport (MS) Alumni Chapter","1975","Active","Southwestern","165","https://en.wikipedia.org/wiki/List_of_Kappa_Alpha_Psi_chapters#cite_note-169","[","]","Gulfport, MS","https://en.wikipedia.org/wiki/Gulfport,_MS"
"Aiken (SC) Alumni Chapter","1975","Active","Southeastern","","","","","Aiken, SC","https://en.wikipedia.org/wiki/Aiken,_SC"
"Frankfort (KY) Alumni Chapter","1975","Active","South Central","166","https://en.wikipedia.org/wiki/List_of_Kappa_Alpha_Psi_chapters#cite_note-170","[","]","Frankfort, KY","https://en.wikipedia.org/wiki/Frankfort,_KY"
"Sparta (GA) Alumni Chapter","1975","Inactive","Southeastern","","","","","Sparta, GA","https://en.wikipedia.org/wiki/Sparta,_GA"
"Farmville (VA) Alumni Chapter","1975","Inactive","Eastern","","","","","Farmville, VA","https://en.wikipedia.org/wiki/Farmville,_VA"
"Lynchburg (VA) Alumni Chapter","1975","Active","Eastern","","","","","Lynchburg, VA","https://en.wikipedia.org/wiki/Lynchburg,_VA"
"Maywood-Wheaton (IL) Alumni Chapter","1976","Active","North Central","167","https://en.wikipedia.org/wiki/List_of_Kappa_Alpha_Psi_chapters#cite_note-171","[","]","Maywood","https://en.wikipedia.org/wiki/Maywood,_IL"
"Norman (OK) Alumni Chapter","1976","Active","Middle Western","","","","","Norman, OK","https://en.wikipedia.org/wiki/Norman,_OK"
"Stamford (CT) Alumni Chapter","1976","Active","Northeastern","168","https://en.wikipedia.org/wiki/List_of_Kappa_Alpha_Psi_chapters#cite_note-172","[","]","Stamford, CT","https://en.wikipedia.org/wiki/Stamford,_CT"
"Alexandria-Fairfax (VA) Alumni Chapter","1976","Active","Eastern","169","https://en.wikipedia.org/wiki/List_of_Kappa_Alpha_Psi_chapters#cite_note-173","[","]","",""
"Anniston-Piedmont (AL) Alumni Chapter","1976","Active","Southern","","","","","Anniston","https://en.wikipedia.org/wiki/Anniston,_AL"
"Bowling Green (KY) Alumni Chapter","1976","Active","South Central","","","","","Bowling Green, KY","https://en.wikipedia.org/wiki/Bowling_Green,_KY"
"Binghamton (NY) Alumni Chapter","1976","Inactive","Northeastern","170","https://en.wikipedia.org/wiki/List_of_Kappa_Alpha_Psi_chapters#cite_note-174","[","]","Binghamton, NY","https://en.wikipedia.org/wiki/Binghamton,_NY"
"Bakersfield (CA) Alumni Chapter","1977","Active","Western","","","","","Bakersfield, CA","https://en.wikipedia.org/wiki/Bakersfield,_CA"
"Pompano Beach (FL) Alumni Chapter","1977","Active","Southern","171","https://en.wikipedia.org/wiki/List_of_Kappa_Alpha_Psi_chapters#cite_note-175","[","]","Pompano Beach, FL","https://en.wikipedia.org/wiki/Pompano_Beach,_FL"
"Salisbury (MD) Alumni Chapter","1977","Active","Eastern","172","https://en.wikipedia.org/wiki/List_of_Kappa_Alpha_Psi_chapters#cite_note-176","[","]","Salisbury, MD","https://en.wikipedia.org/wiki/Salisbury,_MD"
"Killeen (TX) Alumni Chapter","1977","Active","Southwestern","173","https://en.wikipedia.org/wiki/List_of_Kappa_Alpha_Psi_chapters#cite_note-177","[","]","Fort Cavazos","https://en.wikipedia.org/wiki/Fort_Cavazos"
"Dothan (AL) Alumni Chapter","1977","Active","Southern","174","https://en.wikipedia.org/wiki/List_of_Kappa_Alpha_Psi_chapters#cite_note-178","[","]","Dothan, AL","https://en.wikipedia.org/wiki/Dothan,_AL"
"Long Beach-Inglewood-South Bay (CA) Alumni Chapter","1977","Active","Western","175","https://en.wikipedia.org/wiki/List_of_Kappa_Alpha_Psi_chapters#cite_note-179","[","]","",""
"Ventura (CA) Alumni Chapter","1977","Active","Western","176","https://en.wikipedia.org/wiki/List_of_Kappa_Alpha_Psi_chapters#cite_note-180","[","]","Ventura, CA","https://en.wikipedia.org/wiki/Ventura,_CA"
"Bloomington (IN) Alumni Chapter","1977","Inactive","North Central","","","","","Bloomington, IN","https://en.wikipedia.org/wiki/Bloomington,_IN"
"Monterey (CA) Alumni Chapter","1977","Active","Western","","","","","Monterey, CA","https://en.wikipedia.org/wiki/Monterey,_CA"
"Kinston (NC) Alumni Chapter","1977","Inactive","Middle Eastern","","","","","Kinston, NC","https://en.wikipedia.org/wiki/Kinston,_NC"
"New Brunswick (NJ) Alumni Chapter","1978","Active","Northeastern","177","https://en.wikipedia.org/wiki/List_of_Kappa_Alpha_Psi_chapters#cite_note-181","[","]","New Brunswick, NJ","https://en.wikipedia.org/wiki/New_Brunswick,_NJ"
"Walterboro (SC) Alumni Chapter","1978","Active","Southeastern","","","","","Walterboro, SC","https://en.wikipedia.org/wiki/Walterboro,_SC"
"LaGrange (GA) Alumni Chapter","1978","Active","Southeastern","178","https://en.wikipedia.org/wiki/List_of_Kappa_Alpha_Psi_chapters#cite_note-182","[","]","LaGrange, GA","https://en.wikipedia.org/wiki/LaGrange,_GA"
"Palo Alto (CA) Alumni Chapter","1978","Active","Western","179","https://en.wikipedia.org/wiki/List_of_Kappa_Alpha_Psi_chapters#cite_note-183","[","]","Palo Alto, CA","https://en.wikipedia.org/wiki/Palo_Alto,_CA"
"Cocoa-Merritt Island (FL) Alumni Chapter","1978","Active","Southern","","","","","Cocoa-Merritt Island, FL","https://en.wikipedia.org/wiki/Brevard_County,_FL"
"Fort Myers (FL) Alumni Chapter","1978","Active","Southern","180","https://en.wikipedia.org/wiki/List_of_Kappa_Alpha_Psi_chapters#cite_note-184","[","]","Fort Myers, FL","https://en.wikipedia.org/wiki/Fort_Myers,_FL"
"Florence (AL) Alumni Chapter","1979","Active","Southern","","","","","Florence, AL","https://en.wikipedia.org/wiki/Florence,_AL"
"Hyattsville-Landover (MD) Alumni Chapter","1979","Active","Eastern","181","https://en.wikipedia.org/wiki/List_of_Kappa_Alpha_Psi_chapters#cite_note-185","[","]","Hyattsville","https://en.wikipedia.org/wiki/Hyattsville,_MD"
"Selma (AL) Alumni Chapter","1979","Active","Southern","182","https://en.wikipedia.org/wiki/List_of_Kappa_Alpha_Psi_chapters#cite_note-186","[","]","Selma, AL","https://en.wikipedia.org/wiki/Selma,_AL"
"Carbondale (IL) Alumni Chapter","1979","Inactive","North Central","","","","","Carbondale, IL","https://en.wikipedia.org/wiki/Carbondale,_IL"
"Bowling Green (OH) Alumni Chapter","1980","Inactive","Northern","146","https://en.wikipedia.org/wiki/List_of_Kappa_Alpha_Psi_chapters#cite_note-auto5-150","[","]","Bowling Green, OH","https://en.wikipedia.org/wiki/Bowling_Green,_OH"
"Madison (WI) Alumni Chapter","1980","Active","North Central","183","https://en.wikipedia.org/wiki/List_of_Kappa_Alpha_Psi_chapters#cite_note-187","[","]","Madison, WI","https://en.wikipedia.org/wiki/Madison,_WI"
"Terre Haute (IN) Alumni Chapter","1980","Inactive","North Central","146","https://en.wikipedia.org/wiki/List_of_Kappa_Alpha_Psi_chapters#cite_note-auto5-150","[","]","Terre Haute, IN","https://en.wikipedia.org/wiki/Terre_Haute,_IN"
"Sumter (SC) Alumni Chapter","1980","Inactive","Southeastern","146","https://en.wikipedia.org/wiki/List_of_Kappa_Alpha_Psi_chapters#cite_note-auto5-150","[","]","Sumter, SC","https://en.wikipedia.org/wiki/Sumter,_SC"
"Prichard (AL) Alumni Chapter","1980","Active","Southern","146","https://en.wikipedia.org/wiki/List_of_Kappa_Alpha_Psi_chapters#cite_note-auto5-150","[","]","Prichard, AL","https://en.wikipedia.org/wiki/Prichard,_AL"
"Muncie (IN) Alumni Chapter","1980","Inactive","North Central","146","https://en.wikipedia.org/wiki/List_of_Kappa_Alpha_Psi_chapters#cite_note-auto5-150","[","]","Muncie, IN","https://en.wikipedia.org/wiki/Muncie,_IN"
"Fort Gregg-Adams (VA) Alumni Chapter","1980","Active","Eastern","184","https://en.wikipedia.org/wiki/List_of_Kappa_Alpha_Psi_chapters#cite_note-188","[","]","Gregg-Adams, VA","https://en.wikipedia.org/wiki/Fort_Gregg-Adams"
"Sarasota (FL) Alumni Chapter","1981","Active","Southern","185","https://en.wikipedia.org/wiki/List_of_Kappa_Alpha_Psi_chapters#cite_note-189","[","]","Sarasota, FL","https://en.wikipedia.org/wiki/Sarasota,_FL"
"Corpus Christi (TX) Alumni Chapter","1981","Active","Southwestern","","","","","Corpus Christi, TX","https://en.wikipedia.org/wiki/Corpus_Christi,_TX"
"College Park (GA) Alumni Chapter","1981","Active","Southeastern","186","https://en.wikipedia.org/wiki/List_of_Kappa_Alpha_Psi_chapters#cite_note-190","[","]","College Park, GA","https://en.wikipedia.org/wiki/College_Park,_GA"
"Decatur (GA) Alumni Chapter","1981","Active","Southeastern","187","https://en.wikipedia.org/wiki/List_of_Kappa_Alpha_Psi_chapters#cite_note-191","[","]","Decatur, GA","https://en.wikipedia.org/wiki/Decatur,_GA"
"Lansing (MI) Alumni Chapter","1981","Active","Northern","188","https://en.wikipedia.org/wiki/List_of_Kappa_Alpha_Psi_chapters#cite_note-192","[","]","Lansing, MI","https://en.wikipedia.org/wiki/Lansing,_MI"
"Asheville (NC) Alumni Chapter","1981","Active","Middle Eastern","189","https://en.wikipedia.org/wiki/List_of_Kappa_Alpha_Psi_chapters#cite_note-193","[","]","Asheville, NC","https://en.wikipedia.org/wiki/Asheville,_NC"
"Fort Knox (KY) Alumni Chapter","1981","Active","South Central","190","https://en.wikipedia.org/wiki/List_of_Kappa_Alpha_Psi_chapters#cite_note-194","[","]","Fort Knox, KY","https://en.wikipedia.org/wiki/Fort_Knox,_KY"
"Korea Alumni Chapter","1981","Active","Western","191","https://en.wikipedia.org/wiki/List_of_Kappa_Alpha_Psi_chapters#cite_note-195","[","]","Seoul, South Korea","https://en.wikipedia.org/wiki/Seoul,_South_Korea"
"Northport (AL) Alumni Chapter","1981","Active","Southern","192","https://en.wikipedia.org/wiki/List_of_Kappa_Alpha_Psi_chapters#cite_note-196","[","]","Northport, AL","https://en.wikipedia.org/wiki/Northport,_AL"
"Joliet (IL) Alumni Chapter","1981","Active","North Central","","","","","Joliet, IL","https://en.wikipedia.org/wiki/Joliet,_IL"
"Willingboro-Fort Dix-McGuire Air Force Base (NJ) Alumni Chapter","1981","Active","Northeastern","194","https://en.wikipedia.org/wiki/List_of_Kappa_Alpha_Psi_chapters#cite_note-198","[","]","",""
"Daphne (AL) Alumni Chapter","1981","Active","Southern","","","","","Daphne, AL","https://en.wikipedia.org/wiki/Daphne,_AL"
"Anchorage (AK) Alumni Chapter","1981","Active","Western","195","https://en.wikipedia.org/wiki/List_of_Kappa_Alpha_Psi_chapters#cite_note-199","[","]","Anchorage, AK","https://en.wikipedia.org/wiki/Anchorage,_AK"
"Iowa City-Cedar Rapids (IA) Alumni Chapter","1981","Active","North Central","","","","","Iowa City","https://en.wikipedia.org/wiki/Iowa_City,_IA"
"Columbia (MO) Alumni Chapter","1981","Active","Middle Western","","","","","Columbia, MO","https://en.wikipedia.org/wiki/Columbia,_MO"
"Camden-Magnolia-El Dorado (AR) Alumni Chapter","1981","Active","Southwestern","131","https://en.wikipedia.org/wiki/List_of_Kappa_Alpha_Psi_chapters#cite_note-auto6-135","[","]","",""
"Goldsboro (NC) Alumni Chapter","1981","Active","Middle Eastern","196","https://en.wikipedia.org/wiki/List_of_Kappa_Alpha_Psi_chapters#cite_note-200","[","]","Goldsboro, NC","https://en.wikipedia.org/wiki/Goldsboro,_NC"
"Talladega-Sylacauga (AL) Alumni Chapter","1982","Active","Southern","","","","","Talladega","https://en.wikipedia.org/wiki/Talladega,_AL"
"Williamsburg (VA) Alumni Chapter","1982","Inactive","Eastern","","","","","Williamsburg, VA","https://en.wikipedia.org/wiki/Williamsburg,_VA"
"Belle Glade-Pahokee (FL) Alumni Chapter","1982","Active","Southern","197","https://en.wikipedia.org/wiki/List_of_Kappa_Alpha_Psi_chapters#cite_note-auto4-201","[","]","Belle Glade","https://en.wikipedia.org/wiki/Belle_Glade,_FL"
"Frederick (MD) Alumni Chapter","1982","Active","Eastern","","","","","Frederick, MD","https://en.wikipedia.org/wiki/Frederick,_MD"
"Fort Pierce (FL) Alumni Chapter","1982","Active","Southern","197","https://en.wikipedia.org/wiki/List_of_Kappa_Alpha_Psi_chapters#cite_note-auto4-201","[","]","Fort Pierce, FL","https://en.wikipedia.org/wiki/Fort_Pierce,_FL"
"Montclair (NJ) Alumni Chapter","1982","Active","Northeastern","198","https://en.wikipedia.org/wiki/List_of_Kappa_Alpha_Psi_chapters#cite_note-202","[","]","Montclair, NJ","https://en.wikipedia.org/wiki/Montclair,_NJ"
"Moncks Corner (SC) Alumni Chapter","1982","Active","Southeastern","","","","","Moncks Corner, SC","https://en.wikipedia.org/wiki/Moncks_Corner,_SC"
"Delray Beach (FL) Alumni Chapter","1983","Active","Southern","199","https://en.wikipedia.org/wiki/List_of_Kappa_Alpha_Psi_chapters#cite_note-203","[","]","Delray Beach, FL","https://en.wikipedia.org/wiki/Delray_Beach,_FL"
"Paducah (KY) Alumni Chapter","1983","Active","South Central","200","https://en.wikipedia.org/wiki/List_of_Kappa_Alpha_Psi_chapters#cite_note-204","[","]","Paducah, KY","https://en.wikipedia.org/wiki/Paducah,_KY"
"Columbus (MS) Alumni Chapter","1983","Active","Southwestern","201","https://en.wikipedia.org/wiki/List_of_Kappa_Alpha_Psi_chapters#cite_note-205","[","]","Columbus, MS","https://en.wikipedia.org/wiki/Columbus,_MS"
"Denmark (SC) Alumni Chapter","1983","Active","Southeastern","","","","","Denmark, SC","https://en.wikipedia.org/wiki/Denmark,_SC"
"Kalamazoo (MI) Alumni Chapter","1983","Active","Northern","202","https://en.wikipedia.org/wiki/List_of_Kappa_Alpha_Psi_chapters#cite_note-206","[","]","Kalamazoo, MI","https://en.wikipedia.org/wiki/Kalamazoo,_MI"
"Valdosta (GA) Alumni Chapter","1983","Active","Southeastern","203","https://en.wikipedia.org/wiki/List_of_Kappa_Alpha_Psi_chapters#cite_note-207","[","]","Valdosta, GA","https://en.wikipedia.org/wiki/Valdosta,_GA"
"Fort Benning (GA) Alumni Chapter","1984","Inactive","Southeastern","197","https://en.wikipedia.org/wiki/List_of_Kappa_Alpha_Psi_chapters#cite_note-auto4-201","[","]","Fort Moore, GA","https://en.wikipedia.org/wiki/Fort_Moore"
"Kenner (LA) Alumni Chapter","1984","Active","Southwestern","131","https://en.wikipedia.org/wiki/List_of_Kappa_Alpha_Psi_chapters#cite_note-auto6-135","[","]","Kenner, LA","https://en.wikipedia.org/wiki/Kenner,_LA"
"Chesapeake-Virginia Beach (VA) Alumni Chapter","1984","Active","Eastern","204","https://en.wikipedia.org/wiki/List_of_Kappa_Alpha_Psi_chapters#cite_note-208","[","]","Chesapeake","https://en.wikipedia.org/wiki/Chesapeake,_VA"
"Erie (PA) Alumni Chapter","1984","Active","East Central","","","","","Erie, PA","https://en.wikipedia.org/wiki/Erie,_PA"
"Richfield-Bloomington (MN) Alumni Chapter","1984","Active","North Central","205","https://en.wikipedia.org/wiki/List_of_Kappa_Alpha_Psi_chapters#cite_note-209","[","]","Richfield","https://en.wikipedia.org/wiki/Richfield,_MN"
"Upper Marlboro-Waldorf (MD) Alumni Chapter","1984","Active","Eastern","206","https://en.wikipedia.org/wiki/List_of_Kappa_Alpha_Psi_chapters#cite_note-210","[","]","Upper Marlboro","https://en.wikipedia.org/wiki/Upper_Marlboro,_MD"
"Lumberton (NC) Alumni Chapter","1984","Active","Middle Eastern","207","https://en.wikipedia.org/wiki/List_of_Kappa_Alpha_Psi_chapters#cite_note-211","[","]","Lumberton, NC","https://en.wikipedia.org/wiki/Lumberton,_NC"
"Bermuda Alumni Chapter","1985","Active","Eastern","208","https://en.wikipedia.org/wiki/List_of_Kappa_Alpha_Psi_chapters#cite_note-auto-212","[","]","",""
"Bloomington-Normal (IL) Alumni Chapter","1985","Active","North Central","209","https://en.wikipedia.org/wiki/List_of_Kappa_Alpha_Psi_chapters#cite_note-213","[","]","",""
"Hinesville (GA) Alumni Chapter","1985","Inactive","Southeastern","","","","","Hinesville, GA","https://en.wikipedia.org/wiki/Hinesville,_GA"
"Albuquerque (NM) Alumni Chapter","1985","Active","Southwestern","208","https://en.wikipedia.org/wiki/List_of_Kappa_Alpha_Psi_chapters#cite_note-auto-212","[","]","Albuquerque, NM","https://en.wikipedia.org/wiki/Albuquerque,_NM"
"Tacoma (WA) Alumni Chapter","1985","Active","Western","210","https://en.wikipedia.org/wiki/List_of_Kappa_Alpha_Psi_chapters#cite_note-214","[","]","Tacoma, WA","https://en.wikipedia.org/wiki/Tacoma,_WA"
"Ahoskie (NC) Alumni Chapter","1985","Active","Middle Eastern","211","https://en.wikipedia.org/wiki/List_of_Kappa_Alpha_Psi_chapters#cite_note-215","[","]","Ahoskie, NC","https://en.wikipedia.org/wiki/Ahoskie,_NC"
"Norristown (PA) Alumni Chapter","1986","Active","Northeastern","212","https://en.wikipedia.org/wiki/List_of_Kappa_Alpha_Psi_chapters#cite_note-216","[","]","Norristown, PA","https://en.wikipedia.org/wiki/Norristown,_PA"
"Tallulah (LA) Alumni Chapter","1986","Inactive","Southwestern","213","https://en.wikipedia.org/wiki/List_of_Kappa_Alpha_Psi_chapters#cite_note-auto1-217","[","]","Tallulah, LA","https://en.wikipedia.org/wiki/Tallulah,_LA"
"Greenville (NC) Alumni Chapter","1986","Active","Middle Eastern","","","","","Greenville, NC","https://en.wikipedia.org/wiki/Greenville,_NC"
"Fort Polk (LA) Alumni Chapter","1986","Inactive","Southwestern","213","https://en.wikipedia.org/wiki/List_of_Kappa_Alpha_Psi_chapters#cite_note-auto1-217","[","]","",""
"Southfield (MI) Alumni Chapter","1986","Active","Northern","214","https://en.wikipedia.org/wiki/List_of_Kappa_Alpha_Psi_chapters#cite_note-218","[","]","Southfield, MI","https://en.wikipedia.org/wiki/Southfield,_MI"
"San Fernando Valley (CA) Alumni Chapter","1986","Inactive","Western","146","https://en.wikipedia.org/wiki/List_of_Kappa_Alpha_Psi_chapters#cite_note-auto5-150","[","]","San Fernando Valley, CA","https://en.wikipedia.org/wiki/San_Fernando_Valley,_CA"
"Lafayette (LA) Alumni Chapter","1986","Active","Southwestern","215","https://en.wikipedia.org/wiki/List_of_Kappa_Alpha_Psi_chapters#cite_note-219","[","]","Lafayette, LA","https://en.wikipedia.org/wiki/Lafayette,_LA"
"Arlington-Grand Prairie (TX) Alumni Chapter","1986","Active","Southwestern","216","https://en.wikipedia.org/wiki/List_of_Kappa_Alpha_Psi_chapters#cite_note-220","[","]","Arlington","https://en.wikipedia.org/wiki/Arlington,_TX"
"Centerville (OH) Alumni Chapter","1986","Inactive","East Central","146","https://en.wikipedia.org/wiki/List_of_Kappa_Alpha_Psi_chapters#cite_note-auto5-150","[","]","Centerville, OH","https://en.wikipedia.org/wiki/Centerville,_OH"
"Murfreesboro (TN) Alumni Chapter","1986","Active","South Central","217","https://en.wikipedia.org/wiki/List_of_Kappa_Alpha_Psi_chapters#cite_note-221","[","]","Murfreesboro, TN","https://en.wikipedia.org/wiki/Murfreesboro,_TN"
"Bellevue (WA) Alumni Chapter","1987","Active","Western","","","","","Bellevue, WA","https://en.wikipedia.org/wiki/Bellevue,_WA"
"Englewood-Teaneck (NJ) Alumni Chapter","1987","Active","Northeastern","218","https://en.wikipedia.org/wiki/List_of_Kappa_Alpha_Psi_chapters#cite_note-222","[","]","Englewood","https://en.wikipedia.org/wiki/Englewood,_NJ"
"Vicksburg (MS) Alumni Chapter","1987","Active","Southwestern","219","https://en.wikipedia.org/wiki/List_of_Kappa_Alpha_Psi_chapters#cite_note-223","[","]","Vicksburg, MS","https://en.wikipedia.org/wiki/Vicksburg,_MS"
"Holly Springs (MS) Alumni Chapter","1987","Inactive","South Central","","","","","Holly Springs, MS","https://en.wikipedia.org/wiki/Holly_Springs,_MS"
"Canton (OH) Alumni Chapter","1987","Active","East Central","","","","","Canton, OH","https://en.wikipedia.org/wiki/Canton,_OH"
"Auburn-Opelika (AL) Alumni Chapter","1987","Active","Southern","","","","","Auburn","https://en.wikipedia.org/wiki/Auburn,_AL"
"Kennewick-Richland-Pasco (WA) Alumni Chapter","1988","Active","Western","","","","","",""
"Gastonia-Shelby (NC) Alumni Chapter","1988","Active","Middle Eastern","220","https://en.wikipedia.org/wiki/List_of_Kappa_Alpha_Psi_chapters#cite_note-224","[","]","Gastonia","https://en.wikipedia.org/wiki/Gastonia,_NC"
"Plainfield (NJ) Alumni Chapter","1988","Active","Northeastern","221","https://en.wikipedia.org/wiki/List_of_Kappa_Alpha_Psi_chapters#cite_note-225","[","]","Plainfield, NJ","https://en.wikipedia.org/wiki/Plainfield,_NJ"
"Fort Walton Beach (FL) Alumni Chapter","1988","Active","Southern","","","","","Fort Walton Beach, FL","https://en.wikipedia.org/wiki/Fort_Walton_Beach,_FL"
"Chester (PA) Alumni Chapter","1988","Active","Northeastern","222","https://en.wikipedia.org/wiki/List_of_Kappa_Alpha_Psi_chapters#cite_note-226","[","]","Chester, PA","https://en.wikipedia.org/wiki/Chester,_PA"
"Missouri City-Sugarland (TX) Alumni Chapter","1988","Active","Southwestern","223","https://en.wikipedia.org/wiki/List_of_Kappa_Alpha_Psi_chapters#cite_note-227","[","]","Missouri City","https://en.wikipedia.org/wiki/Missouri_City,_TX"
"Panama Alumni Chapter","1988","Inactive","Southern","","","","","Panama City, Panama","https://en.wikipedia.org/wiki/Panama_City,_Panama"
"Providence (RI) Alumni Chapter","1988","Active","Northeastern","","","","","Providence, RI","https://en.wikipedia.org/wiki/Providence,_RI"
"Stone Mountain-Lithonia (GA) Alumni Chapter","1988","Active","Southeastern","224","https://en.wikipedia.org/wiki/List_of_Kappa_Alpha_Psi_chapters#cite_note-228","[","]","Stone Mountain","https://en.wikipedia.org/wiki/Stone_Mountain,_GA"
"Thomasville (GA) Alumni Chapter","1988","Active","Southeastern","","","","","Thomasville, GA","https://en.wikipedia.org/wiki/Thomasville,_GA"
"Gaithersburg-Rockville (MD) Alumni Chapter","1989","Active","Eastern","225","https://en.wikipedia.org/wiki/List_of_Kappa_Alpha_Psi_chapters#cite_note-229","[","]","Gaithersburg","https://en.wikipedia.org/wiki/Gaithersburg,_MD"
"Japan Alumni Chapter","1989","Active","Western","","","","","Okinawa, Japan","https://en.wikipedia.org/wiki/Okinawa,_Japan"
"Lincoln (NE) Alumni Chapter","1989","Active","Middle Western","226","https://en.wikipedia.org/wiki/List_of_Kappa_Alpha_Psi_chapters#cite_note-230","[","]","Lincoln, NE","https://en.wikipedia.org/wiki/Lincoln,_NE"
"Springfield (MA) Alumni Chapter","1989","Active","Northeastern","","","","","Springfield, MA","https://en.wikipedia.org/wiki/Springfield,_MA"
"Fort Drum (NY) Alumni Chapter","1989","Inactive","Northern","","","","","Fort Drum, NY","https://en.wikipedia.org/wiki/Fort_Drum,_NY"
"Alpharetta-Smyrna (GA) Alumni Chapter","1989","Active","Southeastern","227","https://en.wikipedia.org/wiki/List_of_Kappa_Alpha_Psi_chapters#cite_note-231","[","]","Alpharetta","https://en.wikipedia.org/wiki/Alpharetta,_GA"
"Grand Bahama Alumni Chapter","1989","Inactive","Southern","","","","","",""
"Cary (NC) Alumni Chapter","1989","Active","Middle Eastern","228","https://en.wikipedia.org/wiki/List_of_Kappa_Alpha_Psi_chapters#cite_note-232","[","]","Cary, NC","https://en.wikipedia.org/wiki/Cary,_NC"
"Queens (NY) Alumni Chapter","1990","Active","Northeastern","229","https://en.wikipedia.org/wiki/List_of_Kappa_Alpha_Psi_chapters#cite_note-233","[","]","Queens, NY","https://en.wikipedia.org/wiki/Queens,_NY"
"Germantown (TN) Alumni Chapter","1990","Active","South Central","230","https://en.wikipedia.org/wiki/List_of_Kappa_Alpha_Psi_chapters#cite_note-234","[","]","Germantown, TN","https://en.wikipedia.org/wiki/Germantown,_TN"
"United Kingdom Alumni Chapter","1990","Active","Northeastern","","","","","",""
"Natchitoches (LA) Alumni Chapter","1991","Active","Southwestern","","","","","Natchitoches, LA","https://en.wikipedia.org/wiki/Natchitoches,_LA"
"Greenwood (SC) Alumni Chapter","1991","Active","Southeastern","","","","","Greenwood, SC","https://en.wikipedia.org/wiki/Greenwood,_SC"
"Victorville (CA) Alumni Chapter","1991","Inactive","Western","","","","","Victorville, CA","https://en.wikipedia.org/wiki/Victorville,_CA"
"Winter Park (FL) Alumni Chapter","1992","Active","Southern","231","https://en.wikipedia.org/wiki/List_of_Kappa_Alpha_Psi_chapters#cite_note-235","[","]","Winter Park, FL","https://en.wikipedia.org/wiki/Winter_Park,_FL"
"Brunswick (GA) Alumni Chapter","1993","Active","Southeastern","","","","","Brunswick, GA","https://en.wikipedia.org/wiki/Brunswick,_GA"
"Evergreen Park (IL) Alumni Chapter","1993","Active","North Central","232","https://en.wikipedia.org/wiki/List_of_Kappa_Alpha_Psi_chapters#cite_note-236","[","]","Evergreen Park, IL","https://en.wikipedia.org/wiki/Evergreen_Park,_IL"
"Richardson-Plano (TX) Alumni Chapter","1994","Active","Southwestern","233","https://en.wikipedia.org/wiki/List_of_Kappa_Alpha_Psi_chapters#cite_note-237","[","]","Richardson","https://en.wikipedia.org/wiki/Richardson,_TX"
"Anderson (SC) Alumni Chapter","1994","Active","Southeastern","","","","","Anderson, SC","https://en.wikipedia.org/wiki/Anderson,_SC"
"Longview-Kilgore (TX) Alumni Chapter","1994","Inactive","Southwestern","","","","","Longview","https://en.wikipedia.org/wiki/Longview,_TX"
"Hendersonville (TN) Alumni Chapter","1995","Active","South Central","234","https://en.wikipedia.org/wiki/List_of_Kappa_Alpha_Psi_chapters#cite_note-238","[","]","Hendersonville, TN","https://en.wikipedia.org/wiki/Hendersonville,_TN"
"Bossier City (LA) Alumni Chapter","1995","Active","Southwestern","235","https://en.wikipedia.org/wiki/List_of_Kappa_Alpha_Psi_chapters#cite_note-239","[","]","Bossier City, LA","https://en.wikipedia.org/wiki/Bossier_City,_LA"
"Franklin-Southampton (VA) Alumni Chapter","1995","Active","Eastern","","","","","Franklin","https://en.wikipedia.org/wiki/Franklin,_VA"
"Lancaster-Palmdale (CA) Alumni Chapter","1995","Active","Western","","","","","Lancaster","https://en.wikipedia.org/wiki/Lancaster,_CA"
"Saint Thomas USVI Alumni Chapter","1995","Inactive","Southern","","","","","",""
"Fayetteville (AR) Alumni Chapter","1996","Active","Middle Western","236","https://en.wikipedia.org/wiki/List_of_Kappa_Alpha_Psi_chapters#cite_note-240","[","]","Fayetteville, AR","https://en.wikipedia.org/wiki/Fayetteville,_AR"
"Rayville (LA) Alumni Chapter","1996","Active","Southwestern","","","","","Rayville, LA","https://en.wikipedia.org/wiki/Rayville,_LA"
"Denton-Lewisville (TX) Alumni Chapter","1997","Active","Southwestern","237","https://en.wikipedia.org/wiki/List_of_Kappa_Alpha_Psi_chapters#cite_note-241","[","]","Denton","https://en.wikipedia.org/wiki/Denton,_TX"
"Gaffney (SC) Alumni Chapter","1997","Active","Southeastern","","","","","Gaffney, SC","https://en.wikipedia.org/wiki/Gaffney,_SC"
"Richmond-Perrine (FL) Alumni Chapter","1997","Active","Southern","","","","","Perrine, FL","https://en.wikipedia.org/wiki/Perrine,_FL"
"Woodbridge (VA) Alumni Chapter","1998","Active","Eastern","238","https://en.wikipedia.org/wiki/List_of_Kappa_Alpha_Psi_chapters#cite_note-242","[","]","Woodbridge, VA","https://en.wikipedia.org/wiki/Woodbridge,_VA"
"West Helena (AR) Alumni Chapter","1998","Active","Southwestern","","","","","West Helena, AR","https://en.wikipedia.org/wiki/West_Helena,_AR"
"Danville (VA) Alumni Chapter","1998","Active","Eastern","239","https://en.wikipedia.org/wiki/List_of_Kappa_Alpha_Psi_chapters#cite_note-243","[","]","Danville, VA","https://en.wikipedia.org/wiki/Danville,_VA"
"Houma-Thibodaux (LA) Alumni Chapter","1998","Active","Southwestern","","","","","Houma-Thibodaux, LA","https://en.wikipedia.org/wiki/Houma%E2%80%93Thibodaux_metropolitan_area"
"DeKalb (IL) Alumni Chapter","1998","Inactive","North Central","","","","","DeKalb, IL","https://en.wikipedia.org/wiki/DeKalb,_IL"
"Saint Croix USVI Alumni Chapter","2000","Active","Southern","","","","","",""
"Tupelo (MS) Alumni Chapter","2000","Inactive","South Central","","","","","Tupelo, MS","https://en.wikipedia.org/wiki/Tupelo,_MS"
"Blacksburg (VA) Alumni Chapter","2001","Inactive","Eastern","","","","","Blacksburg, VA","https://en.wikipedia.org/wiki/Blacksburg,_VA"
"Jonesboro (AR) Alumni Chapter","2001","Active","Southwestern","240","https://en.wikipedia.org/wiki/List_of_Kappa_Alpha_Psi_chapters#cite_note-244","[","]","Jonesboro, AR","https://en.wikipedia.org/wiki/Jonesboro,_AR"
"Camden (SC) Alumni Chapter","2001","Active","Southeastern","","","","","Camden, SC","https://en.wikipedia.org/wiki/Camden,_SC"
"Hinesville-Fort Stewart (GA) Alumni Chapter","2002","Inactive","Southeastern","","","","","",""
"Canton-Madison (MS) Alumni Chapter","2002","Active","Southwestern","241","https://en.wikipedia.org/wiki/List_of_Kappa_Alpha_Psi_chapters#cite_note-245","[","]","Canton","https://en.wikipedia.org/wiki/Canton,_MS"
"Conway (AR) Alumni Chapter","2003","Active","Southwestern","242","https://en.wikipedia.org/wiki/List_of_Kappa_Alpha_Psi_chapters#cite_note-246","[","]","Conway, AR","https://en.wikipedia.org/wiki/Conway,_AR"
"Atlantic City (NJ) Alumni Chapter","2003","Active","Northeastern","243","https://en.wikipedia.org/wiki/List_of_Kappa_Alpha_Psi_chapters#cite_note-247","[","]","Atlantic City, NJ","https://en.wikipedia.org/wiki/Atlantic_City,_NJ"
"Cleveland (MS) Alumni Chapter","2003","Active","Southwestern","244","https://en.wikipedia.org/wiki/List_of_Kappa_Alpha_Psi_chapters#cite_note-248","[","]","Cleveland, MS","https://en.wikipedia.org/wiki/Cleveland,_MS"
"Independence (MO) Alumni Chapter","2003","Active","Middle Western","","","","","Independence, MO","https://en.wikipedia.org/wiki/Independence,_MO"
"Stockbridge-Jonesboro (GA) Alumni Chapter","2003","Active","Southeastern","245","https://en.wikipedia.org/wiki/List_of_Kappa_Alpha_Psi_chapters#cite_note-249","[","]","Stockbridge","https://en.wikipedia.org/wiki/Stockbridge,_GA"
"Spartanburg (SC) Alumni Chapter","2003","Active","Southeastern","246","https://en.wikipedia.org/wiki/List_of_Kappa_Alpha_Psi_chapters#cite_note-250","[","]","Spartanburg, SC","https://en.wikipedia.org/wiki/Spartanburg,_SC"
"Bowie-Mitchellville (MD) Alumni Chapter","2003","Active","Eastern","247","https://en.wikipedia.org/wiki/List_of_Kappa_Alpha_Psi_chapters#cite_note-251","[","]","Bowie","https://en.wikipedia.org/wiki/Bowie,_MD"
"Harvey-Markham (IL) Alumni Chapter","2004","Active","North Central","248","https://en.wikipedia.org/wiki/List_of_Kappa_Alpha_Psi_chapters#cite_note-252","[","]","Harvey","https://en.wikipedia.org/wiki/Harvey,_IL"
"Fresno (CA) Alumni Chapter","2004","Active","Western","249","https://en.wikipedia.org/wiki/List_of_Kappa_Alpha_Psi_chapters#cite_note-253","[","]","Fresno, CA","https://en.wikipedia.org/wiki/Fresno,_CA"
"Hartsville (SC) Alumni Chapter","2004","Active","Southeastern","250","https://en.wikipedia.org/wiki/List_of_Kappa_Alpha_Psi_chapters#cite_note-254","[","]","Hartsville, SC","https://en.wikipedia.org/wiki/Hartsville,_SC"
"Roseville (CA) Alumni Chapter","2004","Active","Western","251","https://en.wikipedia.org/wiki/List_of_Kappa_Alpha_Psi_chapters#cite_note-255","[","]","Roseville, CA","https://en.wikipedia.org/wiki/Roseville,_CA"
"Johannesburg-Pretoria South Africa Alumni Chapter","2004","Active","Southeastern","","","","","",""
"Roanoke Rapids (NC) Alumni Chapter","2005","Active","Middle Eastern","252","https://en.wikipedia.org/wiki/List_of_Kappa_Alpha_Psi_chapters#cite_note-256","[","]","Roanoke Rapids, NC","https://en.wikipedia.org/wiki/Roanoke_Rapids,_NC"
"College Park-Sandy Spring (MD) Alumni Chapter","2005","Active","Eastern","253","https://en.wikipedia.org/wiki/List_of_Kappa_Alpha_Psi_chapters#cite_note-257","[","]","College Park","https://en.wikipedia.org/wiki/College_Park,_MD"
"Carrollton-Douglasville (GA) Alumni Chapter","2005","Active","Southeastern","254","https://en.wikipedia.org/wiki/List_of_Kappa_Alpha_Psi_chapters#cite_note-258","[","]","Carrollton","https://en.wikipedia.org/wiki/Carrollton,_GA"
"Beverly Hills-Century City (CA) Alumni Chapter","2005","Active","Western","","","","","Beverly Hills","https://en.wikipedia.org/wiki/Beverly_Hills,_CA"
"Abington-Ambler (PA) Alumni Chapter","2005","Active","Northeastern","255","https://en.wikipedia.org/wiki/List_of_Kappa_Alpha_Psi_chapters#cite_note-259","[","]","Ambler, PA","https://en.wikipedia.org/wiki/Borough_of_Ambler"
"Hammond (LA) Alumni Chapter","2006","Active","Southwestern","","","","","Hammond, LA","https://en.wikipedia.org/wiki/Hammond,_LA"
"Miramar-Pembroke Pines (FL) Alumni Chapter","2007","Active","Southern","256","https://en.wikipedia.org/wiki/List_of_Kappa_Alpha_Psi_chapters#cite_note-260","[","]","Miramar","https://en.wikipedia.org/wiki/Miramar,_FL"
"Decatur-Athens (AL) Alumni Chapter","2007","Active","Southern","257","https://en.wikipedia.org/wiki/List_of_Kappa_Alpha_Psi_chapters#cite_note-261","[","]","Decatur","https://en.wikipedia.org/wiki/Decatur,_AL"
"Cape Town-Western Cape South Africa Alumni Chapter","2007","Inactive","Southeastern","","","","","",""
"Statesboro (GA) Alumni Chapter","2007","Active","Southeastern","","","","","Statesboro, GA","https://en.wikipedia.org/wiki/Statesboro,_GA"
"Fort Washington (MD) Alumni Chapter","2007","Active","Eastern","258","https://en.wikipedia.org/wiki/List_of_Kappa_Alpha_Psi_chapters#cite_note-262","[","]","Fort Washington, MD","https://en.wikipedia.org/wiki/Fort_Washington,_MD"
"Richton Park (IL) Alumni Chapter","2007","Active","North Central","","","","","Richton Park, IL","https://en.wikipedia.org/wiki/Richton_Park,_IL"
"Lawrenceville-Duluth (GA) Alumni Chapter","2008","Active","Southeastern","259","https://en.wikipedia.org/wiki/List_of_Kappa_Alpha_Psi_chapters#cite_note-263","[","]","Lawrenceville","https://en.wikipedia.org/wiki/Lawrenceville,_GA"
"Belleville-O'Fallon (IL) Alumni Chapter","2008","Active","North Central","260","https://en.wikipedia.org/wiki/List_of_Kappa_Alpha_Psi_chapters#cite_note-264","[","]","Belleville","https://en.wikipedia.org/wiki/Belleville,_IL"
"Hot Springs-Arkadelphia-Malvern (AR) Alumni Chapter","2008","Active","Southwestern","","","","","Hot Springs","https://en.wikipedia.org/wiki/Hot_Springs,_AR"
"Oxford (MS) Alumni Chapter","2009","Active","South Central","261","https://en.wikipedia.org/wiki/List_of_Kappa_Alpha_Psi_chapters#cite_note-265","[","]","Oxford, MS","https://en.wikipedia.org/wiki/Oxford,_MS"
"Jersey City (NJ) Alumni Chapter","2009","Active","Northeastern","262","https://en.wikipedia.org/wiki/List_of_Kappa_Alpha_Psi_chapters#cite_note-266","[","]","Jersey City, NJ","https://en.wikipedia.org/wiki/Jersey_City,_NJ"
"Bronx (NY) Alumni Chapter","2009","Active","Northeastern","263","https://en.wikipedia.org/wiki/List_of_Kappa_Alpha_Psi_chapters#cite_note-267","[","]","Bronx, NY","https://en.wikipedia.org/wiki/Bronx,_NY"
"Dulles-Leesburg (VA) Alumni Chapter","2009","Active","Eastern","264","https://en.wikipedia.org/wiki/List_of_Kappa_Alpha_Psi_chapters#cite_note-268","[","]","",""
"Edisto (SC) Alumni Chapter","2009","Active","Southeastern","","","","","Edisto, SC","https://en.wikipedia.org/wiki/Edisto,_SC"
"Lagos Nigeria Alumni Chapter","2009","Active","Southeastern","","","","","Lagos, Nigeria","https://en.wikipedia.org/wiki/Lagos,_Nigeria"
"Maplewood-Oranges (NJ) Alumni Chapter","2009","Active","Northeastern","265","https://en.wikipedia.org/wiki/List_of_Kappa_Alpha_Psi_chapters#cite_note-269","[","]","Maplewood","https://en.wikipedia.org/wiki/Maplewood,_NJ"
"Leonardtown-Prince Frederick (MD) Alumni Chapter","2009","Inactive","Eastern","","","","","",""
"Spring-The Woodlands-Huntsville (TX) Alumni Chapter","2009","Active","Southwestern","266","https://en.wikipedia.org/wiki/List_of_Kappa_Alpha_Psi_chapters#cite_note-270","[","]","Spring","https://en.wikipedia.org/wiki/Spring,_TX"
"Mansfield-Cedar Hill (TX) Alumni Chapter","2009","Active","Southwestern","267","https://en.wikipedia.org/wiki/List_of_Kappa_Alpha_Psi_chapters#cite_note-271","[","]","Mansfield","https://en.wikipedia.org/wiki/Mansfield,_TX"
"Carlsbad-Laguna-Temecula (CA) Alumni Chapter","2009","Active","Western","268","https://en.wikipedia.org/wiki/List_of_Kappa_Alpha_Psi_chapters#cite_note-272","[","]","Carlsbad","https://en.wikipedia.org/wiki/Carlsbad,_CA"
"Brentwood (TN) Alumni Chapter","2010","Active","South Central","269","https://en.wikipedia.org/wiki/List_of_Kappa_Alpha_Psi_chapters#cite_note-273","[","]","Brentwood, TN","https://en.wikipedia.org/wiki/Brentwood,_TN"
"Irvine-Anaheim (CA) Alumni Chapter","2011","Active","Western","","","","","Irvine","https://en.wikipedia.org/wiki/Irvine,_CA"
"Alabaster-Pelham (AL) Alumni Chapter","2011","Active","Southern","270","https://en.wikipedia.org/wiki/List_of_Kappa_Alpha_Psi_chapters#cite_note-274","[","]","Albaster","https://en.wikipedia.org/wiki/Alabaster,_AL"
"Conyers-Covington (GA) Alumni Chapter","2011","Active","Southeastern","271","https://en.wikipedia.org/wiki/List_of_Kappa_Alpha_Psi_chapters#cite_note-275","[","]","Conyers","https://en.wikipedia.org/wiki/Conyers,_GA"
"Burlington (NC) Alumni Chapter","2011","Active","Middle Eastern","","","","","Burlington, NC","https://en.wikipedia.org/wiki/Burlington,_NC"
"Wake Forest-Rolesville (NC) Alumni Chapter","2011","Active","Middle Eastern","","","","","Wake Forest","https://en.wikipedia.org/wiki/Wake_Forest,_NC"
"Edwardsville-Collinsville (IL) Alumni Chapter","2013","Active","North Central","272","https://en.wikipedia.org/wiki/List_of_Kappa_Alpha_Psi_chapters#cite_note-276","[","]","Edwardsville","https://en.wikipedia.org/wiki/Edwardsville,_IL"
"Hickory (NC) Alumni Chapter","2013","Active","Middle Eastern","","","","","Hickory, NC","https://en.wikipedia.org/wiki/Hickory,_NC"
"Corning-Elmira (NY) Alumni Chapter","2013","Active","Northern","273","https://en.wikipedia.org/wiki/List_of_Kappa_Alpha_Psi_chapters#cite_note-277","[","]","Corning","https://en.wikipedia.org/wiki/Corning,_NY"
"Troy (AL) Alumni Chapter","2013","Active","Southern","","","","","Troy, AL","https://en.wikipedia.org/wiki/Troy,_AL"
"Southaven (MS) Alumni Chapter","2013","Active","South Central","274","https://en.wikipedia.org/wiki/List_of_Kappa_Alpha_Psi_chapters#cite_note-278","[","]","Southaven, MS","https://en.wikipedia.org/wiki/Southaven,_MS"
"Salt Lake City-Ogden (UT) Alumni Chapter","2013","Inactive","Western","","","","","Salt Lake City","https://en.wikipedia.org/wiki/Salt_Lake_City,_UT"
"San Fernando-Santa Clarita (CA) Alumni Chapter","2013","Active","Western","275","https://en.wikipedia.org/wiki/List_of_Kappa_Alpha_Psi_chapters#cite_note-279","[","]","",""
"Beaufort-Jasper-Hilton Head (SC) Alumni Chapter","2014","Active","Southeastern","276","https://en.wikipedia.org/wiki/List_of_Kappa_Alpha_Psi_chapters#cite_note-280","[","]","Beaufort-Jasper-Hilton Head, SC","https://en.wikipedia.org/wiki/Hilton_Head_Island%E2%80%93Bluffton_metropolitan_area"
"New Bern (NC) Alumni Chapter","2014","Active","Middle Eastern","","","","","New Bern, NC","https://en.wikipedia.org/wiki/New_Bern,_NC"
"Bishopville-Manning-Shaw AFB (SC) Alumni Chapter","2016","Active","Southeastern","277","https://en.wikipedia.org/wiki/List_of_Kappa_Alpha_Psi_chapters#cite_note-281","[","]","Bishopville","https://en.wikipedia.org/wiki/Bishopville,_SC"
"Newnan-Fairburn (GA) Alumni Chapter","2016","Active","Southeastern","278","https://en.wikipedia.org/wiki/List_of_Kappa_Alpha_Psi_chapters#cite_note-282","[","]","Newnan","https://en.wikipedia.org/wiki/Newnan,_GA"
"West Memphis-Marion (AR) Alumni Chapter","2016","Active","Southwestern","","","","","West Memphis","https://en.wikipedia.org/wiki/West_Memphis,_AR"
"Leesburg (FL) Alumni Chapter","2016","Active","Southern","279","https://en.wikipedia.org/wiki/List_of_Kappa_Alpha_Psi_chapters#cite_note-283","[","]","Leesburg, FL","https://en.wikipedia.org/wiki/Leesburg,_FL"
"Clarksdale (MS) Alumni Chapter","2016","Active","South Central","280","https://en.wikipedia.org/wiki/List_of_Kappa_Alpha_Psi_chapters#cite_note-284","[","]","Clarksdale, MS","https://en.wikipedia.org/wiki/Clarksdale,_MS"
"Americus-Sumter (GA) Alumni Chapter","2017","Active","Southeastern","","","","","Americus","https://en.wikipedia.org/wiki/Americus,_GA"
"Dublin (GA) Alumni Chapter","2017","Active","Southeastern","281","https://en.wikipedia.org/wiki/List_of_Kappa_Alpha_Psi_chapters#cite_note-285","[","]","Dublin, GA","https://en.wikipedia.org/wiki/Dublin,_Georgia,_micropolitan_area"
"Corinth (MS) Alumni Chapter","2017","Active","South Central","","","","","Corinth, MS","https://en.wikipedia.org/wiki/Corinth,_MS"
"Calumet City-Lansing (IL) Alumni Chapter","2018","Active","North Central","282","https://en.wikipedia.org/wiki/List_of_Kappa_Alpha_Psi_chapters#cite_note-286","[","]","Calumet City","https://en.wikipedia.org/wiki/Calumet_City,_IL"
"Newport-Covington (KY) Alumni Chapter","2020","Active","South Central","283","https://en.wikipedia.org/wiki/List_of_Kappa_Alpha_Psi_chapters#cite_note-287","[","]","Newport","https://en.wikipedia.org/wiki/Newport,_KY"
"Pearland-Manvel-Fresno (TX) Alumni Chapter","2020","Active","Southwestern","284","https://en.wikipedia.org/wiki/List_of_Kappa_Alpha_Psi_chapters#cite_note-288","[","]","Pearland","https://en.wikipedia.org/wiki/Pearland,_TX"
"Commerce-Greenville (TX) Alumni Chapter","2020","Active","Southwestern","285","https://en.wikipedia.org/wiki/List_of_Kappa_Alpha_Psi_chapters#cite_note-289","[","]","Commerce","https://en.wikipedia.org/wiki/Commerce,_TX"
"Abu Dhabi Alumni Chapter","2020","Active","Southeastern","286","https://en.wikipedia.org/wiki/List_of_Kappa_Alpha_Psi_chapters#cite_note-290","[","]","",""
"Canada Alumni Chapter","2020","Active","Northern","287","https://en.wikipedia.org/wiki/List_of_Kappa_Alpha_Psi_chapters#cite_note-291","[","]","Toronto, Ontario","https://en.wikipedia.org/wiki/Toronto,_Ontario"
"Towson-Catonsville (MD) Alumni Chapter","2021","Active","Eastern","288","https://en.wikipedia.org/wiki/List_of_Kappa_Alpha_Psi_chapters#cite_note-292","[","]","Towson","https://en.wikipedia.org/wiki/Towson,_MD"
"Nassau-Suffolk (NY) Alumni Chapter","2022","Active","Northeastern","","","","","",""
"Katy-Fulshear (TX) Alumni Chapter","2022","Active","Southwestern","289","https://en.wikipedia.org/wiki/List_of_Kappa_Alpha_Psi_chapters#cite_note-293","[","]","Katy","https://en.wikipedia.org/wiki/Katy,_TX"
"Frisco (TX) Alumni Chapter","2022","Active","Southwestern","290","https://en.wikipedia.org/wiki/List_of_Kappa_Alpha_Psi_chapters#cite_note-294","[","]","Frisco, TX","https://en.wikipedia.org/wiki/Frisco,_TX"
"Bristol-Kingsport-Johnson City (TN) Alumni Chapter","2022","Active","South Central","291","https://en.wikipedia.org/wiki/List_of_Kappa_Alpha_Psi_chapters#cite_note-295","[","]","Bristol-Kingsport-Johnson City, TN","https://en.wikipedia.org/wiki/Tri-Cities,_Tennessee"
"West Chester-Coatesville (PA) Alumni Chapter","2022","Active","Northeastern","292","https://en.wikipedia.org/wiki/List_of_Kappa_Alpha_Psi_chapters#cite_note-296","[","]","West Chester","https://en.wikipedia.org/wiki/West_Chester,_PA"
"Brookfield (WI) Alumni Chapter","2022","Active","North Central","293","https://en.wikipedia.org/wiki/List_of_Kappa_Alpha_Psi_chapters#cite_note-297","[","]","",""
"Greenwood-Grenada (MS) Alumni Chapter","2022","Active","Southwestern","","","","","Greenwood","https://en.wikipedia.org/wiki/Greenwood,_MS"
"Dominican Republic Alumni Chapter","2023","Active","Southern","294","https://en.wikipedia.org/wiki/List_of_Kappa_Alpha_Psi_chapters#cite_note-298","[","]","",""
"Gainesville-Manassas (VA) Alumni Chapter","2023","Active","Eastern","","","","","Gainesville","https://en.wikipedia.org/wiki/Gainesville,_VA"
"Prattville (AL) Alumni Chapter","2023","Active","Southern","295","https://en.wikipedia.org/wiki/List_of_Kappa_Alpha_Psi_chapters#cite_note-299","[","]","Prattville, AL","https://en.wikipedia.org/wiki/Prattville,_AL"
"Glendale-Peoria (AZ) Alumni Chapter","2023","Active","Western","","","","","",""
"New Braunfels (TX) Alumni Chapter","2023","Active","Southwestern","296","https://en.wikipedia.org/wiki/List_of_Kappa_Alpha_Psi_chapters#cite_note-300","[","]","",""
"Grovetown-Evans-Martinez (GA) Alumni Chapter","2023","Active","Southeastern","","","","","",""
"Franklin (LA) Alumni Chapter","2024","Active","Southwestern","297","https://en.wikipedia.org/wiki/List_of_Kappa_Alpha_Psi_chapters#cite_note-301","[","]","Franklin, LA","https://en.wikipedia.org/wiki/Franklin,_LA"
"Macomb (MI) Alumni Chapter","2024","Active","Northern","","","","","",""
"South Fulton (GA) Alumni Chapter","2024","Active","Southeastern","","","","","",""
"Oak Park-River Forest (IL) Alumni Chapter","2024","Active","North Central","","","","","",""
"Slidell (LA) Alumni Chapter","2024","Active","Southwestern","298","https://en.wikipedia.org/wiki/List_of_Kappa_Alpha_Psi_chapters#cite_note-302","[","]","",""
"St. Augustine (FL) Alumni Chapter","2024","Active","Southern","299","https://en.wikipedia.org/wiki/List_of_Kappa_Alpha_Psi_chapters#cite_note-303","[","]","",""
"Salisbury (NC) Alumni Chapter","2025","Active","Middle Eastern","300","https://en.wikipedia.org/wiki/List_of_Kappa_Alpha_Psi_chapters#cite_note-304","[","]","",""
"Sanford-Pinehurst (NC) Alumni Chapter","2025","Active","Middle Eastern","301","https://en.wikipedia.org/wiki/List_of_Kappa_Alpha_Psi_chapters#cite_note-305","[","]","",""
"Diamond Bar-Ontario-Pomona (CA) Alumni Chapter","2025","Active","Western","302","https://en.wikipedia.org/wiki/List_of_Kappa_Alpha_Psi_chapters#cite_note-306","[","]","",""
"Trussville-Pell City (AL) Alumni Chapter","2025","Active","Southern","303","https://en.wikipedia.org/wiki/List_of_Kappa_Alpha_Psi_chapters#cite_note-307","[","]","",""
"Ocala (FL) Alumni Chapter","2025","Active","Southern","","","","","",""
"Richmond Hill-Midway (GA) Alumni Chapter","2025","Active","Southeastern","304","https://en.wikipedia.org/wiki/List_of_Kappa_Alpha_Psi_chapters#cite_note-308","[","]","",""