"tablescraper-selected-row","tablescraper-selected-row 2","tablescraper-selected-row 3","reference","reference href","cite-bracket","cite-bracket 2","tablescraper-selected-row 4","tablescraper-selected-row href","reference 2","reference href 2","cite-bracket 3","cite-bracket 4","tablescraper-selected-row 5"
"Alpha Sigma","192x ?","Active","8","https://en.wikipedia.org/wiki/List_of_Sigma_Gamma_Rho_chapters#cite_note-:10-9","[","]","","","","","","",""
"Beta Sigma","192x ?","Active","61","https://en.wikipedia.org/wiki/List_of_Sigma_Gamma_Rho_chapters#cite_note-:11-75","[","]","Montgomery, Alabama","https://en.wikipedia.org/wiki/Montgomery,_Alabama","","","","",""
"Gamma Sigma","1928","Active","62","https://en.wikipedia.org/wiki/List_of_Sigma_Gamma_Rho_chapters#cite_note-:6-76","[","]","Houston, Texas","https://en.wikipedia.org/wiki/Houston","","","","",""
"Delta Sigma","1927","Active","8","https://en.wikipedia.org/wiki/List_of_Sigma_Gamma_Rho_chapters#cite_note-:10-9","[","]","","","63","https://en.wikipedia.org/wiki/List_of_Sigma_Gamma_Rho_chapters#cite_note-77","[","]",""
"Epsilon Sigma","19xx ?","Active","64","https://en.wikipedia.org/wiki/List_of_Sigma_Gamma_Rho_chapters#cite_note-:7-78","[","]","","","","","","",""
"Zeta Sigma","","Active","8","https://en.wikipedia.org/wiki/List_of_Sigma_Gamma_Rho_chapters#cite_note-:10-9","[","]","St. Louis, Missouri","https://en.wikipedia.org/wiki/St._Louis","65","https://en.wikipedia.org/wiki/List_of_Sigma_Gamma_Rho_chapters#cite_note-79","[","]","June 5, 1932"
"Eta Sigma","1933","Active","61","https://en.wikipedia.org/wiki/List_of_Sigma_Gamma_Rho_chapters#cite_note-:11-75","[","]","Atlanta, Georgia","https://en.wikipedia.org/wiki/Atlanta","","","","",""
"Theta Sigma","","Active","66","https://en.wikipedia.org/wiki/List_of_Sigma_Gamma_Rho_chapters#cite_note-:8-80","[","]","Little Rock, Arkansas","https://en.wikipedia.org/wiki/Little_Rock,_Arkansas","","","","","March 8, 1935"
"Iota Sigma","1935","Active","67","https://en.wikipedia.org/wiki/List_of_Sigma_Gamma_Rho_chapters#cite_note-:4-81","[","]","Richmond, Virginia","https://en.wikipedia.org/wiki/Richmond,_Virginia","68","https://en.wikipedia.org/wiki/List_of_Sigma_Gamma_Rho_chapters#cite_note-82","[","]",""
"Kappa Sigma","1936","Active","67","https://en.wikipedia.org/wiki/List_of_Sigma_Gamma_Rho_chapters#cite_note-:4-81","[","]","New York City","https://en.wikipedia.org/wiki/New_York_City","","","","","New York"
"Lambda Sigma","","InActive","","","","","","","","","","",""
"Mu Sigma","","Active","64","https://en.wikipedia.org/wiki/List_of_Sigma_Gamma_Rho_chapters#cite_note-:7-78","[","]","Baton Rouge, Louisiana","https://en.wikipedia.org/wiki/Baton_Rouge,_Louisiana","","","","","December 8, 1945"
"Nu Sigma","","Active","69","https://en.wikipedia.org/wiki/List_of_Sigma_Gamma_Rho_chapters#cite_note-83","[","]","Jackson, Tennessee","https://en.wikipedia.org/wiki/Jackson,_Tennessee","","","","","November 2, 1937"
"Xi Sigma","1937","Active","61","https://en.wikipedia.org/wiki/List_of_Sigma_Gamma_Rho_chapters#cite_note-:11-75","[","]","Spartanburg, South Carolina","https://en.wikipedia.org/wiki/Spartanburg,_South_Carolina","","","","",""
"Omicron Sigma","1937","Active","16","https://en.wikipedia.org/wiki/List_of_Sigma_Gamma_Rho_chapters#cite_note-:0-20","[","]","Memphis, Tennessee","https://en.wikipedia.org/wiki/Memphis,_Tennessee","61","https://en.wikipedia.org/wiki/List_of_Sigma_Gamma_Rho_chapters#cite_note-:11-75","[","]",""
"Pi Sigma","1938","Active","70","https://en.wikipedia.org/wiki/List_of_Sigma_Gamma_Rho_chapters#cite_note-84","[","]","Louisville, Kentucky","https://en.wikipedia.org/wiki/Louisville,_Kentucky","8","https://en.wikipedia.org/wiki/List_of_Sigma_Gamma_Rho_chapters#cite_note-:10-9","[","]",""
"Rho Sigma","1936","Active","71","https://en.wikipedia.org/wiki/List_of_Sigma_Gamma_Rho_chapters#cite_note-85","[","]","","","8","https://en.wikipedia.org/wiki/List_of_Sigma_Gamma_Rho_chapters#cite_note-:10-9","[","]",""
"Sigma Sigma","","Active","72","https://en.wikipedia.org/wiki/List_of_Sigma_Gamma_Rho_chapters#cite_note-:14-86","[","]","Los Angeles, California","https://en.wikipedia.org/wiki/Los_Angeles","24","https://en.wikipedia.org/wiki/List_of_Sigma_Gamma_Rho_chapters#cite_note-:12-30","[","]","July 30, 1939"
"Tau Sigma","","Active","73","https://en.wikipedia.org/wiki/List_of_Sigma_Gamma_Rho_chapters#cite_note-87","[","]","Jackson, Mississippi","https://en.wikipedia.org/wiki/Jackson,_Mississippi","61","https://en.wikipedia.org/wiki/List_of_Sigma_Gamma_Rho_chapters#cite_note-:11-75","[","]","February 19, 1938"
"Upsilon Sigma","","Active","61","https://en.wikipedia.org/wiki/List_of_Sigma_Gamma_Rho_chapters#cite_note-:11-75","[","]","Nashville, Tennessee","https://en.wikipedia.org/wiki/Nashville,_Tennessee","74","https://en.wikipedia.org/wiki/List_of_Sigma_Gamma_Rho_chapters#cite_note-88","[","]","November 12, 1939"
"Phi Sigma","","Active","67","https://en.wikipedia.org/wiki/List_of_Sigma_Gamma_Rho_chapters#cite_note-:4-81","[","]","Washington, D.C.","https://en.wikipedia.org/wiki/Washington,_D.C.","75","https://en.wikipedia.org/wiki/List_of_Sigma_Gamma_Rho_chapters#cite_note-89","[","]","August 14, 1938"
"Chi Sigma","","Active","61","https://en.wikipedia.org/wiki/List_of_Sigma_Gamma_Rho_chapters#cite_note-:11-75","[","]","Birmingham, Alabama","https://en.wikipedia.org/wiki/Birmingham,_Alabama","","","","","November 11, 1938"
"Psi Sigma","","Active","8","https://en.wikipedia.org/wiki/List_of_Sigma_Gamma_Rho_chapters#cite_note-:10-9","[","]","Kansas City, Missouri","https://en.wikipedia.org/wiki/Kansas_City,_Missouri","76","https://en.wikipedia.org/wiki/List_of_Sigma_Gamma_Rho_chapters#cite_note-90","[","]","December 19, 1938"
"Omega Sigma","19xx ?","Active","67","https://en.wikipedia.org/wiki/List_of_Sigma_Gamma_Rho_chapters#cite_note-:4-81","[","]","Newport News, Virginia","https://en.wikipedia.org/wiki/Newport_News,_Virginia","","","","",""
"Alpha Alpha Sigma","","Active","67","https://en.wikipedia.org/wiki/List_of_Sigma_Gamma_Rho_chapters#cite_note-:4-81","[","]","","","77","https://en.wikipedia.org/wiki/List_of_Sigma_Gamma_Rho_chapters#cite_note-91","[","]","April 9, 1940"
"Alpha Beta Sigma","194x ?","Active","67","https://en.wikipedia.org/wiki/List_of_Sigma_Gamma_Rho_chapters#cite_note-:4-81","[","]","Portsmouth, Virginia","https://en.wikipedia.org/wiki/Portsmouth,_Virginia","","","","",""
"Alpha Gamma Sigma","","Active","62","https://en.wikipedia.org/wiki/List_of_Sigma_Gamma_Rho_chapters#cite_note-:6-76","[","]","Longview, Texas","https://en.wikipedia.org/wiki/Longview,_Texas","","","","","March 1941"
"Alpha Delta Sigma","","Inactive","","","","","","","","","","",""
"Alpha Epsilon Sigma","","Inactive","","","","","","","","","","",""
"Alpha Zeta Sigma","January 25, 1941","Active","61","https://en.wikipedia.org/wiki/List_of_Sigma_Gamma_Rho_chapters#cite_note-:11-75","[","]","Bessemer, Alabama","https://en.wikipedia.org/wiki/Bessemer,_Alabama","","","","","January 25, 1941"
"Alpha Eta Sigma","","Active","67","https://en.wikipedia.org/wiki/List_of_Sigma_Gamma_Rho_chapters#cite_note-:4-81","[","]","","","","","","","March 28, 1941"
"Alpha Theta Sigma","","Inactive","","","","","","","","","","",""
"Alpha Iota Sigma","194x ?","Active","61","https://en.wikipedia.org/wiki/List_of_Sigma_Gamma_Rho_chapters#cite_note-:11-75","[","]","Savannah, Georgia","https://en.wikipedia.org/wiki/Savannah,_Georgia","","","","",""
"Alpha Kappa Sigma","","Active","62","https://en.wikipedia.org/wiki/List_of_Sigma_Gamma_Rho_chapters#cite_note-:6-76","[","]","Austin, Texas","https://en.wikipedia.org/wiki/Austin,_Texas","78","https://en.wikipedia.org/wiki/List_of_Sigma_Gamma_Rho_chapters#cite_note-92","[","]","February 2, 1946"
"Alpha Lambda Sigma","","Active","8","https://en.wikipedia.org/wiki/List_of_Sigma_Gamma_Rho_chapters#cite_note-:10-9","[","]","","","79","https://en.wikipedia.org/wiki/List_of_Sigma_Gamma_Rho_chapters#cite_note-93","[","]","June 20, 1942"
"Alpha Mu Sigma","","Active","67","https://en.wikipedia.org/wiki/List_of_Sigma_Gamma_Rho_chapters#cite_note-:4-81","[","]","Winston-Salem, North Carolina","https://en.wikipedia.org/wiki/Winston-Salem,_North_Carolina","80","https://en.wikipedia.org/wiki/List_of_Sigma_Gamma_Rho_chapters#cite_note-94","[","]","February 15, 1943"
"Alpha Nu Sigma","1943","Active","67","https://en.wikipedia.org/wiki/List_of_Sigma_Gamma_Rho_chapters#cite_note-:4-81","[","]","Wilmington, Delaware","https://en.wikipedia.org/wiki/Wilmington,_Delaware","","","","",""
"Alpha Xi Sigma","194x ?","Active","81","https://en.wikipedia.org/wiki/List_of_Sigma_Gamma_Rho_chapters#cite_note-95","[","]","Tulsa, Oklahoma","https://en.wikipedia.org/wiki/Tulsa,_Oklahoma","","","","",""
"Alpha Omicron Sigma","","Active","82","https://en.wikipedia.org/wiki/List_of_Sigma_Gamma_Rho_chapters#cite_note-96","[","]","Dallas, Texas","https://en.wikipedia.org/wiki/Dallas","","","","","December 29, 1944"
"Alpha Pi Sigma","","Active","62","https://en.wikipedia.org/wiki/List_of_Sigma_Gamma_Rho_chapters#cite_note-:6-76","[","]","Fort Worth, Texas","https://en.wikipedia.org/wiki/Fort_Worth,_Texas","83","https://en.wikipedia.org/wiki/List_of_Sigma_Gamma_Rho_chapters#cite_note-97","[","]","March 17, 1945"
"Alpha Rho Sigma","194x ?","Active","62","https://en.wikipedia.org/wiki/List_of_Sigma_Gamma_Rho_chapters#cite_note-:6-76","[","]","Waco, Texas","https://en.wikipedia.org/wiki/Waco,_Texas","","","","",""
"Alpha Sigma Sigma","194x ?","Active","8","https://en.wikipedia.org/wiki/List_of_Sigma_Gamma_Rho_chapters#cite_note-:10-9","[","]","Gary, Indiana","https://en.wikipedia.org/wiki/Gary,_Indiana","","","","",""
"Alpha Tau Sigma","","Inactive","","","","","","","","","","",""
"Alpha Upsilon Sigma","1941","Active","8","https://en.wikipedia.org/wiki/List_of_Sigma_Gamma_Rho_chapters#cite_note-:10-9","[","]","East St. Louis, Illinois","https://en.wikipedia.org/wiki/East_St._Louis,_Illinois","a","https://en.wikipedia.org/wiki/List_of_Sigma_Gamma_Rho_chapters#cite_note-98","[","]",""
"Alpha Phi Sigma","","Active","62","https://en.wikipedia.org/wiki/List_of_Sigma_Gamma_Rho_chapters#cite_note-:6-76","[","]","San Antonio, Texas","https://en.wikipedia.org/wiki/San_Antonio","","","","","October 6, 1945"
"Alpha Chi Sigma","1945","Active","66","https://en.wikipedia.org/wiki/List_of_Sigma_Gamma_Rho_chapters#cite_note-:8-80","[","]","Pine Bluff, Arkansas","https://en.wikipedia.org/wiki/Pine_Bluff,_Arkansas","","","","",""
"Alpha Psi Sigma","194x ?","Active","62","https://en.wikipedia.org/wiki/List_of_Sigma_Gamma_Rho_chapters#cite_note-:6-76","[","]","Beaumont, Texas","https://en.wikipedia.org/wiki/Beaumont,_Texas","","","","",""
"Alpha Omega Sigma","","Active","62","https://en.wikipedia.org/wiki/List_of_Sigma_Gamma_Rho_chapters#cite_note-:6-76","[","]","Dallas, Texas","https://en.wikipedia.org/wiki/Dallas","","","","","December 29, 1944"
"Beta Alpha Sigma","","Inactive","","","","","","","","","","",""
"Beta Beta Sigma","","Inactive","","","","","","","","","","",""
"Beta Gamma Sigma","","Inactive","","","","","","","","","","",""
"Beta Delta Sigma","1946","Active","61","https://en.wikipedia.org/wiki/List_of_Sigma_Gamma_Rho_chapters#cite_note-:11-75","[","]","Tallahassee, Florida","https://en.wikipedia.org/wiki/Tallahassee,_Florida","","","","",""
"Beta Epsilon Sigma","194x ?","Active","61","https://en.wikipedia.org/wiki/List_of_Sigma_Gamma_Rho_chapters#cite_note-:11-75","[","]","Columbia, South Carolina","https://en.wikipedia.org/wiki/Columbia,_South_Carolina","","","","",""
"Beta Zeta Sigma","1947","Active","67","https://en.wikipedia.org/wiki/List_of_Sigma_Gamma_Rho_chapters#cite_note-:4-81","[","]","Rocky Mount, North Carolina","https://en.wikipedia.org/wiki/Rocky_Mount,_North_Carolina","","","","",""
"Beta Eta Sigma","","Active","72","https://en.wikipedia.org/wiki/List_of_Sigma_Gamma_Rho_chapters#cite_note-:14-86","[","]","Portland, Oregon","https://en.wikipedia.org/wiki/Portland,_Oregon","","","","","August 1947"
"Beta Theta Sigma","","Active","24","https://en.wikipedia.org/wiki/List_of_Sigma_Gamma_Rho_chapters#cite_note-:12-30","[","]","Oakland, California","https://en.wikipedia.org/wiki/Oakland,_California","","","","","November 30, 1947"
"Beta Iota Sigma","194x ?","Active","61","https://en.wikipedia.org/wiki/List_of_Sigma_Gamma_Rho_chapters#cite_note-:11-75","[","]","Daytona Beach, Florida","https://en.wikipedia.org/wiki/Daytona_Beach,_Florida","","","","",""
"Beta Kappa Sigma","194x ?","Active","61","https://en.wikipedia.org/wiki/List_of_Sigma_Gamma_Rho_chapters#cite_note-:11-75","[","]","Tampa, Florida","https://en.wikipedia.org/wiki/Tampa,_Florida","","","","",""
"Beta Lambda Sigma","","Active","67","https://en.wikipedia.org/wiki/List_of_Sigma_Gamma_Rho_chapters#cite_note-:4-81","[","]","Raleigh, North Carolina","https://en.wikipedia.org/wiki/Raleigh,_North_Carolina","84","https://en.wikipedia.org/wiki/List_of_Sigma_Gamma_Rho_chapters#cite_note-99","[","]","December 10, 1949"
"Beta Mu Sigma","","Active","85","https://en.wikipedia.org/wiki/List_of_Sigma_Gamma_Rho_chapters#cite_note-:15-100","[","]","Phoenix, Arizona","https://en.wikipedia.org/wiki/Phoenix,_Arizona","86","https://en.wikipedia.org/wiki/List_of_Sigma_Gamma_Rho_chapters#cite_note-101","[","]","May 20, 1952"
"Beta Nu Sigma","","Active","24","https://en.wikipedia.org/wiki/List_of_Sigma_Gamma_Rho_chapters#cite_note-:12-30","[","]","","","87","https://en.wikipedia.org/wiki/List_of_Sigma_Gamma_Rho_chapters#cite_note-102","[","]","June 24, 1950"
"Beta Xi Sigma","1950","Active","67","https://en.wikipedia.org/wiki/List_of_Sigma_Gamma_Rho_chapters#cite_note-:4-81","[","]","Petersburg, Virginia","https://en.wikipedia.org/wiki/Petersburg,_Virginia","88","https://en.wikipedia.org/wiki/List_of_Sigma_Gamma_Rho_chapters#cite_note-103","[","]",""
"Beta Omicron Sigma","","Active","67","https://en.wikipedia.org/wiki/List_of_Sigma_Gamma_Rho_chapters#cite_note-:4-81","[","]","Charlotte, North Carolina","https://en.wikipedia.org/wiki/Charlotte,_North_Carolina","89","https://en.wikipedia.org/wiki/List_of_Sigma_Gamma_Rho_chapters#cite_note-104","[","]","December 2, 1950"
"Beta Pi Sigma","","Active","67","https://en.wikipedia.org/wiki/List_of_Sigma_Gamma_Rho_chapters#cite_note-:4-81","[","]","Durham, North Carolina","https://en.wikipedia.org/wiki/Durham,_North_Carolina","90","https://en.wikipedia.org/wiki/List_of_Sigma_Gamma_Rho_chapters#cite_note-105","[","]","April 13, 1951"
"Beta Rho Sigma","1951","Active","91","https://en.wikipedia.org/wiki/List_of_Sigma_Gamma_Rho_chapters#cite_note-:16-106","[","]","Denver, Colorado","https://en.wikipedia.org/wiki/Denver","","","","",""
"Beta Sigma Sigma","195x ?","Active","67","https://en.wikipedia.org/wiki/List_of_Sigma_Gamma_Rho_chapters#cite_note-:4-81","[","]","Wilmington, North Carolina","https://en.wikipedia.org/wiki/Wilmington,_North_Carolina","","","","",""
"Beta Tau Sigma","","Inactive","","","","","","","","","","",""
"Beta Upsilon Sigma","","Inactive","","","","","","","","","","",""
"Beta Phi Sigma","195x ?–202x ?","Inactive","8","https://en.wikipedia.org/wiki/List_of_Sigma_Gamma_Rho_chapters#cite_note-:10-9","[","]","Jefferson City, Missouri","https://en.wikipedia.org/wiki/Jefferson_City,_Missouri","","","","",""
"Beta Chi Sigma","1953","Active","61","https://en.wikipedia.org/wiki/List_of_Sigma_Gamma_Rho_chapters#cite_note-:11-75","[","]","Hattiesburg, Mississippi","https://en.wikipedia.org/wiki/Hattiesburg,_Mississippi","92","https://en.wikipedia.org/wiki/List_of_Sigma_Gamma_Rho_chapters#cite_note-107","[","]",""
"Beta Psi Sigma","195x ?–xxxx ?; March 14, 2007","Active","67","https://en.wikipedia.org/wiki/List_of_Sigma_Gamma_Rho_chapters#cite_note-:4-81","[","]","","","93","https://en.wikipedia.org/wiki/List_of_Sigma_Gamma_Rho_chapters#cite_note-108","[","]",""
"Beta Omega Sigma","19xx ?","Active","64","https://en.wikipedia.org/wiki/List_of_Sigma_Gamma_Rho_chapters#cite_note-:7-78","[","]","Shreveport, Louisiana","https://en.wikipedia.org/wiki/Shreveport,_Louisiana","","","","",""
"Gamma Alpha Sigma","","Active","24","https://en.wikipedia.org/wiki/List_of_Sigma_Gamma_Rho_chapters#cite_note-:12-30","[","]","Bakersfield, California","https://en.wikipedia.org/wiki/Bakersfield,_California","","","","","March 14, 1954"
"Gamma Beta Sigma","1954","Active","8","https://en.wikipedia.org/wiki/List_of_Sigma_Gamma_Rho_chapters#cite_note-:10-9","[","]","Omaha, Nebraska","https://en.wikipedia.org/wiki/Omaha,_Nebraska","","","","",""
"Gamma Gamma Sigma","","Active","61","https://en.wikipedia.org/wiki/List_of_Sigma_Gamma_Rho_chapters#cite_note-:11-75","[","]","West Palm Beach, Florida","https://en.wikipedia.org/wiki/West_Palm_Beach,_Florida","94","https://en.wikipedia.org/wiki/List_of_Sigma_Gamma_Rho_chapters#cite_note-109","[","]","May 11, 1955"
"Gamma Delta Sigma","","Active","61","https://en.wikipedia.org/wiki/List_of_Sigma_Gamma_Rho_chapters#cite_note-:11-75","[","]","","","","","","","March 11, 1955"
"Gamma Epsilon Sigma","","Inactive","","","","","","","","","","",""
"Gamma Zeta Sigma","","Inactive","","","","","","","","","","",""
"Gamma Eta Sigma","19xx ?","Active","61","https://en.wikipedia.org/wiki/List_of_Sigma_Gamma_Rho_chapters#cite_note-:11-75","[","]","Knoxville, Tennessee","https://en.wikipedia.org/wiki/Knoxville,_Tennessee","","","","",""
"Gamma Theta Sigma","19xx ?","Active","61","https://en.wikipedia.org/wiki/List_of_Sigma_Gamma_Rho_chapters#cite_note-:11-75","[","]","Chattanooga, Tennessee","https://en.wikipedia.org/wiki/Chattanooga,_Tennessee","","","","",""
"Gamma Iota Sigma","","Active","61","https://en.wikipedia.org/wiki/List_of_Sigma_Gamma_Rho_chapters#cite_note-:11-75","[","]","Fort Pierce, Florida","https://en.wikipedia.org/wiki/Fort_Pierce,_Florida","","","","","April 1961"
"Gamma Kappa Sigma","","Inactive","","","","","","","","","","",""
"Gamma Lambda Sigma","19xx ?","Active","64","https://en.wikipedia.org/wiki/List_of_Sigma_Gamma_Rho_chapters#cite_note-:7-78","[","]","Lake Charles, Louisiana","https://en.wikipedia.org/wiki/Lake_Charles,_Louisiana","","","","",""
"Gamma Mu Sigma","19xx ?","Active","95","https://en.wikipedia.org/wiki/List_of_Sigma_Gamma_Rho_chapters#cite_note-:9-110","[","]","Oklahoma City, Oklahoma","https://en.wikipedia.org/wiki/Oklahoma_City","","","","",""
"Gamma Nu Sigma","1962","Active","67","https://en.wikipedia.org/wiki/List_of_Sigma_Gamma_Rho_chapters#cite_note-:4-81","[","]","Newark, New Jersey","https://en.wikipedia.org/wiki/Newark,_New_Jersey","","","","",""
"Gamma Xi Sigma","","Inactive","","","","","","","","","","",""
"Gamma Omicron Sigma","","Active","61","https://en.wikipedia.org/wiki/List_of_Sigma_Gamma_Rho_chapters#cite_note-:11-75","[","]","Jacksonville, Florida","https://en.wikipedia.org/wiki/Jacksonville,_Florida","96","https://en.wikipedia.org/wiki/List_of_Sigma_Gamma_Rho_chapters#cite_note-111","[","]","September 29, 1962"
"Gamma Pi Sigma","","Active","8","https://en.wikipedia.org/wiki/List_of_Sigma_Gamma_Rho_chapters#cite_note-:10-9","[","]","","","97","https://en.wikipedia.org/wiki/List_of_Sigma_Gamma_Rho_chapters#cite_note-112","[","]","March 15, 1963"
"Gamma Rho Sigma","","Inactive","","","","","","","","","","",""
"Gamma Sigma Sigma","196x ?","Active","67","https://en.wikipedia.org/wiki/List_of_Sigma_Gamma_Rho_chapters#cite_note-:4-81","[","]","Bermuda","https://en.wikipedia.org/wiki/Bermuda","","","","",""
"Gamma Tau Sigma","","Active","98","https://en.wikipedia.org/wiki/List_of_Sigma_Gamma_Rho_chapters#cite_note-113","[","]","Long Beach, California","https://en.wikipedia.org/wiki/Long_Beach,_California","","","","","December 26, 1964"
"Gamma Upsilon Sigma","196c ?","Active","67","https://en.wikipedia.org/wiki/List_of_Sigma_Gamma_Rho_chapters#cite_note-:4-81","[","]","Monroe, North Carolina","https://en.wikipedia.org/wiki/Monroe,_North_Carolina","","","","",""
"Gamma Phi Sigma","1966","Active","62","https://en.wikipedia.org/wiki/List_of_Sigma_Gamma_Rho_chapters#cite_note-:6-76","[","]","Houston, Texas","https://en.wikipedia.org/wiki/Houston","","","","",""
"Gamma Chi Sigma","","Active","8","https://en.wikipedia.org/wiki/List_of_Sigma_Gamma_Rho_chapters#cite_note-:10-9","[","]","Wichita, Kansas","https://en.wikipedia.org/wiki/Wichita,_Kansas","99","https://en.wikipedia.org/wiki/List_of_Sigma_Gamma_Rho_chapters#cite_note-114","[","]","June 17, 1967"
"Gamma Psi Sigma","","Active","8","https://en.wikipedia.org/wiki/List_of_Sigma_Gamma_Rho_chapters#cite_note-:10-9","[","]","Saginaw, Michigan","https://en.wikipedia.org/wiki/Saginaw,_Michigan","100","https://en.wikipedia.org/wiki/List_of_Sigma_Gamma_Rho_chapters#cite_note-115","[","]","May 21, 1967"
"Gamma Omega Sigma","196x ?","Active","67","https://en.wikipedia.org/wiki/List_of_Sigma_Gamma_Rho_chapters#cite_note-:4-81","[","]","Suffolk, Virginia","https://en.wikipedia.org/wiki/Suffolk,_Virginia","","","","",""
"Delta Alpha Sigma","","Active","61","https://en.wikipedia.org/wiki/List_of_Sigma_Gamma_Rho_chapters#cite_note-:11-75","[","]","Augusta, Georgia","https://en.wikipedia.org/wiki/Augusta,_Georgia","","","","","March 23, 1968"
"Delta Beta Sigma","","Active","67","https://en.wikipedia.org/wiki/List_of_Sigma_Gamma_Rho_chapters#cite_note-:4-81","[","]","Norfolk, Virginia","https://en.wikipedia.org/wiki/Norfolk,_Virginia","","","","","May 18, 1968"
"Delta Gamma Sigma","","Active","67","https://en.wikipedia.org/wiki/List_of_Sigma_Gamma_Rho_chapters#cite_note-:4-81","[","]","Fayetteville, North Carolina","https://en.wikipedia.org/wiki/Fayetteville,_North_Carolina","101","https://en.wikipedia.org/wiki/List_of_Sigma_Gamma_Rho_chapters#cite_note-116","[","]","June 8, 1968"
"Delta Delta Sigma","","Inactive","","","","","","","","","","",""
"Delta Epsilon Sigma","","Inactive","","","","","","","","","","",""
"Delta Zeta Sigma","19xx ?","Active","24","https://en.wikipedia.org/wiki/List_of_Sigma_Gamma_Rho_chapters#cite_note-:12-30","[","]","Compton, California","https://en.wikipedia.org/wiki/Compton,_California","","","","",""
"Delta Eta Sigma","","Active","8","https://en.wikipedia.org/wiki/List_of_Sigma_Gamma_Rho_chapters#cite_note-:10-9","[","]","Kansas City, Kansas","https://en.wikipedia.org/wiki/Kansas_City,_Kansas","102","https://en.wikipedia.org/wiki/List_of_Sigma_Gamma_Rho_chapters#cite_note-117","[","]","September 19, 1973"
"Delta Theta Sigma","","Inactive","","","","","","","","","","",""
"Delta Iota Sigma","","Active","61","https://en.wikipedia.org/wiki/List_of_Sigma_Gamma_Rho_chapters#cite_note-:11-75","[","]","Charleston, South Carolina","https://en.wikipedia.org/wiki/Charleston,_South_Carolina","103","https://en.wikipedia.org/wiki/List_of_Sigma_Gamma_Rho_chapters#cite_note-118","[","]","November 3, 1973"
"Delta Kappa Sigma","","Active","67","https://en.wikipedia.org/wiki/List_of_Sigma_Gamma_Rho_chapters#cite_note-:4-81","[","]","Plainfield, New Jersey","https://en.wikipedia.org/wiki/Plainfield,_New_Jersey","104","https://en.wikipedia.org/wiki/List_of_Sigma_Gamma_Rho_chapters#cite_note-119","[","]","January 26, 1974"
"Delta Lambda Sigma","197x ?","Active","61","https://en.wikipedia.org/wiki/List_of_Sigma_Gamma_Rho_chapters#cite_note-:11-75","[","]","Vicksburg, Mississippi","https://en.wikipedia.org/wiki/Vicksburg,_Mississippi","","","","",""
"Delta Mu Sigma","","Active","61","https://en.wikipedia.org/wiki/List_of_Sigma_Gamma_Rho_chapters#cite_note-:11-75","[","]","Orlando, Florida","https://en.wikipedia.org/wiki/Orlando,_Florida","105","https://en.wikipedia.org/wiki/List_of_Sigma_Gamma_Rho_chapters#cite_note-120","[","]","January 1974"
"Delta Nu Sigma","","Active","106","https://en.wikipedia.org/wiki/List_of_Sigma_Gamma_Rho_chapters#cite_note-121","[","]","Mount Vernon, New York","https://en.wikipedia.org/wiki/Mount_Vernon,_New_York","","","","","May 1975"
"Delta Xi Sigma","197x ?","Active","8","https://en.wikipedia.org/wiki/List_of_Sigma_Gamma_Rho_chapters#cite_note-:10-9","[","]","Evanston, Illinois","https://en.wikipedia.org/wiki/Evanston,_Illinois","","","","",""
"Delta Omicron Sigma","","Active","8","https://en.wikipedia.org/wiki/List_of_Sigma_Gamma_Rho_chapters#cite_note-:10-9","[","]","Columbus, Ohio","https://en.wikipedia.org/wiki/Columbus,_Ohio","107","https://en.wikipedia.org/wiki/List_of_Sigma_Gamma_Rho_chapters#cite_note-122","[","]","July 20, 1975"
"Delta Pi Sigma","","Active","61","https://en.wikipedia.org/wiki/List_of_Sigma_Gamma_Rho_chapters#cite_note-:11-75","[","]","Macon, Georgia","https://en.wikipedia.org/wiki/Macon,_Georgia","30","https://en.wikipedia.org/wiki/List_of_Sigma_Gamma_Rho_chapters#cite_note-:24-38","[","]","April 14, 1975"
"Delta Rho Sigma","– xxxx ?; September 2010","Active","61","https://en.wikipedia.org/wiki/List_of_Sigma_Gamma_Rho_chapters#cite_note-:11-75","[","]","Tuskegee, Alabama","https://en.wikipedia.org/wiki/Tuskegee,_Alabama","108","https://en.wikipedia.org/wiki/List_of_Sigma_Gamma_Rho_chapters#cite_note-123","[","]","November 8, 1975"
"Delta Sigma Sigma","","Active","67","https://en.wikipedia.org/wiki/List_of_Sigma_Gamma_Rho_chapters#cite_note-:4-81","[","]","Greensboro, North Carolina","https://en.wikipedia.org/wiki/Greensboro,_North_Carolina","43","https://en.wikipedia.org/wiki/List_of_Sigma_Gamma_Rho_chapters#cite_note-:25-55","[","]","April 24, 1976"
"Delta Tau Sigma","","Active","67","https://en.wikipedia.org/wiki/List_of_Sigma_Gamma_Rho_chapters#cite_note-:4-81","[","]","Dover, Delaware","https://en.wikipedia.org/wiki/Dover,_Delaware","109","https://en.wikipedia.org/wiki/List_of_Sigma_Gamma_Rho_chapters#cite_note-124","[","]","March 30, 1974"
"Delta Upsilon Sigma","","Active","61","https://en.wikipedia.org/wiki/List_of_Sigma_Gamma_Rho_chapters#cite_note-:11-75","[","]","Fort Lauderdale, Florida","https://en.wikipedia.org/wiki/Fort_Lauderdale,_Florida","","","","","April 4, 1976"
"Delta Phi Sigma","","Active","67","https://en.wikipedia.org/wiki/List_of_Sigma_Gamma_Rho_chapters#cite_note-:4-81","[","]","","","110","https://en.wikipedia.org/wiki/List_of_Sigma_Gamma_Rho_chapters#cite_note-125","[","]","April 10, 1976"
"Delta Chi Sigma","197x ?  – xxxx ?; 2009","Active","61","https://en.wikipedia.org/wiki/List_of_Sigma_Gamma_Rho_chapters#cite_note-:11-75","[","]","Orangeburg, South Carolina","https://en.wikipedia.org/wiki/Orangeburg,_South_Carolina","","","","",""
"Delta Psi Sigma","","Active","111","https://en.wikipedia.org/wiki/List_of_Sigma_Gamma_Rho_chapters#cite_note-126","[","]","","","","","","","May 27, 1977"
"Delta Omega Sigma","197x ?","Active","8","https://en.wikipedia.org/wiki/List_of_Sigma_Gamma_Rho_chapters#cite_note-:10-9","[","]","Urbana, Illinois","https://en.wikipedia.org/wiki/Urbana,_Illinois","","","","",""
"Epsilon Alpha Sigma","","Active","64","https://en.wikipedia.org/wiki/List_of_Sigma_Gamma_Rho_chapters#cite_note-:7-78","[","]","Opelousas, Louisiana","https://en.wikipedia.org/wiki/Opelousas,_Louisiana","","","","","June 9, 1979"
"Epsilon Beta Sigma","19xx ?","Active","61","https://en.wikipedia.org/wiki/List_of_Sigma_Gamma_Rho_chapters#cite_note-:11-75","[","]","St. Petersburg, Florida","https://en.wikipedia.org/wiki/St._Petersburg,_Florida","","","","",""
"Epsilon Gamma Sigma","","Inactive","","","","","","","","","","",""
"Epsilon Delta Sigma","","Inactive","","","","","","","","","","",""
"Epsilon Epsilon Sigma","","Inactive","","","","","","","","","","",""
"Epsilon Zeta Sigma","","Active","67","https://en.wikipedia.org/wiki/List_of_Sigma_Gamma_Rho_chapters#cite_note-:4-81","[","]","Burlington, New Jersey","https://en.wikipedia.org/wiki/Burlington,_New_Jersey","","","","","May 26, 1979"
"Epsilon Eta Sigma","","Active","8","https://en.wikipedia.org/wiki/List_of_Sigma_Gamma_Rho_chapters#cite_note-:10-9","[","]","Peoria, Illinois","https://en.wikipedia.org/wiki/Peoria,_Illinois","112","https://en.wikipedia.org/wiki/List_of_Sigma_Gamma_Rho_chapters#cite_note-127","[","]","May 3, 1980"
"Epsilon Theta Sigma","198x ?","Active","8","https://en.wikipedia.org/wiki/List_of_Sigma_Gamma_Rho_chapters#cite_note-:10-9","[","]","Des Moines, Iowa","https://en.wikipedia.org/wiki/Des_Moines,_Iowa","","","","",""
"Epsilon Iota Sigma","","Inactive","","","","","","","","","","",""
"Epsilon Kappa Sigma","","Active","8","https://en.wikipedia.org/wiki/List_of_Sigma_Gamma_Rho_chapters#cite_note-:10-9","[","]","Dayton, Ohio","https://en.wikipedia.org/wiki/Dayton,_Ohio","113","https://en.wikipedia.org/wiki/List_of_Sigma_Gamma_Rho_chapters#cite_note-128","[","]","July 31, 1980"
"Epsilon Lambda Sigma","N","Active","8","https://en.wikipedia.org/wiki/List_of_Sigma_Gamma_Rho_chapters#cite_note-:10-9","[","]","","","114","https://en.wikipedia.org/wiki/List_of_Sigma_Gamma_Rho_chapters#cite_note-129","[","]","November 1, 1980"
"Epsilon Mu Sigma","1980","Active","61","https://en.wikipedia.org/wiki/List_of_Sigma_Gamma_Rho_chapters#cite_note-:11-75","[","]","Tuscaloosa, Alabama","https://en.wikipedia.org/wiki/Tuscaloosa,_Alabama","","","","",""
"Epsilon Nu Sigma","198x ?","Active","8","https://en.wikipedia.org/wiki/List_of_Sigma_Gamma_Rho_chapters#cite_note-:10-9","[","]","Matteson, Illinois","https://en.wikipedia.org/wiki/Matteson,_Illinois","","","","",""
"Epsilon Xi Sigma","198x ?–xxxx ?","Inactive","61","https://en.wikipedia.org/wiki/List_of_Sigma_Gamma_Rho_chapters#cite_note-:11-75","[","]","Ocala, Florida","https://en.wikipedia.org/wiki/Ocala,_Florida","","","","",""
"Epsilon Omicron Sigma","","Inactive","","","","","","","","","","",""
"Epsilon Pi Sigma","","Inactive","","","","","","","","","","",""
"Epsilon Rho Sigma","","Active","61","https://en.wikipedia.org/wiki/List_of_Sigma_Gamma_Rho_chapters#cite_note-:11-75","[","]","Pensacola, Florida","https://en.wikipedia.org/wiki/Pensacola,_Florida","115","https://en.wikipedia.org/wiki/List_of_Sigma_Gamma_Rho_chapters#cite_note-130","[","]","April 17, 1981"
"Epsilon Sigma Sigma","1981–xxxx ?","Inactive","8","https://en.wikipedia.org/wiki/List_of_Sigma_Gamma_Rho_chapters#cite_note-:10-9","[","]","Springfield, Illinois","https://en.wikipedia.org/wiki/Springfield,_Illinois","","","","",""
"Epsilon Tau Sigma","1981","Active","62","https://en.wikipedia.org/wiki/List_of_Sigma_Gamma_Rho_chapters#cite_note-:6-76","[","]","Stafford, Texas","https://en.wikipedia.org/wiki/Stafford,_Texas","","","","",""
"Epsilon Upsilon Sigma","","Inactive","","","","","","","","","","",""
"Epsilon Phi Sigma","","Active","116","https://en.wikipedia.org/wiki/List_of_Sigma_Gamma_Rho_chapters#cite_note-131","[","]","Gretna, Louisiana","https://en.wikipedia.org/wiki/Gretna,_Louisiana","","","","","November 7, 1981"
"Epsilon Chi Sigma","198x ?","Active","24","https://en.wikipedia.org/wiki/List_of_Sigma_Gamma_Rho_chapters#cite_note-:12-30","[","]","Lancaster, California","https://en.wikipedia.org/wiki/Lancaster,_California","","","","",""
"Epsilon Psi Sigma","","Active","8","https://en.wikipedia.org/wiki/List_of_Sigma_Gamma_Rho_chapters#cite_note-:10-9","[","]","Topeka, Kansas","https://en.wikipedia.org/wiki/Topeka,_Kansas","117","https://en.wikipedia.org/wiki/List_of_Sigma_Gamma_Rho_chapters#cite_note-132","[","]","March 6, 1982"
"Epsilon Omega Sigma","","Active","95","https://en.wikipedia.org/wiki/List_of_Sigma_Gamma_Rho_chapters#cite_note-:9-110","[","]","","","","","","","December 19, 1983"
"Zeta Alpha Sigma","1985","Active","61","https://en.wikipedia.org/wiki/List_of_Sigma_Gamma_Rho_chapters#cite_note-:11-75","[","]","College Park, Georgia","https://en.wikipedia.org/wiki/College_Park,_Georgia","","","","",""
"Zeta Beta Sigma","198x ?","Active","61","https://en.wikipedia.org/wiki/List_of_Sigma_Gamma_Rho_chapters#cite_note-:11-75","[","]","D'Iberville, Mississippi","https://en.wikipedia.org/wiki/D%27Iberville,_Mississippi","","","","",""
"Zeta Gamma Sigma","","Active","8","https://en.wikipedia.org/wiki/List_of_Sigma_Gamma_Rho_chapters#cite_note-:10-9","[","]","East Chicago, Indiana","https://en.wikipedia.org/wiki/East_Chicago,_Indiana","","","","","July 9, 1982"
"Zeta Delta Sigma","1982","Active","62","https://en.wikipedia.org/wiki/List_of_Sigma_Gamma_Rho_chapters#cite_note-:6-76","[","]","Arlington, Texas","https://en.wikipedia.org/wiki/Arlington,_Texas","118","https://en.wikipedia.org/wiki/List_of_Sigma_Gamma_Rho_chapters#cite_note-133","[","]",""
"Zeta Epsilon Sigma","198x ?","Active","61","https://en.wikipedia.org/wiki/List_of_Sigma_Gamma_Rho_chapters#cite_note-:11-75","[","]","Greenwood, Mississippi","https://en.wikipedia.org/wiki/Greenwood,_Mississippi","","","","",""
"Zeta Zeta Sigma","","Active","8","https://en.wikipedia.org/wiki/List_of_Sigma_Gamma_Rho_chapters#cite_note-:10-9","[","]","Ann Arbor, Michigan","https://en.wikipedia.org/wiki/Ann_Arbor,_Michigan","119","https://en.wikipedia.org/wiki/List_of_Sigma_Gamma_Rho_chapters#cite_note-134","[","]","January 30, 1988"
"Zeta Eta Sigma","","Active","8","https://en.wikipedia.org/wiki/List_of_Sigma_Gamma_Rho_chapters#cite_note-:10-9","[","]","Pontiac, Michigan","https://en.wikipedia.org/wiki/Pontiac,_Michigan","120","https://en.wikipedia.org/wiki/List_of_Sigma_Gamma_Rho_chapters#cite_note-135","[","]","May 25, 1985"
"Zeta Theta Sigma","","Inactive","","","","","","","","","","",""
"Zeta Iota Sigma","198x ?–xxxx ?, August 2017","Active","8","https://en.wikipedia.org/wiki/List_of_Sigma_Gamma_Rho_chapters#cite_note-:10-9","[","]","Saint Paul, Minnesota","https://en.wikipedia.org/wiki/Saint_Paul,_Minnesota","121","https://en.wikipedia.org/wiki/List_of_Sigma_Gamma_Rho_chapters#cite_note-136","[","]",""
"Zeta Kappa Sigma","198x ?","Active","8","https://en.wikipedia.org/wiki/List_of_Sigma_Gamma_Rho_chapters#cite_note-:10-9","[","]","Lansing, Michigan","https://en.wikipedia.org/wiki/Lansing,_Michigan","","","","",""
"Zeta Lambda Sigma","198x ?","Active","61","https://en.wikipedia.org/wiki/List_of_Sigma_Gamma_Rho_chapters#cite_note-:11-75","[","]","Starkville, Mississippi","https://en.wikipedia.org/wiki/Starkville,_Mississippi","","","","",""
"Zeta Mu Sigma","– xxxx ?; December 1, 2008","Active","67","https://en.wikipedia.org/wiki/List_of_Sigma_Gamma_Rho_chapters#cite_note-:4-81","[","]","Charlottesville, Virginia","https://en.wikipedia.org/wiki/Charlottesville,_Virginia","122","https://en.wikipedia.org/wiki/List_of_Sigma_Gamma_Rho_chapters#cite_note-137","[","]","November 5, 1983"
"Zeta Nu Sigma","","Active","33","https://en.wikipedia.org/wiki/List_of_Sigma_Gamma_Rho_chapters#cite_note-:2-42","[","]","","","67","https://en.wikipedia.org/wiki/List_of_Sigma_Gamma_Rho_chapters#cite_note-:4-81","[","]","April 12, 1986"
"Zeta Xi Sigma","198x ?","Active","8","https://en.wikipedia.org/wiki/List_of_Sigma_Gamma_Rho_chapters#cite_note-:10-9","[","]","Harvey, Illinois","https://en.wikipedia.org/wiki/Harvey,_Illinois","","","","",""
"Zeta Omicron Sigma","198x ?","Active","8","https://en.wikipedia.org/wiki/List_of_Sigma_Gamma_Rho_chapters#cite_note-:10-9","[","]","Bolingbrook, Illinois","https://en.wikipedia.org/wiki/Bolingbrook,_Illinois","","","","",""
"Zeta Pi Sigma","1984","Active","67","https://en.wikipedia.org/wiki/List_of_Sigma_Gamma_Rho_chapters#cite_note-:4-81","[","]","Greenville, North Carolina","https://en.wikipedia.org/wiki/Greenville,_North_Carolina","123","https://en.wikipedia.org/wiki/List_of_Sigma_Gamma_Rho_chapters#cite_note-138","[","]",""
"Zeta Rho Sigma","198x ?","Active","61","https://en.wikipedia.org/wiki/List_of_Sigma_Gamma_Rho_chapters#cite_note-:11-75","[","]","Freeport, Bahamas","https://en.wikipedia.org/wiki/Freeport,_Bahamas","","","","",""
"Zeta Sigma Sigma","","Inactive","","","","","","","","","","",""
"Zeta Tau Sigma","1983","Active","67","https://en.wikipedia.org/wiki/List_of_Sigma_Gamma_Rho_chapters#cite_note-:4-81","[","]","Largo, Maryland","https://en.wikipedia.org/wiki/Largo,_Maryland","","","","",""
"Zeta Upsilon Sigma","198x ?– xxxx ?","Inactive","","","","","Kingsmill, Virginia","https://en.wikipedia.org/wiki/Kingsmill,_Virginia","","","","",""
"Zeta Phi Sigma","– xxxx ?; July 1, 2017","Active","124","https://en.wikipedia.org/wiki/List_of_Sigma_Gamma_Rho_chapters#cite_note-139","[","]","Tacoma, Washington","https://en.wikipedia.org/wiki/Tacoma,_Washington","","","","","June 13, 1987"
"Zeta Chi Sigma","198x ?","Active","95","https://en.wikipedia.org/wiki/List_of_Sigma_Gamma_Rho_chapters#cite_note-:9-110","[","]","Norman, Oklahoma","https://en.wikipedia.org/wiki/Norman,_Oklahoma","","","","",""
"Zeta Psi Sigma","19xx ?","Active","61","https://en.wikipedia.org/wiki/List_of_Sigma_Gamma_Rho_chapters#cite_note-:11-75","[","]","Albany, Georgia","https://en.wikipedia.org/wiki/Albany,_Georgia","","","","",""
"Zeta Omega Sigma","","Active","67","https://en.wikipedia.org/wiki/List_of_Sigma_Gamma_Rho_chapters#cite_note-:4-81","[","]","Randallstown, Maryland","https://en.wikipedia.org/wiki/Randallstown,_Maryland","125","https://en.wikipedia.org/wiki/List_of_Sigma_Gamma_Rho_chapters#cite_note-140","[","]","March 6, 1988"
"Eta Alpha Sigma","","Active","24","https://en.wikipedia.org/wiki/List_of_Sigma_Gamma_Rho_chapters#cite_note-:12-30","[","]","Sacramento, California","https://en.wikipedia.org/wiki/Sacramento,_California","126","https://en.wikipedia.org/wiki/List_of_Sigma_Gamma_Rho_chapters#cite_note-141","[","]","September 28, 1988"
"Eta Beta Sigma","1989–xxxx ?; November 18, 2017","Active","44","https://en.wikipedia.org/wiki/List_of_Sigma_Gamma_Rho_chapters#cite_note-:13-57","[","]","Albuquerque, New Mexico","https://en.wikipedia.org/wiki/Albuquerque,_New_Mexico","127","https://en.wikipedia.org/wiki/List_of_Sigma_Gamma_Rho_chapters#cite_note-142","[","]",""
"Eta Gamma Sigma","1989","Active","61","https://en.wikipedia.org/wiki/List_of_Sigma_Gamma_Rho_chapters#cite_note-:11-75","[","]","Denmark, South Carolina","https://en.wikipedia.org/wiki/Denmark,_South_Carolina","","","","",""
"Eta Delta Sigma","","Active","8","https://en.wikipedia.org/wiki/List_of_Sigma_Gamma_Rho_chapters#cite_note-:10-9","[","]","Akron, Ohio","https://en.wikipedia.org/wiki/Akron,_Ohio","128","https://en.wikipedia.org/wiki/List_of_Sigma_Gamma_Rho_chapters#cite_note-143","[","]","September 19, 1989"
"Eta Epsilon Sigma","1990","Active","8","https://en.wikipedia.org/wiki/List_of_Sigma_Gamma_Rho_chapters#cite_note-:10-9","[","]","Lexington, Kentucky","https://en.wikipedia.org/wiki/Lexington,_Kentucky","","","","",""
"Eta Zeta Sigma","199x ?","Active","67","https://en.wikipedia.org/wiki/List_of_Sigma_Gamma_Rho_chapters#cite_note-:4-81","[","]","Ellicott City, Maryland","https://en.wikipedia.org/wiki/Ellicott_City,_Maryland","","","","",""
"Eta Eta Sigma","– 201x ?","Inactive","61","https://en.wikipedia.org/wiki/List_of_Sigma_Gamma_Rho_chapters#cite_note-:11-75","[","]","Boynton Beach, Florida","https://en.wikipedia.org/wiki/Boynton_Beach,_Florida","","","","","October 17, 1992"
"Eta Theta Sigma","– xxxx ?; October 22, 2016","Active","67","https://en.wikipedia.org/wiki/List_of_Sigma_Gamma_Rho_chapters#cite_note-:4-81","[","]","Silver Spring, Maryland","https://en.wikipedia.org/wiki/Silver_Spring,_Maryland","","","","","October 20, 1990"
"Eta Iota Sigma","","Active","67","https://en.wikipedia.org/wiki/List_of_Sigma_Gamma_Rho_chapters#cite_note-:4-81","[","]","Chevy Chase, Maryland","https://en.wikipedia.org/wiki/Chevy_Chase,_Maryland","40","https://en.wikipedia.org/wiki/List_of_Sigma_Gamma_Rho_chapters#cite_note-:20-52","[","]","November 3, 1990"
"Eta Kappa Sigma","199x ?","Active","61","https://en.wikipedia.org/wiki/List_of_Sigma_Gamma_Rho_chapters#cite_note-:11-75","[","]","","","","","","",""
"Eta Lambda Sigma","","Active","129","https://en.wikipedia.org/wiki/List_of_Sigma_Gamma_Rho_chapters#cite_note-144","[","]","Monroe, Louisiana","https://en.wikipedia.org/wiki/Monroe,_Louisiana","130","https://en.wikipedia.org/wiki/List_of_Sigma_Gamma_Rho_chapters#cite_note-145","[","]","June 7, 1991"
"Eta Mu Sigma","1991","Active","8","https://en.wikipedia.org/wiki/List_of_Sigma_Gamma_Rho_chapters#cite_note-:10-9","[","]","","","","","","",""
"Eta Nu Sigma","","Active","67","https://en.wikipedia.org/wiki/List_of_Sigma_Gamma_Rho_chapters#cite_note-:4-81","[","]","Brooklyn, New York","https://en.wikipedia.org/wiki/Brooklyn","131","https://en.wikipedia.org/wiki/List_of_Sigma_Gamma_Rho_chapters#cite_note-146","[","]","December 21, 1991"
"Eta Xi Sigma","","Active","8","https://en.wikipedia.org/wiki/List_of_Sigma_Gamma_Rho_chapters#cite_note-:10-9","[","]","Oak Lawn, Illinois","https://en.wikipedia.org/wiki/Oak_Lawn,_Illinois","132","https://en.wikipedia.org/wiki/List_of_Sigma_Gamma_Rho_chapters#cite_note-147","[","]","August 16, 1992"
"Eta Omicron Sigma First","– xxxx ?","Reissued","133","https://en.wikipedia.org/wiki/List_of_Sigma_Gamma_Rho_chapters#cite_note-:22-148","[","]","Washington, D.C.","https://en.wikipedia.org/wiki/Washington,_D.C.","","","","","February 20, 1993"
"Eta Omicron Sigma","","Active","67","https://en.wikipedia.org/wiki/List_of_Sigma_Gamma_Rho_chapters#cite_note-:4-81","[","]","Waldorf, Maryland","https://en.wikipedia.org/wiki/Waldorf,_Maryland","133","https://en.wikipedia.org/wiki/List_of_Sigma_Gamma_Rho_chapters#cite_note-:22-148","[","]","December 22, 2005"
"Eta Pi Sigma First","– xxxx ?","Reissued","134","https://en.wikipedia.org/wiki/List_of_Sigma_Gamma_Rho_chapters#cite_note-:23-149","[","]","Kalamazoo, Michigan","https://en.wikipedia.org/wiki/Kalamazoo,_Michigan","","","","","March 27, 1993"
"Eta Pi Sigma","","Active","8","https://en.wikipedia.org/wiki/List_of_Sigma_Gamma_Rho_chapters#cite_note-:10-9","[","]","Grand Rapids, Michigan","https://en.wikipedia.org/wiki/Grand_Rapids,_Michigan","134","https://en.wikipedia.org/wiki/List_of_Sigma_Gamma_Rho_chapters#cite_note-:23-149","[","]","April 16, 2011"
"Eta Rho Sigma","","Active","67","https://en.wikipedia.org/wiki/List_of_Sigma_Gamma_Rho_chapters#cite_note-:4-81","[","]","Buffalo, New York","https://en.wikipedia.org/wiki/Buffalo,_New_York","","","","","March 13, 1993"
"Eta Sigma Sigma","","Active","61","https://en.wikipedia.org/wiki/List_of_Sigma_Gamma_Rho_chapters#cite_note-:11-75","[","]","Greenville, South Carolina","https://en.wikipedia.org/wiki/Greenville,_South_Carolina","135","https://en.wikipedia.org/wiki/List_of_Sigma_Gamma_Rho_chapters#cite_note-150","[","]","August 12, 1993"
"Eta Tau Sigma","","Inactive","","","","","","","","","","",""
"Eta Upsilon Sigma","1993","Active","61","https://en.wikipedia.org/wiki/List_of_Sigma_Gamma_Rho_chapters#cite_note-:11-75","[","]","Brunswick, Georgia","https://en.wikipedia.org/wiki/Brunswick,_Georgia","","","","",""
"Eta Phi Sigma","199x ?","Active","61","https://en.wikipedia.org/wiki/List_of_Sigma_Gamma_Rho_chapters#cite_note-:11-75","[","]","Gainesville, Florida","https://en.wikipedia.org/wiki/Gainesville,_Florida","","","","",""
"Eta Chi Sigma","","Active","136","https://en.wikipedia.org/wiki/List_of_Sigma_Gamma_Rho_chapters#cite_note-:17-151","[","]","","","137","https://en.wikipedia.org/wiki/List_of_Sigma_Gamma_Rho_chapters#cite_note-152","[","]","September 1994"
"Eta Psi Sigma","","Active","64","https://en.wikipedia.org/wiki/List_of_Sigma_Gamma_Rho_chapters#cite_note-:7-78","[","]","Shreveport, Louisiana","https://en.wikipedia.org/wiki/Shreveport,_Louisiana","","","","","October 28, 1994"
"Eta Omega Sigma","199x ?","Active","67","https://en.wikipedia.org/wiki/List_of_Sigma_Gamma_Rho_chapters#cite_note-:4-81","[","]","Roanoke, Virginia","https://en.wikipedia.org/wiki/Roanoke,_Virginia","","","","",""
"Theta Alpha Sigma","","Active","67","https://en.wikipedia.org/wiki/List_of_Sigma_Gamma_Rho_chapters#cite_note-:4-81","[","]","Hartford, Connecticut","https://en.wikipedia.org/wiki/Hartford,_Connecticut","42","https://en.wikipedia.org/wiki/List_of_Sigma_Gamma_Rho_chapters#cite_note-:21-54","[","]","June 1995"
"Theta Beta Sigma","","Inactive","","","","","","","","","","",""
"Theta Gamma Sigma","","Active","67","https://en.wikipedia.org/wiki/List_of_Sigma_Gamma_Rho_chapters#cite_note-:4-81","[","]","Albany, New York","https://en.wikipedia.org/wiki/Albany,_New_York","138","https://en.wikipedia.org/wiki/List_of_Sigma_Gamma_Rho_chapters#cite_note-153","[","]","December 1, 1995"
"Theta Delta Sigma","– xxxx ?; December 15, 2016","Active","8","https://en.wikipedia.org/wiki/List_of_Sigma_Gamma_Rho_chapters#cite_note-:10-9","[","]","Flint, Michigan","https://en.wikipedia.org/wiki/Flint,_Michigan","139","https://en.wikipedia.org/wiki/List_of_Sigma_Gamma_Rho_chapters#cite_note-154","[","]","February 17, 1996"
"Theta Epsilon Sigma","","Active","24","https://en.wikipedia.org/wiki/List_of_Sigma_Gamma_Rho_chapters#cite_note-:12-30","[","]","Culver City, California","https://en.wikipedia.org/wiki/Culver_City,_California","140","https://en.wikipedia.org/wiki/List_of_Sigma_Gamma_Rho_chapters#cite_note-155","[","]","June 2, 1996"
"Theta Zeta Sigma","1996","Active","141","https://en.wikipedia.org/wiki/List_of_Sigma_Gamma_Rho_chapters#cite_note-156","[","]","Aurora, Colorado","https://en.wikipedia.org/wiki/Aurora,_Colorado","91","https://en.wikipedia.org/wiki/List_of_Sigma_Gamma_Rho_chapters#cite_note-:16-106","[","]",""
"Theta Eta Sigma","","Active","61","https://en.wikipedia.org/wiki/List_of_Sigma_Gamma_Rho_chapters#cite_note-:11-75","[","]","Rock Hill, South Carolina","https://en.wikipedia.org/wiki/Rock_Hill,_South_Carolina","142","https://en.wikipedia.org/wiki/List_of_Sigma_Gamma_Rho_chapters#cite_note-157","[","]","December 3, 1996"
"Theta Theta Sigma","","Active","61","https://en.wikipedia.org/wiki/List_of_Sigma_Gamma_Rho_chapters#cite_note-:11-75","[","]","Huntsville, Alabama","https://en.wikipedia.org/wiki/Huntsville,_Alabama","143","https://en.wikipedia.org/wiki/List_of_Sigma_Gamma_Rho_chapters#cite_note-158","[","]","November 12, 1998"
"Theta Iota Sigma","","Active","61","https://en.wikipedia.org/wiki/List_of_Sigma_Gamma_Rho_chapters#cite_note-:11-75","[","]","Oxford, Mississippi","https://en.wikipedia.org/wiki/Oxford,_Mississippi","","","","","November 6, 1996"
"Theta Kappa Sigma","","Inactive","","","","","","","","","","",""
"Theta Lambda Sigma","","Active","67","https://en.wikipedia.org/wiki/List_of_Sigma_Gamma_Rho_chapters#cite_note-:4-81","[","]","Cary, North Carolina","https://en.wikipedia.org/wiki/Cary,_North_Carolina","144","https://en.wikipedia.org/wiki/List_of_Sigma_Gamma_Rho_chapters#cite_note-159","[","]","September 26, 1997"
"Theta Mu Sigma","199x ?","Active","67","https://en.wikipedia.org/wiki/List_of_Sigma_Gamma_Rho_chapters#cite_note-:4-81","[","]","Kernersville, North Carolina","https://en.wikipedia.org/wiki/Kernersville,_North_Carolina","","","","",""
"Theta Nu Sigma","","Active","61","https://en.wikipedia.org/wiki/List_of_Sigma_Gamma_Rho_chapters#cite_note-:11-75","[","]","Florence, South Carolina","https://en.wikipedia.org/wiki/Florence,_South_Carolina","","","","","October 4, 1997"
"Theta Xi Sigma","","Inactive","","","","","","","","","","",""
"Theta Omicron Sigma","","Active","67","https://en.wikipedia.org/wiki/List_of_Sigma_Gamma_Rho_chapters#cite_note-:4-81","[","]","Syracuse, New York","https://en.wikipedia.org/wiki/Syracuse,_New_York","145","https://en.wikipedia.org/wiki/List_of_Sigma_Gamma_Rho_chapters#cite_note-160","[","]","January 31, 1998"
"Theta Pi Sigma","","Active","24","https://en.wikipedia.org/wiki/List_of_Sigma_Gamma_Rho_chapters#cite_note-:12-30","[","]","Riverside County, California","https://en.wikipedia.org/wiki/Riverside_County,_California","","","","","February 21, 1998"
"Theta Rho Sigma","","Active","67","https://en.wikipedia.org/wiki/List_of_Sigma_Gamma_Rho_chapters#cite_note-:4-81","[","]","","","","","","","November 1, 1998"
"Theta Sigma Sigma","","Active","67","https://en.wikipedia.org/wiki/List_of_Sigma_Gamma_Rho_chapters#cite_note-:4-81","[","]","Poughkeepsie, New York","https://en.wikipedia.org/wiki/Poughkeepsie,_New_York","146","https://en.wikipedia.org/wiki/List_of_Sigma_Gamma_Rho_chapters#cite_note-161","[","]","November 12, 1998"
"Theta Tau Sigma","199x ?","Active","61","https://en.wikipedia.org/wiki/List_of_Sigma_Gamma_Rho_chapters#cite_note-:11-75","[","]","Saint Thomas, U.S. Virgin Islands","https://en.wikipedia.org/wiki/Saint_Thomas,_U.S._Virgin_Islands","","","","",""
"Theta Upsilon Sigma","","Active","24","https://en.wikipedia.org/wiki/List_of_Sigma_Gamma_Rho_chapters#cite_note-:12-30","[","]","Inglewood, California","https://en.wikipedia.org/wiki/Inglewood,_California","147","https://en.wikipedia.org/wiki/List_of_Sigma_Gamma_Rho_chapters#cite_note-162","[","]","December 19, 1998"
"Theta Phi Sigma","","Active","67","https://en.wikipedia.org/wiki/List_of_Sigma_Gamma_Rho_chapters#cite_note-:4-81","[","]","Jersey City, New Jersey","https://en.wikipedia.org/wiki/Jersey_City,_New_Jersey","148","https://en.wikipedia.org/wiki/List_of_Sigma_Gamma_Rho_chapters#cite_note-163","[","]","January 30, 1999"
"Theta Chi Sigma","","Active","8","https://en.wikipedia.org/wiki/List_of_Sigma_Gamma_Rho_chapters#cite_note-:10-9","[","]","Oak Park, Illinois","https://en.wikipedia.org/wiki/Oak_Park,_Illinois","149","https://en.wikipedia.org/wiki/List_of_Sigma_Gamma_Rho_chapters#cite_note-164","[","]","March 6, 1999"
"Theta Psi Sigma","","Active","67","https://en.wikipedia.org/wiki/List_of_Sigma_Gamma_Rho_chapters#cite_note-:4-81","[","]","Chester, Pennsylvania","https://en.wikipedia.org/wiki/Chester,_Pennsylvania","","","","","October 3, 1999"
"Theta Omega Sigma","– xxxx ?; January 22, 2011","Active","67","https://en.wikipedia.org/wiki/List_of_Sigma_Gamma_Rho_chapters#cite_note-:4-81","[","]","Rochester, New York","https://en.wikipedia.org/wiki/Rochester,_New_York","150","https://en.wikipedia.org/wiki/List_of_Sigma_Gamma_Rho_chapters#cite_note-165","[","]","October 23, 1999"
"Iota Alpha Sigma","xxxx ?","Active","67","https://en.wikipedia.org/wiki/List_of_Sigma_Gamma_Rho_chapters#cite_note-:4-81","[","]","Bergen County, New Jersey","https://en.wikipedia.org/wiki/Bergen_County,_New_Jersey","","","","",""
"Iota Beta Sigma","2000","Active","24","https://en.wikipedia.org/wiki/List_of_Sigma_Gamma_Rho_chapters#cite_note-:12-30","[","]","","","151","https://en.wikipedia.org/wiki/List_of_Sigma_Gamma_Rho_chapters#cite_note-166","[","]",""
"Iota Gamma Sigma","","Active","61","https://en.wikipedia.org/wiki/List_of_Sigma_Gamma_Rho_chapters#cite_note-:11-75","[","]","Athens, Georgia","https://en.wikipedia.org/wiki/Athens,_Georgia","152","https://en.wikipedia.org/wiki/List_of_Sigma_Gamma_Rho_chapters#cite_note-167","[","]","June 10, 2000"
"Iota Delta Sigma","","Active","8","https://en.wikipedia.org/wiki/List_of_Sigma_Gamma_Rho_chapters#cite_note-:10-9","[","]","","","153","https://en.wikipedia.org/wiki/List_of_Sigma_Gamma_Rho_chapters#cite_note-168","[","]","January 13, 2001"
"Iota Epsilon Sigma","","Active","67","https://en.wikipedia.org/wiki/List_of_Sigma_Gamma_Rho_chapters#cite_note-:4-81","[","]","Woodbridge, Virginia","https://en.wikipedia.org/wiki/Woodbridge,_Virginia","154","https://en.wikipedia.org/wiki/List_of_Sigma_Gamma_Rho_chapters#cite_note-169","[","]","March 31, 2001"
"Iota Zeta Sigma","","Active","61","https://en.wikipedia.org/wiki/List_of_Sigma_Gamma_Rho_chapters#cite_note-:11-75","[","]","","","155","https://en.wikipedia.org/wiki/List_of_Sigma_Gamma_Rho_chapters#cite_note-170","[","]","March 24, 2001"
"Iota Eta Sigma","","Active","61","https://en.wikipedia.org/wiki/List_of_Sigma_Gamma_Rho_chapters#cite_note-:11-75","[","]","Troy, Alabama","https://en.wikipedia.org/wiki/Troy,_Alabama","","","","","December 1, 2001"
"Iota Theta Sigma","","Active","8","https://en.wikipedia.org/wiki/List_of_Sigma_Gamma_Rho_chapters#cite_note-:10-9","[","]","Toledo, Ohio","https://en.wikipedia.org/wiki/Toledo,_Ohio","156","https://en.wikipedia.org/wiki/List_of_Sigma_Gamma_Rho_chapters#cite_note-171","[","]","December 8, 2001"
"Iota Iota Sigma","","Inactive","","","","","","","","","","",""
"Iota Kappa Sigma","","Active","61","https://en.wikipedia.org/wiki/List_of_Sigma_Gamma_Rho_chapters#cite_note-:11-75","[","]","Brevard County, Florida","https://en.wikipedia.org/wiki/Brevard_County,_Florida","157","https://en.wikipedia.org/wiki/List_of_Sigma_Gamma_Rho_chapters#cite_note-172","[","]","March 16, 2002"
"Iota Lambda Sigma","","Active","61","https://en.wikipedia.org/wiki/List_of_Sigma_Gamma_Rho_chapters#cite_note-:11-75","[","]","Germantown, Tennessee","https://en.wikipedia.org/wiki/Germantown,_Tennessee","158","https://en.wikipedia.org/wiki/List_of_Sigma_Gamma_Rho_chapters#cite_note-173","[","]","June 29, 2002"
"Iota Mu Sigma","200x ?","Active","61","https://en.wikipedia.org/wiki/List_of_Sigma_Gamma_Rho_chapters#cite_note-:11-75","[","]","Kingstree, South Carolina","https://en.wikipedia.org/wiki/Kingstree,_South_Carolina","","","","",""
"Iota Nu Sigma","","Active","8","https://en.wikipedia.org/wiki/List_of_Sigma_Gamma_Rho_chapters#cite_note-:10-9","[","]","Worthington, Ohio","https://en.wikipedia.org/wiki/Worthington,_Ohio","","","","","October 25, 2002"
"Iota Xi Sigma","","Active","159","https://en.wikipedia.org/wiki/List_of_Sigma_Gamma_Rho_chapters#cite_note-174","[","]","South Bend, Indiana","https://en.wikipedia.org/wiki/South_Bend,_Indiana","8","https://en.wikipedia.org/wiki/List_of_Sigma_Gamma_Rho_chapters#cite_note-:10-9","[","]","November 23, 2002"
"Iota Omicron Sigma","","Active","61","https://en.wikipedia.org/wiki/List_of_Sigma_Gamma_Rho_chapters#cite_note-:11-75","[","]","West Columbia, South Carolina","https://en.wikipedia.org/wiki/West_Columbia,_South_Carolina","160","https://en.wikipedia.org/wiki/List_of_Sigma_Gamma_Rho_chapters#cite_note-175","[","]","November 1, 2003"
"Iota Pi Sigma","","Active","61","https://en.wikipedia.org/wiki/List_of_Sigma_Gamma_Rho_chapters#cite_note-:11-75","[","]","Clarksville, Tennessee","https://en.wikipedia.org/wiki/Clarksville,_Tennessee","","","","","January 10, 2004"
"Iota Rho Sigma","","Active","8","https://en.wikipedia.org/wiki/List_of_Sigma_Gamma_Rho_chapters#cite_note-:10-9","[","]","Joliet, Illinois","https://en.wikipedia.org/wiki/Joliet,_Illinois","","","","","August 21, 2004"
"Iota Sigma Sigma","","Active","8","https://en.wikipedia.org/wiki/List_of_Sigma_Gamma_Rho_chapters#cite_note-:10-9","[","]","St. Bernard, Ohio","https://en.wikipedia.org/wiki/St._Bernard,_Ohio","161","https://en.wikipedia.org/wiki/List_of_Sigma_Gamma_Rho_chapters#cite_note-176","[","]","October 8, 2004"
"Iota Tau Sigma","","Active","64","https://en.wikipedia.org/wiki/List_of_Sigma_Gamma_Rho_chapters#cite_note-:7-78","[","]","Lafayette, Louisiana","https://en.wikipedia.org/wiki/Lafayette,_Louisiana","162","https://en.wikipedia.org/wiki/List_of_Sigma_Gamma_Rho_chapters#cite_note-177","[","]","October 23, 2004"
"Iota Upsilon Sigma","","Active","8","https://en.wikipedia.org/wiki/List_of_Sigma_Gamma_Rho_chapters#cite_note-:10-9","[","]","DeKalb, Illinois","https://en.wikipedia.org/wiki/DeKalb,_Illinois","","","","","November 5, 2004"
"Iota Phi Sigma","","Active","62","https://en.wikipedia.org/wiki/List_of_Sigma_Gamma_Rho_chapters#cite_note-:6-76","[","]","Nacogdoches, Texas","https://en.wikipedia.org/wiki/Nacogdoches,_Texas","","","","","January 15, 2005"
"Iota Chi Sigma","","Active","67","https://en.wikipedia.org/wiki/List_of_Sigma_Gamma_Rho_chapters#cite_note-:4-81","[","]","New Haven, Connecticut","https://en.wikipedia.org/wiki/New_Haven,_Connecticut","42","https://en.wikipedia.org/wiki/List_of_Sigma_Gamma_Rho_chapters#cite_note-:21-54","[","]","May 14, 2005"
"Iota Psi Sigma","","Active","8","https://en.wikipedia.org/wiki/List_of_Sigma_Gamma_Rho_chapters#cite_note-:10-9","[","]","Brown Deer, Wisconsin","https://en.wikipedia.org/wiki/Brown_Deer,_Wisconsin","163","https://en.wikipedia.org/wiki/List_of_Sigma_Gamma_Rho_chapters#cite_note-178","[","]","August 27, 2005"
"Iota Omega Sigma","","Inactive","","","","","","","","","","",""
"Kappa Alpha Sigma","","Active","61","https://en.wikipedia.org/wiki/List_of_Sigma_Gamma_Rho_chapters#cite_note-:11-75","[","]","Columbus, Georgia","https://en.wikipedia.org/wiki/Columbus,_Georgia","","","","","October 29, 2005"
"Kappa Beta Sigma","","Inactive","","","","","","","","","","",""
"Kappa Gamma Sigma","2006","Active","8","https://en.wikipedia.org/wiki/List_of_Sigma_Gamma_Rho_chapters#cite_note-:10-9","[","]","Bratenahl, Ohio","https://en.wikipedia.org/wiki/Bratenahl,_Ohio","","","","",""
"Kappa Delta Sigma","","Active","61","https://en.wikipedia.org/wiki/List_of_Sigma_Gamma_Rho_chapters#cite_note-:11-75","[","]","Nassau, Bahamas","https://en.wikipedia.org/wiki/Nassau,_Bahamas","","","","","September 2, 2006"
"Kappa Epsilon Sigma","","Active","8","https://en.wikipedia.org/wiki/List_of_Sigma_Gamma_Rho_chapters#cite_note-:10-9","[","]","Normal, Illinois","https://en.wikipedia.org/wiki/Normal,_Illinois","","","","","September 16, 2006"
"Kappa Zeta Sigma","","Active","61","https://en.wikipedia.org/wiki/List_of_Sigma_Gamma_Rho_chapters#cite_note-:11-75","[","]","Mobile, Alabama","https://en.wikipedia.org/wiki/Mobile,_Alabama","164","https://en.wikipedia.org/wiki/List_of_Sigma_Gamma_Rho_chapters#cite_note-179","[","]","September 30, 2006"
"Kappa Eta Sigma","– 202x ?","Inactive","85","https://en.wikipedia.org/wiki/List_of_Sigma_Gamma_Rho_chapters#cite_note-:15-100","[","]","Scottsdale, Arizona","https://en.wikipedia.org/wiki/Scottsdale,_Arizona","","","","","December 1, 2006"
"Kappa Theta Sigma","","Inactive","","","","","","","","","","",""
"Kappa Iota Sigma","200x ?","Active","67","https://en.wikipedia.org/wiki/List_of_Sigma_Gamma_Rho_chapters#cite_note-:4-81","[","]","Selinsgrove, Pennsylvania","https://en.wikipedia.org/wiki/Selinsgrove,_Pennsylvania","","","","",""
"Kappa Kappa Sigma","","Active","8","https://en.wikipedia.org/wiki/List_of_Sigma_Gamma_Rho_chapters#cite_note-:10-9","[","]","Southfield, Michigan","https://en.wikipedia.org/wiki/Southfield,_Michigan","","","","","April 14, 2007"
"Kappa Lambda Sigma","","Active","61","https://en.wikipedia.org/wiki/List_of_Sigma_Gamma_Rho_chapters#cite_note-:11-75","[","]","Anniston, Alabama","https://en.wikipedia.org/wiki/Anniston,_Alabama","165","https://en.wikipedia.org/wiki/List_of_Sigma_Gamma_Rho_chapters#cite_note-180","[","]","September 15, 2007"
"Kappa Mu Sigma","","Inactive","","","","","","","","","","",""
"Kappa Nu Sigma","","Active","24","https://en.wikipedia.org/wiki/List_of_Sigma_Gamma_Rho_chapters#cite_note-:12-30","[","]","","","","","","","October 2007"
"Kappa Xi Sigma","","Active","66","https://en.wikipedia.org/wiki/List_of_Sigma_Gamma_Rho_chapters#cite_note-:8-80","[","]","Conway, Arkansas","https://en.wikipedia.org/wiki/Conway,_Arkansas","166","https://en.wikipedia.org/wiki/List_of_Sigma_Gamma_Rho_chapters#cite_note-181","[","]","October 27, 2007"
"Kappa Omicron Sigma","","Active","67","https://en.wikipedia.org/wiki/List_of_Sigma_Gamma_Rho_chapters#cite_note-:4-81","[","]","Harrisburg, Pennsylvania","https://en.wikipedia.org/wiki/Harrisburg,_Pennsylvania","167","https://en.wikipedia.org/wiki/List_of_Sigma_Gamma_Rho_chapters#cite_note-182","[","]","May 8, 2008"
"Kappa Pi Sigma","200x ?","Active","67","https://en.wikipedia.org/wiki/List_of_Sigma_Gamma_Rho_chapters#cite_note-:4-81","[","]","Atlantic City, New Jersey","https://en.wikipedia.org/wiki/Atlantic_City,_New_Jersey","","","","",""
"Kappa Rho Sigma","","Active","61","https://en.wikipedia.org/wiki/List_of_Sigma_Gamma_Rho_chapters#cite_note-:11-75","[","]","Goose Creek, South Carolina","https://en.wikipedia.org/wiki/Goose_Creek,_South_Carolina","168","https://en.wikipedia.org/wiki/List_of_Sigma_Gamma_Rho_chapters#cite_note-183","[","]","May 24, 2008"
"Kappa Sigma Sigma","200x ?","Active","85","https://en.wikipedia.org/wiki/List_of_Sigma_Gamma_Rho_chapters#cite_note-:15-100","[","]","Flagstaff, Arizona","https://en.wikipedia.org/wiki/Flagstaff,_Arizona","","","","",""
"Kappa Tau Sigma","","Active","61","https://en.wikipedia.org/wiki/List_of_Sigma_Gamma_Rho_chapters#cite_note-:11-75","[","]","Murfreesboro, Tennessee","https://en.wikipedia.org/wiki/Murfreesboro,_Tennessee","169","https://en.wikipedia.org/wiki/List_of_Sigma_Gamma_Rho_chapters#cite_note-184","[","]","June 12, 2008"
"Kappa Upsilon Sigma","","Active","61","https://en.wikipedia.org/wiki/List_of_Sigma_Gamma_Rho_chapters#cite_note-:11-75","[","]","Beaufort, South Carolina","https://en.wikipedia.org/wiki/Beaufort,_South_Carolina","170","https://en.wikipedia.org/wiki/List_of_Sigma_Gamma_Rho_chapters#cite_note-185","[","]","September 1, 2008"
"Kappa Phi Sigma","","Inactive","","","","","","","","","","",""
"Kappa Chi Sigma","","Active","67","https://en.wikipedia.org/wiki/List_of_Sigma_Gamma_Rho_chapters#cite_note-:4-81","[","]","Norristown, Pennsylvania","https://en.wikipedia.org/wiki/Norristown,_Pennsylvania","171","https://en.wikipedia.org/wiki/List_of_Sigma_Gamma_Rho_chapters#cite_note-186","[","]","October 25, 2008"
"Kappa Psi Sigma","","Active","61","https://en.wikipedia.org/wiki/List_of_Sigma_Gamma_Rho_chapters#cite_note-:11-75","[","]","Valdosta, Georgia","https://en.wikipedia.org/wiki/Valdosta,_Georgia","172","https://en.wikipedia.org/wiki/List_of_Sigma_Gamma_Rho_chapters#cite_note-187","[","]","October 28, 2008"
"Kappa Omega Sigma","– 20xx ?; September 15, 2018","Active","61","https://en.wikipedia.org/wiki/List_of_Sigma_Gamma_Rho_chapters#cite_note-:11-75","[","]","Gibsonton, Florida","https://en.wikipedia.org/wiki/Gibsonton,_Florida","173","https://en.wikipedia.org/wiki/List_of_Sigma_Gamma_Rho_chapters#cite_note-188","[","]","November 11, 2008"
"Lambda Alpha Sigma","– 20xx ?; August 22, 2020","Active","85","https://en.wikipedia.org/wiki/List_of_Sigma_Gamma_Rho_chapters#cite_note-:15-100","[","]","Tucson, Arizona","https://en.wikipedia.org/wiki/Tucson,_Arizona","174","https://en.wikipedia.org/wiki/List_of_Sigma_Gamma_Rho_chapters#cite_note-189","[","]","June 6, 2009"
"Lambda Beta Sigma","","Active","33","https://en.wikipedia.org/wiki/List_of_Sigma_Gamma_Rho_chapters#cite_note-:2-42","[","]","Springfield, Massachusetts","https://en.wikipedia.org/wiki/Springfield,_Massachusetts","67","https://en.wikipedia.org/wiki/List_of_Sigma_Gamma_Rho_chapters#cite_note-:4-81","[","]","November 21, 2009"
"Lambda Gamma Sigma","","Active","24","https://en.wikipedia.org/wiki/List_of_Sigma_Gamma_Rho_chapters#cite_note-:12-30","[","]","Pomona, California","https://en.wikipedia.org/wiki/Pomona,_California","176","https://en.wikipedia.org/wiki/List_of_Sigma_Gamma_Rho_chapters#cite_note-191","[","]","May 15, 2010"
"Lambda Delta Sigma","","Active","67","https://en.wikipedia.org/wiki/List_of_Sigma_Gamma_Rho_chapters#cite_note-:4-81","[","]","Annapolis, Maryland","https://en.wikipedia.org/wiki/Annapolis,_Maryland","","","","","May 16, 2010"
"Lambda Epsilon Sigma","","Active","67","https://en.wikipedia.org/wiki/List_of_Sigma_Gamma_Rho_chapters#cite_note-:4-81","[","]","Salisbury, North Carolina","https://en.wikipedia.org/wiki/Salisbury,_North_Carolina","177","https://en.wikipedia.org/wiki/List_of_Sigma_Gamma_Rho_chapters#cite_note-192","[","]","June 5, 2010"
"Lambda Zeta Sigma","","Active","33","https://en.wikipedia.org/wiki/List_of_Sigma_Gamma_Rho_chapters#cite_note-:2-42","[","]","Litchfield, Connecticut","https://en.wikipedia.org/wiki/Litchfield,_Connecticut","42","https://en.wikipedia.org/wiki/List_of_Sigma_Gamma_Rho_chapters#cite_note-:21-54","[","]","June 19, 2010"
"Lambda Eta Sigma","","Active","61","https://en.wikipedia.org/wiki/List_of_Sigma_Gamma_Rho_chapters#cite_note-:11-75","[","]","Pinson, Alabama","https://en.wikipedia.org/wiki/Pinson,_Alabama","178","https://en.wikipedia.org/wiki/List_of_Sigma_Gamma_Rho_chapters#cite_note-193","[","]","September 11, 2010"
"Lambda Theta Sigma","","Active","61","https://en.wikipedia.org/wiki/List_of_Sigma_Gamma_Rho_chapters#cite_note-:11-75","[","]","Brooksville, Florida","https://en.wikipedia.org/wiki/Brooksville,_Florida","179","https://en.wikipedia.org/wiki/List_of_Sigma_Gamma_Rho_chapters#cite_note-194","[","]","October 2, 2010"
"Lambda Iota Sigma","","Active","61","https://en.wikipedia.org/wiki/List_of_Sigma_Gamma_Rho_chapters#cite_note-:11-75","[","]","Madison, Tennessee","https://en.wikipedia.org/wiki/Madison,_Tennessee","180","https://en.wikipedia.org/wiki/List_of_Sigma_Gamma_Rho_chapters#cite_note-195","[","]","December 5, 2010"
"Lambda Kappa Sigma","","Active","33","https://en.wikipedia.org/wiki/List_of_Sigma_Gamma_Rho_chapters#cite_note-:2-42","[","]","Brockton, Massachusetts","https://en.wikipedia.org/wiki/Brockton,_Massachusetts","67","https://en.wikipedia.org/wiki/List_of_Sigma_Gamma_Rho_chapters#cite_note-:4-81","[","]","January 29, 2011"
"Lambda Lambda Sigma","","Active","8","https://en.wikipedia.org/wiki/List_of_Sigma_Gamma_Rho_chapters#cite_note-:10-9","[","]","Kalamazoo, Michigan","https://en.wikipedia.org/wiki/Kalamazoo,_Michigan","182","https://en.wikipedia.org/wiki/List_of_Sigma_Gamma_Rho_chapters#cite_note-197","[","]","April 16, 2011"
"Lambda Mu Sigma","","Active","183","https://en.wikipedia.org/wiki/List_of_Sigma_Gamma_Rho_chapters#cite_note-198","[","]","","","","","","","August 6, 2011"
"Lambda Nu Sigma","","Active","67","https://en.wikipedia.org/wiki/List_of_Sigma_Gamma_Rho_chapters#cite_note-:4-81","[","]","Canada","https://en.wikipedia.org/wiki/Canada","184","https://en.wikipedia.org/wiki/List_of_Sigma_Gamma_Rho_chapters#cite_note-199","[","]","October 8, 2011"
"Lambda Xi Sigma","","Active","8","https://en.wikipedia.org/wiki/List_of_Sigma_Gamma_Rho_chapters#cite_note-:10-9","[","]","Athens, Ohio","https://en.wikipedia.org/wiki/Athens,_Ohio","","","","","October 15, 2011"
"Lambda Omicron Sigma","","Inactive","","","","","","","","","","",""
"Lambda Pi Sigma","2012","Active","61","https://en.wikipedia.org/wiki/List_of_Sigma_Gamma_Rho_chapters#cite_note-:11-75","[","]","Savannah, Georgia","https://en.wikipedia.org/wiki/Savannah,_Georgia","","","","",""
"Lambda Rho Sigma","2012","Active","24","https://en.wikipedia.org/wiki/List_of_Sigma_Gamma_Rho_chapters#cite_note-:12-30","[","]","Santa Monica, California","https://en.wikipedia.org/wiki/Santa_Monica,_California","185","https://en.wikipedia.org/wiki/List_of_Sigma_Gamma_Rho_chapters#cite_note-200","[","]",""
"Lambda Sigma Sigma","","Active","61","https://en.wikipedia.org/wiki/List_of_Sigma_Gamma_Rho_chapters#cite_note-:11-75","[","]","Stockbridge, Georgia","https://en.wikipedia.org/wiki/Stockbridge,_Georgia","186","https://en.wikipedia.org/wiki/List_of_Sigma_Gamma_Rho_chapters#cite_note-201","[","]","June 9, 2012"
"Lambda Tau Sigma","201x ?","Active","61","https://en.wikipedia.org/wiki/List_of_Sigma_Gamma_Rho_chapters#cite_note-:11-75","[","]","","","","","","",""
"Lambda Upsilon Sigma","","Active","62","https://en.wikipedia.org/wiki/List_of_Sigma_Gamma_Rho_chapters#cite_note-:6-76","[","]","Plano, Texas","https://en.wikipedia.org/wiki/Plano,_Texas","","","","","June 29, 2013"
"Lambda Phi Sigma","","Active","66","https://en.wikipedia.org/wiki/List_of_Sigma_Gamma_Rho_chapters#cite_note-:8-80","[","]","Fayetteville, Arkansas","https://en.wikipedia.org/wiki/Fayetteville,_Arkansas","","","","","August 2, 2013"
"Lambda Chi Sigma","","Active","8","https://en.wikipedia.org/wiki/List_of_Sigma_Gamma_Rho_chapters#cite_note-:10-9","[","]","Alsip, Illinois","https://en.wikipedia.org/wiki/Alsip,_Illinois","187","https://en.wikipedia.org/wiki/List_of_Sigma_Gamma_Rho_chapters#cite_note-202","[","]","September 7, 2013"
"Lambda Psi Sigma","201x ?","Inactive","","","","","","","","","","",""
"Lambda Omega Sigma","","Active","62","https://en.wikipedia.org/wiki/List_of_Sigma_Gamma_Rho_chapters#cite_note-:6-76","[","]","Spring, Texas","https://en.wikipedia.org/wiki/Spring,_Texas","188","https://en.wikipedia.org/wiki/List_of_Sigma_Gamma_Rho_chapters#cite_note-203","[","]","November 9, 2013"
"Mu Alpha Sigma","201x ?","Inactive","24","https://en.wikipedia.org/wiki/List_of_Sigma_Gamma_Rho_chapters#cite_note-:12-30","[","]","","","","","","",""
"Mu Beta Sigma","","Active","62","https://en.wikipedia.org/wiki/List_of_Sigma_Gamma_Rho_chapters#cite_note-:6-76","[","]","Round Rock, Texas","https://en.wikipedia.org/wiki/Round_Rock,_Texas","189","https://en.wikipedia.org/wiki/List_of_Sigma_Gamma_Rho_chapters#cite_note-204","[","]","July 26, 2014"
"Mu Gamma Sigma -","","Active","67","https://en.wikipedia.org/wiki/List_of_Sigma_Gamma_Rho_chapters#cite_note-:4-81","[","]","Aberdeen, Maryland","https://en.wikipedia.org/wiki/Aberdeen,_Maryland","190","https://en.wikipedia.org/wiki/List_of_Sigma_Gamma_Rho_chapters#cite_note-205","[","]","September 13, 2014"
"Mu Delta Sigma","","Active","61","https://en.wikipedia.org/wiki/List_of_Sigma_Gamma_Rho_chapters#cite_note-:11-75","[","]","Fort Myers, Florida","https://en.wikipedia.org/wiki/Fort_Myers,_Florida","","","","","May 9, 2015"
"Mu Epsilon Sigma","","Active","61","https://en.wikipedia.org/wiki/List_of_Sigma_Gamma_Rho_chapters#cite_note-:11-75","[","]","Roswell, Georgia","https://en.wikipedia.org/wiki/Roswell,_Georgia","191","https://en.wikipedia.org/wiki/List_of_Sigma_Gamma_Rho_chapters#cite_note-206","[","]","January 23, 2016"
"Mu Zeta Sigma","","Active","8","https://en.wikipedia.org/wiki/List_of_Sigma_Gamma_Rho_chapters#cite_note-:10-9","[","]","Kankakee, Illinois","https://en.wikipedia.org/wiki/Kankakee,_Illinois","192","https://en.wikipedia.org/wiki/List_of_Sigma_Gamma_Rho_chapters#cite_note-207","[","]","January 26, 2016"
"Mu Eta Sigma","","Active","64","https://en.wikipedia.org/wiki/List_of_Sigma_Gamma_Rho_chapters#cite_note-:7-78","[","]","Alexandria, Louisiana","https://en.wikipedia.org/wiki/Alexandria,_Louisiana","193","https://en.wikipedia.org/wiki/List_of_Sigma_Gamma_Rho_chapters#cite_note-208","[","]","July 9, 2016"
"Mu Theta Sigma","2016","Active","67","https://en.wikipedia.org/wiki/List_of_Sigma_Gamma_Rho_chapters#cite_note-:4-81","[","]","Roanoke Rapids, North Carolina","https://en.wikipedia.org/wiki/Roanoke_Rapids,_North_Carolina","","","","",""
"Mu Iota Sigma","","Active","61","https://en.wikipedia.org/wiki/List_of_Sigma_Gamma_Rho_chapters#cite_note-:11-75","[","]","Olive Branch, Mississippi","https://en.wikipedia.org/wiki/Olive_Branch,_Mississippi","","","","","October 2, 2016"
"Mu Kappa Sigma","","Active","8","https://en.wikipedia.org/wiki/List_of_Sigma_Gamma_Rho_chapters#cite_note-:10-9","[","]","Waukegan, Illinois","https://en.wikipedia.org/wiki/Waukegan,_Illinois","","","","","September 30, 2016"
"Mu Lambda Sigma","","Active","67","https://en.wikipedia.org/wiki/List_of_Sigma_Gamma_Rho_chapters#cite_note-:4-81","[","]","Trenton, New Jersey","https://en.wikipedia.org/wiki/Trenton,_New_Jersey","194","https://en.wikipedia.org/wiki/List_of_Sigma_Gamma_Rho_chapters#cite_note-209","[","]","October 22, 2016"
"Mu Mu Sigma","","Active","61","https://en.wikipedia.org/wiki/List_of_Sigma_Gamma_Rho_chapters#cite_note-:11-75","[","]","Tallahassee, Florida","https://en.wikipedia.org/wiki/Tallahassee,_Florida","195","https://en.wikipedia.org/wiki/List_of_Sigma_Gamma_Rho_chapters#cite_note-210","[","]","June 28, 2017"
"Mu Nu Sigma","","Active","67","https://en.wikipedia.org/wiki/List_of_Sigma_Gamma_Rho_chapters#cite_note-:4-81","[","]","York, Pennsylvania","https://en.wikipedia.org/wiki/York,_Pennsylvania","","","","","November 10, 2017"
"Mu Xi Sigma","","Active","67","https://en.wikipedia.org/wiki/List_of_Sigma_Gamma_Rho_chapters#cite_note-:4-81","[","]","Elizabeth City, North Carolina","https://en.wikipedia.org/wiki/Elizabeth_City,_North_Carolina","","","","","November 11, 2017"
"Mu Omicron Sigma","","Active","67","https://en.wikipedia.org/wiki/List_of_Sigma_Gamma_Rho_chapters#cite_note-:4-81","[","]","Salisbury, Maryland","https://en.wikipedia.org/wiki/Salisbury,_Maryland","196","https://en.wikipedia.org/wiki/List_of_Sigma_Gamma_Rho_chapters#cite_note-211","[","]","January 27, 2018"
"Mu Pi Sigma","","Active","67","https://en.wikipedia.org/wiki/List_of_Sigma_Gamma_Rho_chapters#cite_note-:4-81","[","]","Bethlehem, Pennsylvania","https://en.wikipedia.org/wiki/Bethlehem,_Pennsylvania","","","","","May 19, 2018"
"Mu Rho Sigma","2018","Active","136","https://en.wikipedia.org/wiki/List_of_Sigma_Gamma_Rho_chapters#cite_note-:17-151","[","]","Henderson, Nevada","https://en.wikipedia.org/wiki/Henderson,_Nevada","","","","",""
"Mu Sigma Sigma","","Active","66","https://en.wikipedia.org/wiki/List_of_Sigma_Gamma_Rho_chapters#cite_note-:8-80","[","]","West Memphis, Arkansas","https://en.wikipedia.org/wiki/West_Memphis,_Arkansas","197","https://en.wikipedia.org/wiki/List_of_Sigma_Gamma_Rho_chapters#cite_note-212","[","]","January 26, 2019"
"Mu Tau Sigma","","Active","62","https://en.wikipedia.org/wiki/List_of_Sigma_Gamma_Rho_chapters#cite_note-:6-76","[","]","Killeen, Texas","https://en.wikipedia.org/wiki/Killeen,_Texas","","","","","January 26, 2019"
"Mu Upsilon Sigma","","Active","62","https://en.wikipedia.org/wiki/List_of_Sigma_Gamma_Rho_chapters#cite_note-:6-76","[","]","El Paso, Texas","https://en.wikipedia.org/wiki/El_Paso,_Texas","","","","","March 2, 2019"
"Mu Phi Sigma","","Active","198","https://en.wikipedia.org/wiki/List_of_Sigma_Gamma_Rho_chapters#cite_note-213","[","]","","","","","","","September 28, 2019"
"Mu Chi Sigma","","Active","24","https://en.wikipedia.org/wiki/List_of_Sigma_Gamma_Rho_chapters#cite_note-:12-30","[","]","Stockton, California","https://en.wikipedia.org/wiki/Stockton,_California","","","","","October 5, 2019"
"Mu Psi Sigma","","Active","67","https://en.wikipedia.org/wiki/List_of_Sigma_Gamma_Rho_chapters#cite_note-:4-81","[","]","Middletown, Delaware","https://en.wikipedia.org/wiki/Middletown,_Delaware","","","","","November 22, 2019"
"Mu Omega Sigma","","Active","67","https://en.wikipedia.org/wiki/List_of_Sigma_Gamma_Rho_chapters#cite_note-:4-81","[","]","Fredericksburg, Virginia","https://en.wikipedia.org/wiki/Fredericksburg,_Virginia","199","https://en.wikipedia.org/wiki/List_of_Sigma_Gamma_Rho_chapters#cite_note-214","[","]","June 20, 2020"
"Nu Alpha Sigma","","Active","61","https://en.wikipedia.org/wiki/List_of_Sigma_Gamma_Rho_chapters#cite_note-:11-75","[","]","Livingston, Alabama","https://en.wikipedia.org/wiki/Livingston,_Alabama","200","https://en.wikipedia.org/wiki/List_of_Sigma_Gamma_Rho_chapters#cite_note-215","[","]","June 20, 2020"
"Nu Beta Sigma","","Active","67","https://en.wikipedia.org/wiki/List_of_Sigma_Gamma_Rho_chapters#cite_note-:4-81","[","]","","","201","https://en.wikipedia.org/wiki/List_of_Sigma_Gamma_Rho_chapters#cite_note-216","[","]","June 27, 2020"
"Nu Gamma Sigma","2020","Active","8","https://en.wikipedia.org/wiki/List_of_Sigma_Gamma_Rho_chapters#cite_note-:10-9","[","]","Carbondale, Illinois","https://en.wikipedia.org/wiki/Carbondale,_Illinois","","","","",""
"Nu Delta Sigma","","Active","24","https://en.wikipedia.org/wiki/List_of_Sigma_Gamma_Rho_chapters#cite_note-:12-30","[","]","San Bernardino County, California","https://en.wikipedia.org/wiki/San_Bernardino_County,_California","","","","","September 22, 2020"
"Nu Epsilon Sigma","","Active","61","https://en.wikipedia.org/wiki/List_of_Sigma_Gamma_Rho_chapters#cite_note-:11-75","[","]","St. Augustine, Florida","https://en.wikipedia.org/wiki/St._Augustine,_Florida","202","https://en.wikipedia.org/wiki/List_of_Sigma_Gamma_Rho_chapters#cite_note-217","[","]","November 7, 2020"
"Nu Zeta Sigma","","Active","61","https://en.wikipedia.org/wiki/List_of_Sigma_Gamma_Rho_chapters#cite_note-:11-75","[","]","Wrens, Georgia","https://en.wikipedia.org/wiki/Wrens,_Georgia","","","","","December 12, 2020"
"Nu Eta Sigma","","Active","62","https://en.wikipedia.org/wiki/List_of_Sigma_Gamma_Rho_chapters#cite_note-:6-76","[","]","Schertz, Texas","https://en.wikipedia.org/wiki/Schertz,_Texas","b","https://en.wikipedia.org/wiki/List_of_Sigma_Gamma_Rho_chapters#cite_note-218","[","]","February 22, 2020"
"Nu Theta Sigma","","Active","61","https://en.wikipedia.org/wiki/List_of_Sigma_Gamma_Rho_chapters#cite_note-:11-75","[","]","West Point, Mississippi","https://en.wikipedia.org/wiki/West_Point,_Mississippi","","","","","March 6, 2021"
"Nu Iota Sigma","","Active","64","https://en.wikipedia.org/wiki/List_of_Sigma_Gamma_Rho_chapters#cite_note-:7-78","[","]","Hammond, Louisiana","https://en.wikipedia.org/wiki/Hammond,_Louisiana","","","","","March 17, 2021"
"Nu Kappa Sigma","","Active","","","","","Belize","https://en.wikipedia.org/wiki/Belize","","","","","November 12, 2021"
"Nu Lambda Sigma","","Active","","","","","","","","","","","December 12, 2021"
"Nu Mu Sigma","","Active","61","https://en.wikipedia.org/wiki/List_of_Sigma_Gamma_Rho_chapters#cite_note-:11-75","[","]","Hinesville, Georgia","https://en.wikipedia.org/wiki/Hinesville,_Georgia","203","https://en.wikipedia.org/wiki/List_of_Sigma_Gamma_Rho_chapters#cite_note-219","[","]","January 22, 2022"
"Nu Nu Sigma","","Active","","","","","Newberry, SC","https://en.wikipedia.org/wiki/Newberry,_South_Carolina","","","","","December 12, 2021"
"Nu Xi Sigma","","Active","61","https://en.wikipedia.org/wiki/List_of_Sigma_Gamma_Rho_chapters#cite_note-:11-75","[","]","Dublin, Georgia","https://en.wikipedia.org/wiki/Dublin,_Georgia","","","","","March 17, 2021"
"Nu Omicron Sigma","","Active","","","","","Frederick, Maryland","https://en.wikipedia.org/wiki/Frederick,_Maryland","","","","","April 2022"
"Nu Pi Sigma","","Active","62","https://en.wikipedia.org/wiki/List_of_Sigma_Gamma_Rho_chapters#cite_note-:6-76","[","]","Denton, Texas","https://en.wikipedia.org/wiki/Denton,_Texas","","","","","September 25, 2022"
"Nu Rho Sigma","","Inactive","","","","","","","","","","",""
"Nu Sigma Sigma","","Active","62","https://en.wikipedia.org/wiki/List_of_Sigma_Gamma_Rho_chapters#cite_note-:6-76","[","]","San Marcos, Texas","https://en.wikipedia.org/wiki/San_Marcos,_Texas","204","https://en.wikipedia.org/wiki/List_of_Sigma_Gamma_Rho_chapters#cite_note-220","[","]","February 25, 2023"
"Nu Tau Sigma","","Active","","","","","Spring Valley, NY","https://en.wikipedia.org/wiki/Spring_Valley,_New_York","","","","","April 1, 2023"
"Nu Upsilon Sigma","","Active","","","","","Laurinburg, NC","https://en.wikipedia.org/wiki/Laurinburg,_North_Carolina","","","","","April 1, 2023"
"Nu Phi Sigma","","Active","","","","","Reading, PA","https://en.wikipedia.org/wiki/Reading,_Pennsylvania","","","","","April 1, 2023"
"Nu Chi Sigma","","Active","","","","","Magnolia, AR","https://en.wikipedia.org/wiki/Magnolia,_Arkansas","","","","","April 16, 2023"
"Nu Psi Sigma","","Active","","","","","Dallas, GA","https://en.wikipedia.org/wiki/Dallas,_Georgia","","","","","July 9, 2023"
"Nu Omega Sigma","","Active","","","","","Tupelo, MS","https://en.wikipedia.org/wiki/Tupelo,_Mississippi","","","","","September 2, 2023"
"Xi Alpha Sigma","","Active","","","","","Tokyo, Japan","https://en.wikipedia.org/wiki/Tokyo","","","","","October 28, 2023"
"Xi Beta Sigma","","Active","","","","","Binghamton, NY","https://en.wikipedia.org/wiki/Binghamton,_New_York","","","","","November 12, 2023"
"Xi Gamma Sigma","","Active","","","","","Summerville, SC","https://en.wikipedia.org/wiki/Summerville,_South_Carolina","","","","","December 16, 2023"