"tablescraper-selected-row","tablescraper-selected-row 2","tablescraper-selected-row 3","tablescraper-selected-row href","tablescraper-selected-row 4","tablescraper-selected-row href 2","tablescraper-selected-row 5","reference","reference href","cite-bracket","cite-bracket 2","tablescraper-selected-row 6","tablescraper-selected-row 7","tablescraper-selected-row 8"
"Alpha Alumni","November 19, 1912","New York City","https://en.wikipedia.org/wiki/New_York_City","New York","https://en.wikipedia.org/wiki/New_York_(state)","Inactive","105","https://en.wikipedia.org/wiki/List_of_Alpha_Phi_Alpha_chapters#cite_note-:17-167","[","]","","",""
"","April 11, 1911","Louisville","https://en.wikipedia.org/wiki/Louisville,_Kentucky","Kentucky","https://en.wikipedia.org/wiki/Kentucky","Active","106","https://en.wikipedia.org/wiki/List_of_Alpha_Phi_Alpha_chapters#cite_note-168","[","]","101","Alpha Lambda",""
"","November 3, 1914","Philadelphia","https://en.wikipedia.org/wiki/Philadelphia","Pennsylvania","https://en.wikipedia.org/wiki/Pennsylvania","Active","107","https://en.wikipedia.org/wiki/List_of_Alpha_Phi_Alpha_chapters#cite_note-:8-169","[","]","16","Rho",""
"","January 19, 1919","Kansas City","https://en.wikipedia.org/wiki/Kansas_City,_Missouri","Missouri","https://en.wikipedia.org/wiki/Missouri","Active","108","https://en.wikipedia.org/wiki/List_of_Alpha_Phi_Alpha_chapters#cite_note-171","[","]","102","Beta Lambda",""
"","March 22, 1919","Detroit","https://en.wikipedia.org/wiki/Detroit","Michigan","https://en.wikipedia.org/wiki/Michigan","Active","105","https://en.wikipedia.org/wiki/List_of_Alpha_Phi_Alpha_chapters#cite_note-:17-167","[","]","103","Gamma Lambda",""
"","May 23, 1919","Baltimore","https://en.wikipedia.org/wiki/Baltimore","Maryland","https://en.wikipedia.org/wiki/Maryland","Active","109","https://en.wikipedia.org/wiki/List_of_Alpha_Phi_Alpha_chapters#cite_note-172","[","]","104","Delta Lambda",""
"","December 3, 1919","St. Louis","https://en.wikipedia.org/wiki/St._Louis","Missouri","https://en.wikipedia.org/wiki/Missouri","Active","110","https://en.wikipedia.org/wiki/List_of_Alpha_Phi_Alpha_chapters#cite_note-173","[","]","105","Epsilon Lambda",""
"","April 3, 1920","Newport News","https://en.wikipedia.org/wiki/Newport_News,_Virginia","Virginia","https://en.wikipedia.org/wiki/Virginia","Active","111","https://en.wikipedia.org/wiki/List_of_Alpha_Phi_Alpha_chapters#cite_note-:22-174","[","]","106","Zeta Lambda",""
"","May 20, 1920","Atlanta","https://en.wikipedia.org/wiki/Atlanta","Georgia","https://en.wikipedia.org/wiki/Georgia_(U.S._state)","Active","112","https://en.wikipedia.org/wiki/List_of_Alpha_Phi_Alpha_chapters#cite_note-175","[","]","107","Eta Lambda",""
"","December 23, 1921","Dayton","https://en.wikipedia.org/wiki/Dayton,_Ohio","Ohio","https://en.wikipedia.org/wiki/Ohio","Active","","","","","108","Theta Lambda",""
"","April 17, 1922","Indianapolis","https://en.wikipedia.org/wiki/Indianapolis","Indiana","https://en.wikipedia.org/wiki/Indiana","Active","113","https://en.wikipedia.org/wiki/List_of_Alpha_Phi_Alpha_chapters#cite_note-177","[","]","109","Iota Lambda",""
"","June 9, 1923","Greensboro","https://en.wikipedia.org/wiki/Greensboro,_North_Carolina","North Carolina","https://en.wikipedia.org/wiki/North_Carolina","Active","17","https://en.wikipedia.org/wiki/List_of_Alpha_Phi_Alpha_chapters#cite_note-:2-35","[","]","110","Kappa Lambda",""
"Lambda Lambda","","","","","","Unassigned","","","","","","",""
"","October 1, 1923","Washington","https://en.wikipedia.org/wiki/Washington,_D.C.","","","Active","114","https://en.wikipedia.org/wiki/List_of_Alpha_Phi_Alpha_chapters#cite_note-178","[","]","111","Mu Lambda",""
"","December 18, 1923","Petersburg","https://en.wikipedia.org/wiki/Petersburg,_Virginia","Virginia","https://en.wikipedia.org/wiki/Virginia","Active","115","https://en.wikipedia.org/wiki/List_of_Alpha_Phi_Alpha_chapters#cite_note-179","[","]","112","Nu Lambda",""
"","May 15, 1924","Chicago","https://en.wikipedia.org/wiki/Chicago","Illinois","https://en.wikipedia.org/wiki/Illinois","Active","116","https://en.wikipedia.org/wiki/List_of_Alpha_Phi_Alpha_chapters#cite_note-180","[","]","113","Xi Lambda",""
"","February 14, 1924","Birmingham","https://en.wikipedia.org/wiki/Birmingham,_Alabama","Alabama","https://en.wikipedia.org/wiki/Alabama","Active","14","https://en.wikipedia.org/wiki/List_of_Alpha_Phi_Alpha_chapters#cite_note-:11-26","[","]","114","Omicron Lambda",""
"","May 3, 1926","Little Rock","https://en.wikipedia.org/wiki/Little_Rock,_Arkansas","Arkansas","https://en.wikipedia.org/wiki/Arkansas","Active","117","https://en.wikipedia.org/wiki/List_of_Alpha_Phi_Alpha_chapters#cite_note-181","[","]","115","Pi Lambda",""
"","March 28, 1925","Buffalo","https://en.wikipedia.org/wiki/Buffalo,_New_York","New York","https://en.wikipedia.org/wiki/New_York_(state)","Active","6","https://en.wikipedia.org/wiki/List_of_Alpha_Phi_Alpha_chapters#cite_note-:5-6","[","]","116","Rho Lambda",""
"","December 5, 1925","New Orleans","https://en.wikipedia.org/wiki/New_Orleans","Louisiana","https://en.wikipedia.org/wiki/Louisiana","Active","","","","","117","Sigma Lambda",""
"","May 30, 1925","Nashville","https://en.wikipedia.org/wiki/Nashville,_Tennessee","Tennessee","https://en.wikipedia.org/wiki/Tennessee","Active","","","","","118","Tau Lambda",""
"","December 30, 1925","Jacksonville","https://en.wikipedia.org/wiki/Jacksonville,_Florida","Florida","https://en.wikipedia.org/wiki/Florida","Active","118","https://en.wikipedia.org/wiki/List_of_Alpha_Phi_Alpha_chapters#cite_note-jaxalphas.org-182","[","]","119","Upsilon Lambda",""
"","December 19, 1926","Raleigh","https://en.wikipedia.org/wiki/Raleigh,_North_Carolina","North Carolina","https://en.wikipedia.org/wiki/North_Carolina","Active","17","https://en.wikipedia.org/wiki/List_of_Alpha_Phi_Alpha_chapters#cite_note-:2-35","[","]","120","Phi Lambda",""
"","May 23, 1926","Wilberforce","https://en.wikipedia.org/wiki/Wilberforce,_Ohio","Ohio","https://en.wikipedia.org/wiki/Ohio","Active","","","","","121","Chi Lambda",""
"","May 15, 1926","Chattanooga","https://en.wikipedia.org/wiki/Chattanooga,_Tennessee","Tennessee","https://en.wikipedia.org/wiki/Tennessee","Active","","","","","122","Psi Lambda",""
"Omega Lambda","","","","","","Unassigned","","","","","","",""
"","October 13, 1926","Newark","https://en.wikipedia.org/wiki/Newark,_New_Jersey","New Jersey","https://en.wikipedia.org/wiki/New_Jersey","Active","119","https://en.wikipedia.org/wiki/List_of_Alpha_Phi_Alpha_chapters#cite_note-183","[","]","123","Alpha Alpha Lambda",""
"","June 9, 1928","Lexington","https://en.wikipedia.org/wiki/Lexington,_Kentucky","Kentucky","https://en.wikipedia.org/wiki/Kentucky","Active","","","","","124","Alpha Beta Lambda",""
"Alpha Gamma Lambda","December 23, 1926","Harlem","https://en.wikipedia.org/wiki/Harlem","New York","https://en.wikipedia.org/wiki/New_York_(state)","Active","6","https://en.wikipedia.org/wiki/List_of_Alpha_Phi_Alpha_chapters#cite_note-:5-6","[","]","125","",""
"","June 5, 1930","Memphis","https://en.wikipedia.org/wiki/Memphis,_Tennessee","Tennessee","https://en.wikipedia.org/wiki/Tennessee","Active","120","https://en.wikipedia.org/wiki/List_of_Alpha_Phi_Alpha_chapters#cite_note-184","[","]","","Alpha Delta Lambda",""
"","June 10, 1927","Jackson","https://en.wikipedia.org/wiki/Jackson,_Mississippi","Mississippi","https://en.wikipedia.org/wiki/Mississippi","Active","79","https://en.wikipedia.org/wiki/List_of_Alpha_Phi_Alpha_chapters#cite_note-:12-140","[","]","129","Alpha Epsilon Lambda",""
"Alpha Zeta Lamba (First)","January 28, 1927","Bluefield","https://en.wikipedia.org/wiki/Bluefield,_West_Virginia","West Virginia","https://en.wikipedia.org/wiki/West_Virginia","Moved","121","https://en.wikipedia.org/wiki/List_of_Alpha_Phi_Alpha_chapters#cite_note-:38-185","[","]","128","","– 20xx ?"
"","November 27, 1927","Houston","https://en.wikipedia.org/wiki/Houston","Texas","https://en.wikipedia.org/wiki/Texas","Active","122","https://en.wikipedia.org/wiki/List_of_Alpha_Phi_Alpha_chapters#cite_note-:18-186","[","]","","Alpha Eta Lambda",""
"","January 9, 1927","Atlantic City","https://en.wikipedia.org/wiki/Atlantic_City,_New_Jersey","New Jersey","https://en.wikipedia.org/wiki/New_Jersey","Active","","","","","130","Alpha Theta Lambda",""
"","January 9, 1928","Charleston","https://en.wikipedia.org/wiki/Charleston,_West_Virginia","West Virginia","https://en.wikipedia.org/wiki/West_Virginia","Active","","","","","131","Alpha Iota Lambda",""
"","January 9, 1928","Roanoke","https://en.wikipedia.org/wiki/Roanoke,_Virginia","Virginia","https://en.wikipedia.org/wiki/Virginia","Active","123","https://en.wikipedia.org/wiki/List_of_Alpha_Phi_Alpha_chapters#cite_note-188","[","]","132","Alpha Kappa Lambda",""
"Alpha Lambda Lambda","","","","","","Unassigned","","","","","","",""
"","May 4, 1930","Knoxville","https://en.wikipedia.org/wiki/Knoxville,_Tennessee","Tennessee","https://en.wikipedia.org/wiki/Tennessee","Active","","","","","133","Alpha Mu Lambda",""
"","November 3, 1928","Tuskegee","https://en.wikipedia.org/wiki/Tuskegee,_Alabama","Alabama","https://en.wikipedia.org/wiki/Alabama","Active","14","https://en.wikipedia.org/wiki/List_of_Alpha_Phi_Alpha_chapters#cite_note-:11-26","[","]","134","Alpha Nu Lambda",""
"","November 3, 1928","Toledo","https://en.wikipedia.org/wiki/Toledo,_Ohio","Ohio","https://en.wikipedia.org/wiki/Ohio","Active","124","https://en.wikipedia.org/wiki/List_of_Alpha_Phi_Alpha_chapters#cite_note-189","[","]","135","Alpha Xi Lambda",""
"","April 5, 1928","Pittsburgh","https://en.wikipedia.org/wiki/Pittsburgh","Pennsylvania","https://en.wikipedia.org/wiki/Pennsylvania","Active","10","https://en.wikipedia.org/wiki/List_of_Alpha_Phi_Alpha_chapters#cite_note-:23-16","[","]","247","Alpha Omicron Lambda",""
"","June 1, 1931","Winston-Salem","https://en.wikipedia.org/wiki/Winston-Salem,_North_Carolina","North Carolina","https://en.wikipedia.org/wiki/North_Carolina","Active","17","https://en.wikipedia.org/wiki/List_of_Alpha_Phi_Alpha_chapters#cite_note-:2-35","[","]","137","Alpha Pi Lambda",""
"","December 21, 1929","Columbus","https://en.wikipedia.org/wiki/Columbus,_Ohio","Ohio","https://en.wikipedia.org/wiki/Ohio","Active","125","https://en.wikipedia.org/wiki/List_of_Alpha_Phi_Alpha_chapters#cite_note-190","[","]","138","Alpha Rho Lambda","– 193x ?; October 1937"
"","November 5, 1932","Dallas","https://en.wikipedia.org/wiki/Dallas","Texas","https://en.wikipedia.org/wiki/Texas","Active","126","https://en.wikipedia.org/wiki/List_of_Alpha_Phi_Alpha_chapters#cite_note-191","[","]","139 ?","Alpha Sigma Lambda",""
"","March 17, 1934","Tulsa","https://en.wikipedia.org/wiki/Tulsa,_Oklahoma","Oklahoma","https://en.wikipedia.org/wiki/Oklahoma","Active","127","https://en.wikipedia.org/wiki/List_of_Alpha_Phi_Alpha_chapters#cite_note-192","[","]","140","Alpha Tau Lambda",""
"","December 29, 1932","Montgomery","https://en.wikipedia.org/wiki/Montgomery,_Alabama","Alabama","https://en.wikipedia.org/wiki/Alabama","Active","14","https://en.wikipedia.org/wiki/List_of_Alpha_Phi_Alpha_chapters#cite_note-:11-26","[","]","141","Alpha Upsilon Lambda",""
"","May 7, 1935","Norfolk","https://en.wikipedia.org/wiki/Norfolk,_Virginia","Virginia Beach","https://en.wikipedia.org/wiki/Virginia_Beach,_Virginia","Active","128","https://en.wikipedia.org/wiki/List_of_Alpha_Phi_Alpha_chapters#cite_note-193","[","]","142","Alpha Phi Lambda",""
"","April 27, 1935","Augusta","https://en.wikipedia.org/wiki/Augusta,_Georgia","Georgia","https://en.wikipedia.org/wiki/Georgia_(U.S._state)","Active","129","https://en.wikipedia.org/wiki/List_of_Alpha_Phi_Alpha_chapters#cite_note-194","[","]","143","Alpha Chi Lambda",""
"","May 7, 1935","Columbia","https://en.wikipedia.org/wiki/Columbia,_South_Carolina","South Carolina","https://en.wikipedia.org/wiki/South_Carolina","Active","130","https://en.wikipedia.org/wiki/List_of_Alpha_Phi_Alpha_chapters#cite_note-195","[","]","144","Alpha Psi Lambda",""
"Alpha Omega Lamba","","","","","","Unassigned","","","","","","",""
"Beta Alpha Lambda First","","Jersey City","https://en.wikipedia.org/wiki/Jersey_City,_New_Jersey","New Jersey","https://en.wikipedia.org/wiki/New_Jersey","Inactive, Reassigned","d","https://en.wikipedia.org/wiki/List_of_Alpha_Phi_Alpha_chapters#cite_note-196","[","]","145","Sigma Chi Alpha","193x ?–xxxx ?"
"","June 27, 1999","Baltimore County","https://en.wikipedia.org/wiki/Baltimore_County,_Maryland","Maryland","https://en.wikipedia.org/wiki/Maryland","Active","","","","","145","Beta Alpha Lambda",""
"","November 19, 1937","Florida","https://en.wikipedia.org/wiki/Florida","","","Active","131","https://en.wikipedia.org/wiki/List_of_Alpha_Phi_Alpha_chapters#cite_note-197","[","]","146","Beta Beta Lambda",""
"","May 4, 1935","Richmond","https://en.wikipedia.org/wiki/Richmond,_Virginia","Virginia","https://en.wikipedia.org/wiki/Virginia","Active","132","https://en.wikipedia.org/wiki/List_of_Alpha_Phi_Alpha_chapters#cite_note-:3-198","[","]","147","Beta Gamma Lambda",""
"","December 27, 1937","Daytona Beach","https://en.wikipedia.org/wiki/Daytona_Beach,_Florida","Florida","https://en.wikipedia.org/wiki/Florida","Active","133","https://en.wikipedia.org/wiki/List_of_Alpha_Phi_Alpha_chapters#cite_note-199","[","]","148","Beta Delta Lamba",""
"","December 23, 1937","Boley","https://en.wikipedia.org/wiki/Boley,_Oklahoma","Oklahoma","https://en.wikipedia.org/wiki/Oklahoma","Active","","","","","149","Beta Epsilon Lambda",""
"","March 31, 1938","Jefferson City","https://en.wikipedia.org/wiki/Jefferson_City,_Missouri","Missouri","https://en.wikipedia.org/wiki/Missouri","Active","","","","","150","Beta Zeta Lambda",""
"","January 1, 1938","Oklahoma City","https://en.wikipedia.org/wiki/Oklahoma_City","Oklahoma","https://en.wikipedia.org/wiki/Oklahoma","Active","134","https://en.wikipedia.org/wiki/List_of_Alpha_Phi_Alpha_chapters#cite_note-200","[","]","151","Beta Eta Lambda",""
"","May 7, 1938","Durham","https://en.wikipedia.org/wiki/Durham,_North_Carolina","North Carolina","https://en.wikipedia.org/wiki/North_Carolina","Active","17","https://en.wikipedia.org/wiki/List_of_Alpha_Phi_Alpha_chapters#cite_note-:2-35","[","]","152","Beta Theta Lambda",""
"","","Baton Rouge","https://en.wikipedia.org/wiki/Baton_Rouge,_Louisiana","Louisiana","https://en.wikipedia.org/wiki/Louisiana","Active","","","","","153 ?","Beta Iota Lambda","193x ?"
"","","Charleston","https://en.wikipedia.org/wiki/Charleston,_South_Carolina","South Carolina","https://en.wikipedia.org/wiki/South_Carolina","Active","","","","","154","Beta Kappa Lambda","193x ?"
"Beta Lambda Lambda","","","","","","Unassigned","","","","","","",""
"","August 21, 1931","Salisbury","https://en.wikipedia.org/wiki/Salisbury,_North_Carolina","North Carolina","https://en.wikipedia.org/wiki/North_Carolina","Active","17","https://en.wikipedia.org/wiki/List_of_Alpha_Phi_Alpha_chapters#cite_note-:2-35","[","]","155","Beta Mu Lambda",""
"","August 1, 1931","Charlotte","https://en.wikipedia.org/wiki/Charlotte,_North_Carolina","North Carolina","https://en.wikipedia.org/wiki/North_Carolina","Active","17","https://en.wikipedia.org/wiki/List_of_Alpha_Phi_Alpha_chapters#cite_note-:2-35","[","]","156","Beta Nu Lambda",""
"","","Omaha","https://en.wikipedia.org/wiki/Omaha,_Nebraska","Nebraska","https://en.wikipedia.org/wiki/Nebraska","Active","","","","","157","Beta Xi Lambda","193x ?"
"","July 29, 1939","Mobile","https://en.wikipedia.org/wiki/Mobile,_Alabama","Alabama","https://en.wikipedia.org/wiki/Alabama","Active","14","https://en.wikipedia.org/wiki/List_of_Alpha_Phi_Alpha_chapters#cite_note-:11-26","[","]","158","Beta Omicron Lambda",""
"","July 1, 1939","Albany","https://en.wikipedia.org/wiki/Albany,_New_York","New York","https://en.wikipedia.org/wiki/New_York_(state)","Active","6","https://en.wikipedia.org/wiki/List_of_Alpha_Phi_Alpha_chapters#cite_note-:5-6","[","]","159","Beta Pi Lambda",""
"Beta Rho Lambda","","Youngstown","https://en.wikipedia.org/wiki/Youngstown,_Ohio","Ohio","https://en.wikipedia.org/wiki/Ohio","Inactive","","","","","160","","19xx ?–xxxx ?"
"","","Hartford","https://en.wikipedia.org/wiki/Hartford,_Connecticut","Connecticut","https://en.wikipedia.org/wiki/Connecticut","Active","","","","","161","Beta Sigma Lambda","19xx ?"
"","","Fort Worth","https://en.wikipedia.org/wiki/Fort_Worth,_Texas","Texas","https://en.wikipedia.org/wiki/Texas","Active","","","","","152 ?","Beta Tau Lambda","19xx ?"
"","","Jackson","https://en.wikipedia.org/wiki/Jackson,_Tennessee","Tennessee","https://en.wikipedia.org/wiki/Tennessee","Active","86","https://en.wikipedia.org/wiki/List_of_Alpha_Phi_Alpha_chapters#cite_note-:21-148","[","]","163","Beta Upsilon Lambda","1941"
"","","Savannah","https://en.wikipedia.org/wiki/Savannah,_Georgia","Georgia","https://en.wikipedia.org/wiki/Georgia_(U.S._state)","Active","","","","","164","Beta Phi Lambda","194x ?"
"","","Muskogee","https://en.wikipedia.org/wiki/Muskogee,_Oklahoma","Oklahoma","https://en.wikipedia.org/wiki/Oklahoma","Active","","","","","165","Beta Chi Lambda","194x ?"
"","December 14, 1940","Los Angeles","https://en.wikipedia.org/wiki/Los_Angeles","California","https://en.wikipedia.org/wiki/California","Active","135","https://en.wikipedia.org/wiki/List_of_Alpha_Phi_Alpha_chapters#cite_note-201","[","]","166 ?","Beta Psi Lambda",""
"Beta Omega Lambda","","","","","","Unassigned","","","","","","",""
"","","Charlottesville","https://en.wikipedia.org/wiki/Charlottesville,_Virginia","Virginia","https://en.wikipedia.org/wiki/Virginia","Active","","","","","167","Gamma Alpha Lambda","194x ?"
"Gamma Beta Lambda","","Frankfort","https://en.wikipedia.org/wiki/Frankfort,_Kentucky","Kentucky","https://en.wikipedia.org/wiki/Kentucky","Inactive","","","","","168","","194x ?–xxxx ?"
"","August 24, 1941","Greenville","https://en.wikipedia.org/wiki/Greenville,_South_Carolina","South Carolina","https://en.wikipedia.org/wiki/South_Carolina","Active","136","https://en.wikipedia.org/wiki/List_of_Alpha_Phi_Alpha_chapters#cite_note-202","[","]","169","Gamma Gamma Lambda",""
"Gamma Delta Lambda","","Beckley","https://en.wikipedia.org/wiki/Beckley,_West_Virginia","West Virginia","https://en.wikipedia.org/wiki/West_Virginia","Inactive","","","","","170","","194x ?–19xx ?"
"Gamma Epsilon Lambda","","Hoplinsville","https://en.wikipedia.org/wiki/Hopkinsville,_Kentucky","Kentucky","https://en.wikipedia.org/wiki/Kentucky","Inactive","","","","","171","","194x ?–xxxx ?"
"","March 21, 1945","Tampa","https://en.wikipedia.org/wiki/Tampa,_Florida","Florida","https://en.wikipedia.org/wiki/Florida","Active","137","https://en.wikipedia.org/wiki/List_of_Alpha_Phi_Alpha_chapters#cite_note-203","[","]","172","Gamma Zeta Lambda",""
"","September 14, 1945","Austin","https://en.wikipedia.org/wiki/Austin,_Texas","Texas","https://en.wikipedia.org/wiki/Texas","Active","138","https://en.wikipedia.org/wiki/List_of_Alpha_Phi_Alpha_chapters#cite_note-204","[","]","173 ?","Gamma Eta Lambda",""
"","August 1945","Wilmington","https://en.wikipedia.org/wiki/Wilmington,_Delaware","Delaware","https://en.wikipedia.org/wiki/Delaware","Active","139","https://en.wikipedia.org/wiki/List_of_Alpha_Phi_Alpha_chapters#cite_note-205","[","]","174","Gamma Theta Lambda",""
"","May 5, 1945","Brooklyn","https://en.wikipedia.org/wiki/Brooklyn","New York","https://en.wikipedia.org/wiki/New_York_(state)","Active","6","https://en.wikipedia.org/wiki/List_of_Alpha_Phi_Alpha_chapters#cite_note-:5-6","[","]","175","Gamma Iota Lambda",""
"","January 1, 1945","Wilmington","https://en.wikipedia.org/wiki/Wilmington,_North_Carolina","North Carolina","https://en.wikipedia.org/wiki/North_Carolina","Active","17","https://en.wikipedia.org/wiki/List_of_Alpha_Phi_Alpha_chapters#cite_note-:2-35","[","]","176","Gamma Kappa Lambda",""
"Gamma Lambda Lambda","","","","","","Unassigned","","","","","","",""
"","","Tallahassee","https://en.wikipedia.org/wiki/Tallahassee,_Florida","Florida","https://en.wikipedia.org/wiki/Florida","Active","140","https://en.wikipedia.org/wiki/List_of_Alpha_Phi_Alpha_chapters#cite_note-206","[","]","177","Gamma Mu Lambda","1946"
"","","Lynchburg","https://en.wikipedia.org/wiki/Lynchburg,_Virginia","Virginia","https://en.wikipedia.org/wiki/Virginia","Active","","","","","178","Gamma Nu Lambda","194x ?"
"","","Minneapolis","https://en.wikipedia.org/wiki/Minneapolis","Minnesota","https://en.wikipedia.org/wiki/Minnesota","Active","","","","","179","Gamma Xi Lambda","194x ?"
"","","Albany","https://en.wikipedia.org/wiki/Albany,_Georgia","Georgia","https://en.wikipedia.org/wiki/Georgia_(U.S._state)","Active","","","","","180","Gamma Omicron Lambda","1948"
"","January 1947","Galveston","https://en.wikipedia.org/wiki/Galveston,_Texas","Texas","https://en.wikipedia.org/wiki/Texas","Active","141","https://en.wikipedia.org/wiki/List_of_Alpha_Phi_Alpha_chapters#cite_note-207","[","]","181 ?","Gamma Pi Lambda",""
"","February 8, 1947","Gary","https://en.wikipedia.org/wiki/Gary,_Indiana","Indiana","https://en.wikipedia.org/wiki/Indiana","Active","142","https://en.wikipedia.org/wiki/List_of_Alpha_Phi_Alpha_chapters#cite_note-208","[","]","182","Gamma Rho Lambda",""
"","","Fort Valley","https://en.wikipedia.org/wiki/Fort_Valley,_Georgia","Georgia","https://en.wikipedia.org/wiki/Georgia_(U.S._state)","Active","","","","","183","Gamma Sigma Lambda","194x ?"
"","","Beaumont","https://en.wikipedia.org/wiki/Beaumont,_Texas","Texas","https://en.wikipedia.org/wiki/Texas","Active","","","","","184 ?","Gamma Tau Lambda","1947"
"Gamma Upsilon Lambda","","","","","","Inactive","","","","","185 ?","","194x ?–xxxx ?"
"","April 12, 1947","Berkeley","https://en.wikipedia.org/wiki/Berkeley,_California","California","https://en.wikipedia.org/wiki/California","Active","143","https://en.wikipedia.org/wiki/List_of_Alpha_Phi_Alpha_chapters#cite_note-209","[","]","186 ?","Gamma Phi Lambda",""
"","September 20, 1947","San Francisco","https://en.wikipedia.org/wiki/San_Francisco","California","https://en.wikipedia.org/wiki/California","Active","144","https://en.wikipedia.org/wiki/List_of_Alpha_Phi_Alpha_chapters#cite_note-210","[","]","187 ?","Gamma Chi Lambda",""
"Gamma Psi Lambda","","Asheville","https://en.wikipedia.org/wiki/Asheville,_North_Carolina","North Carolina","https://en.wikipedia.org/wiki/North_Carolina","Inactive","","","","","188","","194x ?–xxxx ?"
"Gamma Omega Lambda","","","","","","Unassigned","","","","","","",""
"","November 15, 1947","Cleveland","https://en.wikipedia.org/wiki/Cleveland","Ohio","https://en.wikipedia.org/wiki/Ohio","Active","145","https://en.wikipedia.org/wiki/List_of_Alpha_Phi_Alpha_chapters#cite_note-211","[","]","189","Delta Alpha Lambda",""
"","","Hampton","https://en.wikipedia.org/wiki/Hampton,_Virginia","Virginia","https://en.wikipedia.org/wiki/Virginia","Active","111","https://en.wikipedia.org/wiki/List_of_Alpha_Phi_Alpha_chapters#cite_note-:22-174","[","]","190","Delta Beta Lambda","1947"
"","December 20, 1947","Cincinnati","https://en.wikipedia.org/wiki/Cincinnati","Ohio","https://en.wikipedia.org/wiki/Ohio","Active","146","https://en.wikipedia.org/wiki/List_of_Alpha_Phi_Alpha_chapters#cite_note-212","[","]","191","Delta Gamma Lambda",""
"","January 1, 1947","West Palm Beach","https://en.wikipedia.org/wiki/West_Palm_Beach,_Florida","Florida","https://en.wikipedia.org/wiki/Florida","Active","147","https://en.wikipedia.org/wiki/List_of_Alpha_Phi_Alpha_chapters#cite_note-213","[","]","192","Delta Delta Lambda",""
"","December 14, 1947","East St. Louis","https://en.wikipedia.org/wiki/East_St._Louis,_Illinois","Illinois","https://en.wikipedia.org/wiki/Illinois","Active","148","https://en.wikipedia.org/wiki/List_of_Alpha_Phi_Alpha_chapters#cite_note-214","[","]","193","Delta Epsilon Lambda",""
"","","Orangeburg","https://en.wikipedia.org/wiki/Orangeburg,_South_Carolina","South Carolina","https://en.wikipedia.org/wiki/South_Carolina","Active","","","","","194","Delta Zeta Lambda","1948"
"","April 6, 1948","Topeka","https://en.wikipedia.org/wiki/Topeka,_Kansas","Kansas","https://en.wikipedia.org/wiki/Kansas","Active","","","","","195","Delta Eta Lambda",""
"","April 13, 1948","Huntsville","https://en.wikipedia.org/wiki/Huntsville,_Alabama","Alabama","https://en.wikipedia.org/wiki/Alabama","Active","14","https://en.wikipedia.org/wiki/List_of_Alpha_Phi_Alpha_chapters#cite_note-:11-26","[","]","196","Delta Theta Lambda",""
"","","Columbus","https://en.wikipedia.org/wiki/Columbus,_Georgia","Georgia","https://en.wikipedia.org/wiki/Georgia_(U.S._state)","Active","","","","","197","Delta Iota Lambda","19xx ?"
"","","Florence","https://en.wikipedia.org/wiki/Florence,_South_Carolina","South Carolina","https://en.wikipedia.org/wiki/South_Carolina","Active","","","","","198","Delta Kappa Lambda","19xx ?"
"Delta Lambda Lambda","ed","","","","","Unassign","","","","","","",""
"","","Paterson","https://en.wikipedia.org/wiki/Paterson,_New_Jersey","New Jersey","https://en.wikipedia.org/wiki/New_Jersey","Active","e","https://en.wikipedia.org/wiki/List_of_Alpha_Phi_Alpha_chapters#cite_note-215","[","]","199","Delta Mu Lambda","19xx ?"
"","","Danville","https://en.wikipedia.org/wiki/Danville,_Virginia","Virginia","https://en.wikipedia.org/wiki/Virginia","Active","","","","","200","Delta Nu Lambda","19xx ?"
"","December 22, 1953","Orlando","https://en.wikipedia.org/wiki/Orlando,_Florida","Florida","https://en.wikipedia.org/wiki/Florida","Active","149","https://en.wikipedia.org/wiki/List_of_Alpha_Phi_Alpha_chapters#cite_note-216","[","]","202","Delta Xi Lambda",""
"Delta Omicron Lambda","","Princess Anne","https://en.wikipedia.org/wiki/Princess_Anne,_Maryland","Maryland","https://en.wikipedia.org/wiki/Maryland","Inactive","98","https://en.wikipedia.org/wiki/List_of_Alpha_Phi_Alpha_chapters#cite_note-:10-160","[","]","203","","19xx ?–xxxx ?"
"","September 12, 1948","Selma","https://en.wikipedia.org/wiki/Selma,_Alabama","Alabama","https://en.wikipedia.org/wiki/Alabama","Active","14","https://en.wikipedia.org/wiki/List_of_Alpha_Phi_Alpha_chapters#cite_note-:11-26","[","]","204","Delta Pi Lambda",""
"","September 3, 1949","San Antonio","https://en.wikipedia.org/wiki/San_Antonio","Texas","https://en.wikipedia.org/wiki/Texas","Active","150","https://en.wikipedia.org/wiki/List_of_Alpha_Phi_Alpha_chapters#cite_note-217","[","]","205","Delta Rho Lambda",""
"","","Pine Bluff","https://en.wikipedia.org/wiki/Pine_Bluff,_Arkansas","Arkansas","https://en.wikipedia.org/wiki/Arkansas","Active","","","","","206","Delta Sigma Lambda","194x ?"
"","December 3, 1949","Phoenix","https://en.wikipedia.org/wiki/Phoenix,_Arizona","Arizona","https://en.wikipedia.org/wiki/Arizona","Active","152","https://en.wikipedia.org/wiki/List_of_Alpha_Phi_Alpha_chapters#cite_note-219","[","]","207","Delta Tau Lambda",""
"","","Shreveport","https://en.wikipedia.org/wiki/Shreveport,_Louisiana","Louisiana","https://en.wikipedia.org/wiki/Louisiana","Active","","","","","208","Delta Upsilon Lambda","194x ?"
"","February 15, 1949","Tuscaloosa","https://en.wikipedia.org/wiki/Tuscaloosa,_Alabama","Alabama","https://en.wikipedia.org/wiki/Alabama","Active","14","https://en.wikipedia.org/wiki/List_of_Alpha_Phi_Alpha_chapters#cite_note-:11-26","[","]","209","Delta Phi Lambda",""
"","","Milwaukee","https://en.wikipedia.org/wiki/Milwaukee","Wisconsin","https://en.wikipedia.org/wiki/Wisconsin","Active","","","","","210","Delta Chi Lambda","194x ?"
"","May 21, 1949","Denver","https://en.wikipedia.org/wiki/Denver","Colorado","https://en.wikipedia.org/wiki/Colorado","Active","153","https://en.wikipedia.org/wiki/List_of_Alpha_Phi_Alpha_chapters#cite_note-220","[","]","211 ?","Delta Psi Lambda",""
"Delta Omega Lambda","","","","","","Unassigned","","","","","","",""
"","April 27, 1952","Washington","https://en.wikipedia.org/wiki/Washington,_D.C.","","","Active","44","https://en.wikipedia.org/wiki/List_of_Alpha_Phi_Alpha_chapters#cite_note-:27-86","[","]","500","Omicron Lambda Alpha",""
"Omicron Lambda Beta","January 24, 1954","Champaign","https://en.wikipedia.org/wiki/Champaign,_Illinois","Illinois","https://en.wikipedia.org/wiki/Illinois","Inactive","155","https://en.wikipedia.org/wiki/List_of_Alpha_Phi_Alpha_chapters#cite_note-:1-222","[","]","501","","– 1964; 196x–197x; 1994–1999"
"","","Conway","https://en.wikipedia.org/wiki/Conway,_Arkansas","Arkansas","https://en.wikipedia.org/wiki/Arkansas","Active","","","","","212 ?","Epsilon Alpha Lamba","19xx ?"
"","","Macon","https://en.wikipedia.org/wiki/Macon,_Georgia","Georgia","https://en.wikipedia.org/wiki/Georgia_(U.S._state)","Active","","","","","213","Epsilon Beta Lamba","19xx ?"
"","","Boston","https://en.wikipedia.org/wiki/Boston","Massachusetts","https://en.wikipedia.org/wiki/Massachusetts","Active","","","","","214","Epsilon Gamma Lambda","19xx ?"
"","January 1, 1949","Calhoun County","https://en.wikipedia.org/wiki/Calhoun_County,_Alabama","Talladega County","https://en.wikipedia.org/wiki/Talladega_County,_Alabama","Active","14","https://en.wikipedia.org/wiki/List_of_Alpha_Phi_Alpha_chapters#cite_note-:11-26","[","]","215","Epsilon Delta Lambda",""
"","","Waco","https://en.wikipedia.org/wiki/Waco,_Texas","Texas","https://en.wikipedia.org/wiki/Texas","Active","","","","","216 ?","Epsilon Epsilon Lambda","19xx ?"
"","","Portland","https://en.wikipedia.org/wiki/Portland,_Oregon","Oregon","https://en.wikipedia.org/wiki/Oregon","Active","","","","","217 ?","Epsilon Zeta Lambda","19xx ?"
"Epsilon Eta Lambda","","Charleston","https://en.wikipedia.org/wiki/Charleston,_Missouri","Missouri","https://en.wikipedia.org/wiki/Missouri","Inactive","","","","","218","","19xx ?–xxxx ?"
"","","Hamilton","https://en.wikipedia.org/wiki/Hamilton,_Bermuda","Bermuda","https://en.wikipedia.org/wiki/Bermuda","Active","","","","","219","Epsilon Theta Lambda","19xx ?"
"","","Suffolk","https://en.wikipedia.org/wiki/Suffolk,_Virginia","Virginia","https://en.wikipedia.org/wiki/Virginia","Active","","","","","220","Epsilon Iota Lambda","19xx ?"
"","","Grambling","https://en.wikipedia.org/wiki/Grambling,_Louisiana","Louisiana","https://en.wikipedia.org/wiki/Louisiana","Active","","","","","221","Epsilon Kappa Lambda","19xx ?"
"Epsilon Lambda Lambda","","","","","","Unassigned","","","","","","",""
"","","Pensacola","https://en.wikipedia.org/wiki/Pensacola,_Florida","Florida","https://en.wikipedia.org/wiki/Florida","Active","","","","","222","Epsilon Mu Lambda","19xx ?"
"","","Portsmouth","https://en.wikipedia.org/wiki/Portsmouth,_Virginia","Virginia","https://en.wikipedia.org/wiki/Virginia","Active","","","","","223","Epsilon Nu Lambda","19xx ?"
"","","Mound Bayou","https://en.wikipedia.org/wiki/Mound_Bayou,_Mississippi","Mississippi","https://en.wikipedia.org/wiki/Mississippi","Active","79","https://en.wikipedia.org/wiki/List_of_Alpha_Phi_Alpha_chapters#cite_note-:12-140","[","]","224 ?","Epsilon Xi Lambda","1951"
"","","Lawrenceville","https://en.wikipedia.org/wiki/Lawrenceville,_Virginia","Virginia","https://en.wikipedia.org/wiki/Virginia","Active","","","","","225","Epsilon Omicron Lambda","195x ?"
"","March 30, 1952","Ocala","https://en.wikipedia.org/wiki/Ocala,_Florida","Florida","https://en.wikipedia.org/wiki/Florida","Active","156","https://en.wikipedia.org/wiki/List_of_Alpha_Phi_Alpha_chapters#cite_note-224","[","]","226 ?","Epsilon Pi Lambda",""
"","January 1, 1952","Fayetteville","https://en.wikipedia.org/wiki/Fayetteville,_North_Carolina","North Carolina","https://en.wikipedia.org/wiki/North_Carolina","Active","17","https://en.wikipedia.org/wiki/List_of_Alpha_Phi_Alpha_chapters#cite_note-:2-35","[","]","227 ?","Epsilon Rho Lambda",""
"","February 15, 1977","Rocky Mount","https://en.wikipedia.org/wiki/Rocky_Mount,_North_Carolina","North Carolina","https://en.wikipedia.org/wiki/North_Carolina","Active","17","https://en.wikipedia.org/wiki/List_of_Alpha_Phi_Alpha_chapters#cite_note-:2-35","[","]","228 ?","Epsilon Sigma Lambda",""
"","November 7, 1952","Prairie View","https://en.wikipedia.org/wiki/Prairie_View,_Texas","Texas","https://en.wikipedia.org/wiki/Texas","Active","157","https://en.wikipedia.org/wiki/List_of_Alpha_Phi_Alpha_chapters#cite_note-225","[","]","229 ?","Epsilon Tau Lambda",""
"","","Flint","https://en.wikipedia.org/wiki/Flint,_Michigan","Michigan","https://en.wikipedia.org/wiki/Michigan","Active","158","https://en.wikipedia.org/wiki/List_of_Alpha_Phi_Alpha_chapters#cite_note-227","[","]","230","Epsilon Upsilon Lambda","1953"
"","","Port Arthur","https://en.wikipedia.org/wiki/Port_Arthur,_Texas","Texas","https://en.wikipedia.org/wiki/Texas","Active","","","","","231 ?","Epsilon Phi Lambda","195x ?"
"","December 7, 1953","Elizabeth City","https://en.wikipedia.org/wiki/Elizabeth_City,_North_Carolina","North Carolina","https://en.wikipedia.org/wiki/North_Carolina","Active","17","https://en.wikipedia.org/wiki/List_of_Alpha_Phi_Alpha_chapters#cite_note-:2-35","[","]","232 ?","Epsilon Chi Lambda",""
"Epsilon Psi Lambda","","Alexandria","https://en.wikipedia.org/wiki/Alexandria,_Louisiana","Louisiana","https://en.wikipedia.org/wiki/Louisiana","Inactive","","","","","233","","195x ?–xxxx ?"
"Epsilon Omega Lambda","","","","","","Unassigned","","","","","","",""
"","","Fort Lauderdale","https://en.wikipedia.org/wiki/Fort_Lauderdale,_Florida","Florida","https://en.wikipedia.org/wiki/Florida","Active","","","","","234","Zeta Alpha Lambda","1954"
"","","Sacramento","https://en.wikipedia.org/wiki/Sacramento,_California","California","https://en.wikipedia.org/wiki/California","Active","","","","","235 ?","Zeta Beta Lambda","195x ?"
"","","Langston","https://en.wikipedia.org/wiki/Langston,_Oklahoma","Oklahoma","https://en.wikipedia.org/wiki/Oklahoma","Active","","","","","236","Zeta Gamma Lambda","195x ?"
"","","Springfield","https://en.wikipedia.org/wiki/Springfield,_Ohio","Ohio","https://en.wikipedia.org/wiki/Ohio","Active","","","","","237","Zeta Delta Lambda","195x ?"
"","","Red Bank","https://en.wikipedia.org/wiki/Red_Bank,_New_Jersey","New Jersey","https://en.wikipedia.org/wiki/New_Jersey","Active","","","","","238","Zeta Epsilon Lambda","195x ?"
"","January 1, 1955","Greenville","https://en.wikipedia.org/wiki/Greenville,_North_Carolina","North Carolina","https://en.wikipedia.org/wiki/North_Carolina","Active","17","https://en.wikipedia.org/wiki/List_of_Alpha_Phi_Alpha_chapters#cite_note-:2-35","[","]","240 ?","Zeta Eta Lambda",""
"","April 24, 1955","St. Albans, Queens","https://en.wikipedia.org/wiki/St._Albans,_Queens","New York","https://en.wikipedia.org/wiki/New_York_(state)","Active","6","https://en.wikipedia.org/wiki/List_of_Alpha_Phi_Alpha_chapters#cite_note-:5-6","[","]","239","Zeta Zeta Lambda",""
"","","Harrisburg","https://en.wikipedia.org/wiki/Harrisburg,_Pennsylvania","Pennsylvania","https://en.wikipedia.org/wiki/Pennsylvania","Active","","","","","241","Zeta Theta Lambda","195x ?"
"","","Trenton","https://en.wikipedia.org/wiki/Trenton,_New_Jersey","New Jersey","https://en.wikipedia.org/wiki/New_Jersey","Active","","","","","242","Zeta Iota Lambda","195x ?"
"","","Des Moines","https://en.wikipedia.org/wiki/Des_Moines,_Iowa","Iowa","https://en.wikipedia.org/wiki/Iowa","Active","","","","","243","Zeta Kappa Lambda","195x ?"
"Zeta Lambda Lambda","","","","","","Unassigned","","","","","","",""
"","","Biloxi","https://en.wikipedia.org/wiki/Biloxi,_Mississippi","Mississippi","https://en.wikipedia.org/wiki/Mississippi","Active","79","https://en.wikipedia.org/wiki/List_of_Alpha_Phi_Alpha_chapters#cite_note-:12-140","[","]","244 ?","Zeta Mu Lambda","1956"
"","","Plainfield","https://en.wikipedia.org/wiki/Plainfield,_New_Jersey","New Jersey","https://en.wikipedia.org/wiki/New_Jersey","Active","","","","","245","Zeta Nu Lambda","195x ?"
"Zeta Xi Lambda First","January 18, 1954","Evanston","https://en.wikipedia.org/wiki/Evanston,_Illinois","Illinois","https://en.wikipedia.org/wiki/Illinois","Inactive, Reassigned","159","https://en.wikipedia.org/wiki/List_of_Alpha_Phi_Alpha_chapters#cite_note-:31-228","[","]","246","","– 19xx ?"
"","September 1, 2004","Champaign","https://en.wikipedia.org/wiki/Champaign,_Illinois","Illinois","https://en.wikipedia.org/wiki/Illinois","Active","159","https://en.wikipedia.org/wiki/List_of_Alpha_Phi_Alpha_chapters#cite_note-:31-228","[","]","246","Zeta Xi Lambda",""
"","","Philadelphia","https://en.wikipedia.org/wiki/Philadelphia","Pennsylvania","https://en.wikipedia.org/wiki/Pennsylvania","Active","","","","","247","Zeta Omicron Lambda","195x ?"
"","","Seattle","https://en.wikipedia.org/wiki/Seattle","Washington","https://en.wikipedia.org/wiki/Washington_(state)","Active","","","","","248 :","Zeta Pi Lambda","195x ?"
"","November 6, 1956","Dover","https://en.wikipedia.org/wiki/Dover,_Delaware","Delaware","https://en.wikipedia.org/wiki/Delaware","Active","160","https://en.wikipedia.org/wiki/List_of_Alpha_Phi_Alpha_chapters#cite_note-231","[","]","249","Zeta Rho Lambda",""
"","January 22, 1957","San Diego","https://en.wikipedia.org/wiki/San_Diego","California","https://en.wikipedia.org/wiki/California","Active","161","https://en.wikipedia.org/wiki/List_of_Alpha_Phi_Alpha_chapters#cite_note-232","[","]","250 ?","Zeta Sigma Lambda",""
"Zeta Tau Lambda First","","Amarillo","https://en.wikipedia.org/wiki/Amarillo,_Texas","Texas","https://en.wikipedia.org/wiki/Texas","Inactive, Reassigned","162","https://en.wikipedia.org/wiki/List_of_Alpha_Phi_Alpha_chapters#cite_note-:19-233","[","]","251 ?","","19xx ?–xxxx ?"
"","August 24, 2004","South Houston","https://en.wikipedia.org/wiki/South_Houston,_Texas","Southeast Houston","https://en.wikipedia.org/wiki/Southeast_Houston","Active","162","https://en.wikipedia.org/wiki/List_of_Alpha_Phi_Alpha_chapters#cite_note-:19-233","[","]","251 ?","Zeta Tau Lambda",""
"Virginia","December 12, 1975","Reston","https://en.wikipedia.org/wiki/Reston,_Virginia","Fairfax County","https://en.wikipedia.org/wiki/Fairfax_County,_Virginia","Active","163","https://en.wikipedia.org/wiki/List_of_Alpha_Phi_Alpha_chapters#cite_note-234","[","]","252","Zeta Upsilon Lambda",""
"","April 21, 1957","Stamford","https://en.wikipedia.org/wiki/Stamford,_Connecticut","Connecticut","https://en.wikipedia.org/wiki/Connecticut","Active","","","","","253","Zeta Phi Lambda",""
"Zeta Chi Lambda","","","","","","Inactive","","","","","255 ?","","195x ?–xxxx ?"
"","October 4, 1957","Lake Charles","https://en.wikipedia.org/wiki/Lake_Charles,_Louisiana","Louisiana","https://en.wikipedia.org/wiki/Louisiana","Active","164","https://en.wikipedia.org/wiki/List_of_Alpha_Phi_Alpha_chapters#cite_note-235","[","]","254","Zeta Psi Lambda",""
"Zeta Omega Lambda","","","","","","Unassigned","","","","","","",""
"","June 25, 1957","New Haven","https://en.wikipedia.org/wiki/New_Haven,_Connecticut","Connecticut","https://en.wikipedia.org/wiki/Connecticut","Active","165","https://en.wikipedia.org/wiki/List_of_Alpha_Phi_Alpha_chapters#cite_note-236","[","]","256","Eta Alpha Lambda",""
"","","Wichita","https://en.wikipedia.org/wiki/Wichita,_Kansas","Kansas","https://en.wikipedia.org/wiki/Kansas","Active","","","","","257","Eta Beta Lambda","195x ?"
"Eta Gamma Lambda","","Lafayette","https://en.wikipedia.org/wiki/Lafayette,_Louisiana","Louisiana","https://en.wikipedia.org/wiki/Louisiana","Inactive","","","","","258","","195x ?–xxxx ?"
"","","Monroe","https://en.wikipedia.org/wiki/Monroe,_Louisiana","Louisiana","https://en.wikipedia.org/wiki/Louisiana","Active","","","","","259 ?","Eta Delta Lambda","195x ?"
"","April 15, 1959","Annapolis","https://en.wikipedia.org/wiki/Annapolis,_Maryland","Maryland","https://en.wikipedia.org/wiki/Maryland","Active","166","https://en.wikipedia.org/wiki/List_of_Alpha_Phi_Alpha_chapters#cite_note-237","[","]","262","Eta Eta Lambda",""
"","November 2, 1958","Westchester County","https://en.wikipedia.org/wiki/Westchester_County,_New_York","New York","https://en.wikipedia.org/wiki/New_York_(state)","Active","6","https://en.wikipedia.org/wiki/List_of_Alpha_Phi_Alpha_chapters#cite_note-:5-6","[","]","261","Eta Zeta Lambda",""
"","October 6, 1958","Monrovia","https://en.wikipedia.org/wiki/Monrovia","Liberia","https://en.wikipedia.org/wiki/Liberia","Active","167","https://en.wikipedia.org/wiki/List_of_Alpha_Phi_Alpha_chapters#cite_note-238","[","]","260","Eta Epsilon Lambda",""
"","June 13, 1959","Wyandanch","https://en.wikipedia.org/wiki/Wyandanch,_New_York","New York","https://en.wikipedia.org/wiki/New_York_(state)","Active","6","https://en.wikipedia.org/wiki/List_of_Alpha_Phi_Alpha_chapters#cite_note-:5-6","[","]","263","Eta Theta Lambda",""
"","December 8, 1959","Athens","https://en.wikipedia.org/wiki/Athens,_Georgia","Georgia","https://en.wikipedia.org/wiki/Georgia_(U.S._state)","Active","168","https://en.wikipedia.org/wiki/List_of_Alpha_Phi_Alpha_chapters#cite_note-239","[","]","264","Eta Iota Lambda",""
"","March 24, 1960","Fort Pierce","https://en.wikipedia.org/wiki/Fort_Pierce,_Florida","Florida","https://en.wikipedia.org/wiki/Florida","Active","","","","","265","Eta Kappa Lambda",""
"Eta Lambda Lambda","","","","","","Unassigned","","","","","","",""
"","January 1, 1960","Gastonia","https://en.wikipedia.org/wiki/Gastonia,_North_Carolina","North Carolina","https://en.wikipedia.org/wiki/North_Carolina","Active","17","https://en.wikipedia.org/wiki/List_of_Alpha_Phi_Alpha_chapters#cite_note-:2-35","[","]","266","Eta Mu Lambda",""
"","March 25, 1960","Grand Rapids","https://en.wikipedia.org/wiki/Grand_Rapids,_Michigan","Michigan","https://en.wikipedia.org/wiki/Michigan","Active","169","https://en.wikipedia.org/wiki/List_of_Alpha_Phi_Alpha_chapters#cite_note-240","[","]","267","Eta Nu Lambda",""
"","","Lawton","https://en.wikipedia.org/wiki/Lawton,_Oklahoma","Oklahoma","https://en.wikipedia.org/wiki/Oklahoma","Active","","","","","268","Eta Xi Lambda","196x ?"
"","August 26, 1960","Rock Hill","https://en.wikipedia.org/wiki/Rock_Hill,_South_Carolina","South Carolina","https://en.wikipedia.org/wiki/South_Carolina","Active","170","https://en.wikipedia.org/wiki/List_of_Alpha_Phi_Alpha_chapters#cite_note-241","[","]","269","Eta Omicron Lambda",""
"","April 16, 1960","Pasadena","https://en.wikipedia.org/wiki/Pasadena,_California","California","https://en.wikipedia.org/wiki/California","Active","171","https://en.wikipedia.org/wiki/List_of_Alpha_Phi_Alpha_chapters#cite_note-242","[","]","270 ?","Eta Pi Lambda",""
"","October 2, 1960","Rochester","https://en.wikipedia.org/wiki/Rochester,_New_York","New York","https://en.wikipedia.org/wiki/New_York_(state)","Active","6","https://en.wikipedia.org/wiki/List_of_Alpha_Phi_Alpha_chapters#cite_note-:5-6","[","]","271","Eta Rho Lambda",""
"","July 8, 1960","San Jose","https://en.wikipedia.org/wiki/San_Jose,_California","California","https://en.wikipedia.org/wiki/California","Active","172","https://en.wikipedia.org/wiki/List_of_Alpha_Phi_Alpha_chapters#cite_note-243","[","]","272 ?","Eta Sigma Lambda",""
"","August 23, 1960","Akron","https://en.wikipedia.org/wiki/Akron,_Ohio","Ohio","https://en.wikipedia.org/wiki/Ohio","Active","19","https://en.wikipedia.org/wiki/List_of_Alpha_Phi_Alpha_chapters#cite_note-:15-38","[","]","273","Eta Tau Lambda",""
"Eta Upsilon Lambda First","","Odessa","https://en.wikipedia.org/wiki/Odessa,_Texas","Texas","https://en.wikipedia.org/wiki/Texas","Inactive, Reassigned","k","https://en.wikipedia.org/wiki/List_of_Alpha_Phi_Alpha_chapters#cite_note-245","[","]","274 ?","","196x ?–xxxx ?"
"","August 4, 2015","Monticello","https://en.wikipedia.org/wiki/Monticello,_Arkansas","Arkansas","https://en.wikipedia.org/wiki/Arkansas","Active","173","https://en.wikipedia.org/wiki/List_of_Alpha_Phi_Alpha_chapters#cite_note-246","[","]","274 ?","Eta Upsilon Lambda",""
"","","Columbus","https://en.wikipedia.org/wiki/Columbus,_Mississippi","Mississippi","https://en.wikipedia.org/wiki/Mississippi","Active","79","https://en.wikipedia.org/wiki/List_of_Alpha_Phi_Alpha_chapters#cite_note-:12-140","[","]","275","Eta Phi Lambda","1961"
"","October 17, 1961","Rockland County","https://en.wikipedia.org/wiki/Rockland_County,_New_York","New York","https://en.wikipedia.org/wiki/New_York_(state)","Active","6","https://en.wikipedia.org/wiki/List_of_Alpha_Phi_Alpha_chapters#cite_note-:5-6","[","]","276","Eta Chi Lambda",""
"","","Tucson","https://en.wikipedia.org/wiki/Tucson,_Arizona","Arizona","https://en.wikipedia.org/wiki/Arizona","Active","","","","","277 ?","Eta Psi Lambda","196x ?"
"Eta Omega Lambda","","","","","","Unassigned","","","","","279 ?","",""
"","January 1, 1962","Gadsden","https://en.wikipedia.org/wiki/Gadsden,_Alabama","Alabama","https://en.wikipedia.org/wiki/Alabama","Active","14","https://en.wikipedia.org/wiki/List_of_Alpha_Phi_Alpha_chapters#cite_note-:11-26","[","]","278","Theta Alpha Lamba",""
"Theta Gamma Lambda","","Dothan","https://en.wikipedia.org/wiki/Dothan,_Alabama","Alabama","https://en.wikipedia.org/wiki/Alabama","Inactive","","","","","280","","196x ?–xxxx ?"
"","","El Paso","https://en.wikipedia.org/wiki/El_Paso,_Texas","Texas","https://en.wikipedia.org/wiki/Texas","Active","","","","","281 ?","Theta Delta Lambda","196x ?"
"","","Saint Thomas","https://en.wikipedia.org/wiki/Saint_Thomas,_U.S._Virgin_Islands","U.S. Virgin Islands","https://en.wikipedia.org/wiki/United_States_Virgin_Islands","Active","","","","","282","Theta Epsilon Lambda","196x ?"
"","January 23, 1962","Ann Arbor","https://en.wikipedia.org/wiki/Ann_Arbor,_Michigan","Michigan","https://en.wikipedia.org/wiki/Michigan","Active","174","https://en.wikipedia.org/wiki/List_of_Alpha_Phi_Alpha_chapters#cite_note-247","[","]","283","Theta Zeta Lambda",""
"","December 31, 1962","St. Petersburg","https://en.wikipedia.org/wiki/St._Petersburg,_Florida","Florida","https://en.wikipedia.org/wiki/Florida","Active","175","https://en.wikipedia.org/wiki/List_of_Alpha_Phi_Alpha_chapters#cite_note-248","[","]","284","Theta Eta Lambda",""
"","","Frankfurt","https://en.wikipedia.org/wiki/Frankfurt","Germany","https://en.wikipedia.org/wiki/Germany","Active","","","","","285","Theta Theta Lambda","196x ?"
"","","Springfield","https://en.wikipedia.org/wiki/Springfield,_Massachusetts","Massachusetts","https://en.wikipedia.org/wiki/Massachusetts","Active","12","https://en.wikipedia.org/wiki/List_of_Alpha_Phi_Alpha_chapters#cite_note-:6-20","[","]","286","Theta Iota Lambda","196x ?"
"Theta Kappa Lambda","","","","","","Inactive","","","","","287 ?","","196x ?–xxxx ?"
"Theta Lambda Lambda","","","","","","Unassigned","","","","","","",""
"Theta Mu Lambda First","December 12, 1963","Calumet City","https://en.wikipedia.org/wiki/Calumet_City,_Illinois","Illinois","https://en.wikipedia.org/wiki/Illinois","Inactive, Reassigned","176","https://en.wikipedia.org/wiki/List_of_Alpha_Phi_Alpha_chapters#cite_note-:32-249","[","]","288","","– 196x ?"
"","December 2, 1986","Joliet","https://en.wikipedia.org/wiki/Joliet,_Illinois","Illinois","https://en.wikipedia.org/wiki/Illinois","Active","176","https://en.wikipedia.org/wiki/List_of_Alpha_Phi_Alpha_chapters#cite_note-:32-249","[","]","288","Theta Mu Lambda",""
"","","La Grange","https://en.wikipedia.org/wiki/LaGrange,_Georgia","Georgia","https://en.wikipedia.org/wiki/Georgia_(U.S._state)","Active","","","","","289","Theta Nu Lambda","196x ?"
"","","South Bend","https://en.wikipedia.org/wiki/South_Bend,_Indiana","Indiana","https://en.wikipedia.org/wiki/Indiana","Active","177","https://en.wikipedia.org/wiki/List_of_Alpha_Phi_Alpha_chapters#cite_note-252","[","]","290","Theta Xi Lambda","1965–19xx ?, xxxx ?"
"","January 1, 1964","Goldsboro","https://en.wikipedia.org/wiki/Goldsboro,_North_Carolina","North Carolina","https://en.wikipedia.org/wiki/North_Carolina","Active","17","https://en.wikipedia.org/wiki/List_of_Alpha_Phi_Alpha_chapters#cite_note-:2-35","[","]","291","Theta Omicron Lambda",""
"","","Las Vegas","https://en.wikipedia.org/wiki/Las_Vegas","Nevada","https://en.wikipedia.org/wiki/Nevada","Active","","","","","292 ?","Theta Pi Lambda","196x ?"
"","","Arlington County","https://en.wikipedia.org/wiki/Arlington_County,_Virginia","Alexandria","https://en.wikipedia.org/wiki/Alexandria,_Virginia","Active","","","","","293","Theta Rho Lambda","196x ?"
"","","Natchez","https://en.wikipedia.org/wiki/Natchez,_Mississippi","Mississippi","https://en.wikipedia.org/wiki/Mississippi","Active","79","https://en.wikipedia.org/wiki/List_of_Alpha_Phi_Alpha_chapters#cite_note-:12-140","[","]","294","Theta Sigma Lambda","1965"
"","","Helena","https://en.wikipedia.org/wiki/Helena,_Montana","Arkansas","https://en.wikipedia.org/wiki/Arkansas","Active","","","","","295 ?","Theta Tau Lambda","196x ?"
"","January 6, 1966","Fort Wayne","https://en.wikipedia.org/wiki/Fort_Wayne,_Indiana","Indiana","https://en.wikipedia.org/wiki/Indiana","Active","178","https://en.wikipedia.org/wiki/List_of_Alpha_Phi_Alpha_chapters#cite_note-253","[","]","296","Theta Upsilon Lambda",""
"","","Bennettsville","https://en.wikipedia.org/wiki/Bennettsville,_South_Carolina","South Carolina","https://en.wikipedia.org/wiki/South_Carolina","Active","","","","","297","Theta Phi Lambda","196x ?"
"Theta Chi Lambda","","Schenectady","https://en.wikipedia.org/wiki/Schenectady,_New_York","New York","https://en.wikipedia.org/wiki/New_York_(state)","Inactive","","","","","298","","196x ?–xxxx ?"
"","","Somerset","https://en.wikipedia.org/wiki/Somerset,_New_Jersey","New Jersey","https://en.wikipedia.org/wiki/New_Jersey","Active","","","","","299","Theta Psi Lambda","196x ?"
"Theta Omega Lambda","","","","","","Unassigned","","","","","","","196x ?–xxxx ?"
"","November 11, 1966","Aberdeen","https://en.wikipedia.org/wiki/Aberdeen,_Maryland","Maryland","https://en.wikipedia.org/wiki/Maryland","Active","179","https://en.wikipedia.org/wiki/List_of_Alpha_Phi_Alpha_chapters#cite_note-254","[","]","502","Iota Alpha Lambda",""
"","","Cocoa","https://en.wikipedia.org/wiki/Cocoa,_Florida","Florida","https://en.wikipedia.org/wiki/Florida","Active","","","","","503","Iota Beta Lambda","1966"
"Iota Gamma Lambda","","","","","","Inactive","","","","","504","","196x ?–xxxx ?"
"","May 1, 1968","Chicago","https://en.wikipedia.org/wiki/Chicago","Illinois","https://en.wikipedia.org/wiki/Illinois","Active","180","https://en.wikipedia.org/wiki/List_of_Alpha_Phi_Alpha_chapters#cite_note-255","[","]","505","Iota Delta Lambda","– 197x ?; 1980"
"Iota Epsilon Lambda First","","Long Binh Post","https://en.wikipedia.org/wiki/Long_Binh_Post","South Vietnam","https://en.wikipedia.org/wiki/South_Vietnam","Inactive, Reassigned","","","","","506","","196x ?–xxxx ?"
"","","Nassau","https://en.wikipedia.org/wiki/Nassau,_Bahamas","The Bahamas","https://en.wikipedia.org/wiki/The_Bahamas","Active","","","","","506","Iota Epsilon Lambda",""
"","","Compton","https://en.wikipedia.org/wiki/Compton,_California","Los Angeles","https://en.wikipedia.org/wiki/Los_Angeles","Active","","","","","","Iota Zeta Lambda","196x ?"
"","","Denmark","https://en.wikipedia.org/wiki/Denmark,_South_Carolina","South Carolina","https://en.wikipedia.org/wiki/South_Carolina","Active","","","","","508","Iota Eta Lambda","196x ?"
"","","Endicott","https://en.wikipedia.org/wiki/Endicott,_New_York","New York","https://en.wikipedia.org/wiki/New_York_(state)","Active","6","https://en.wikipedia.org/wiki/List_of_Alpha_Phi_Alpha_chapters#cite_note-:5-6","[","]","509","Iota Theta Lambda","1968"
"","January 10, 1969","Ithaca","https://en.wikipedia.org/wiki/Ithaca,_New_York","New York","https://en.wikipedia.org/wiki/New_York_(state)","Active","6","https://en.wikipedia.org/wiki/List_of_Alpha_Phi_Alpha_chapters#cite_note-:5-6","[","]","510","Iota Iota Lambda",""
"","April 22, 1969","Syracuse","https://en.wikipedia.org/wiki/Syracuse,_New_York","New York","https://en.wikipedia.org/wiki/New_York_(state)","Active","6","https://en.wikipedia.org/wiki/List_of_Alpha_Phi_Alpha_chapters#cite_note-:5-6","[","]","511","Iota Kappa Lambda",""
"Iota Lambda Lambda","","","","","","Unassigned","","","","","","",""
"","","Tacoma","https://en.wikipedia.org/wiki/Tacoma,_Washington","Washington","https://en.wikipedia.org/wiki/Washington_(state)","Active","","","","","","Iota Mu Lambda","19xx ?"
"","September 1, 1970","Fresno","https://en.wikipedia.org/wiki/Fresno,_California","California","https://en.wikipedia.org/wiki/California","Active","181","https://en.wikipedia.org/wiki/List_of_Alpha_Phi_Alpha_chapters#cite_note-257","[","]","","Iota Nu Lambda",""
"","","Opelousas","https://en.wikipedia.org/wiki/Opelousas,_Louisiana","Louisiana","https://en.wikipedia.org/wiki/Louisiana","Active","","","","","","Iota Xi Lambda","19xx ?"
"","","Colorado Springs","https://en.wikipedia.org/wiki/Colorado_Springs,_Colorado","Colorado","https://en.wikipedia.org/wiki/Colorado","Active","","","","","","Iota Omicron Lambda","19xx ?"
"","December 22, 1969","Richmond Heights","https://en.wikipedia.org/wiki/Richmond_Heights,_Florida","Miami","https://en.wikipedia.org/wiki/Miami","Active","182","https://en.wikipedia.org/wiki/List_of_Alpha_Phi_Alpha_chapters#cite_note-258","[","]","516","Iota Pi Lambda",""
"","September 2, 1970","Pontiac","https://en.wikipedia.org/wiki/Pontiac,_Michigan","Michigan","https://en.wikipedia.org/wiki/Michigan","Active","183","https://en.wikipedia.org/wiki/List_of_Alpha_Phi_Alpha_chapters#cite_note-259","[","]","517","Iota Rho Lambda",""
"","","Saint Croix","https://en.wikipedia.org/wiki/Saint_Croix","U.S. Virgin Islands","https://en.wikipedia.org/wiki/United_States_Virgin_Islands","Active","","","","","518","Iota Sigma Lambda","197x ?"
"Iota Tau Lambda","","Charlotte Court House","https://en.wikipedia.org/wiki/Charlotte_Court_House,_Virginia","Virginia","https://en.wikipedia.org/wiki/Virginia","Inactive","","","","","519","","197x ?–xxxx ?"
"","","Silver Spring","https://en.wikipedia.org/wiki/Silver_Spring,_Maryland","Maryland","https://en.wikipedia.org/wiki/Maryland","Active","44","https://en.wikipedia.org/wiki/List_of_Alpha_Phi_Alpha_chapters#cite_note-:27-86","[","]","520","Iota Upsilon Lambda","197x ?"
"Iota Phi Lambda","","Muskegon","https://en.wikipedia.org/wiki/Muskegon,_Michigan","Michigan","https://en.wikipedia.org/wiki/Michigan","Inactive","","","","","521","","197x ?–xxxx ?"
"","","Saginaw","https://en.wikipedia.org/wiki/Saginaw,_Michigan","Michigan","https://en.wikipedia.org/wiki/Michigan","Active","184","https://en.wikipedia.org/wiki/List_of_Alpha_Phi_Alpha_chapters#cite_note-260","[","]","522","Iota Chi Lambda","1971"
"Iota Psi Lambda","","","","","","Inactive","","","","","","","197x ?–xxxx ?"
"Iota Omega Lambda","","","","","","Unassigned","","","","","","",""
"","","Seaside","https://en.wikipedia.org/wiki/Seaside,_California","California","https://en.wikipedia.org/wiki/California","Active","","","","","","Kappa Alpha Lambda","197x ?"
"","","Erie","https://en.wikipedia.org/wiki/Erie,_Pennsylvania","Pennsylvania","https://en.wikipedia.org/wiki/Pennsylvania","Active","","","","","525","Kappa Beta Lambda","197x ?"
"","","Texarkana","https://en.wikipedia.org/wiki/Texarkana,_Arkansas","Arkansas","https://en.wikipedia.org/wiki/Arkansas","Active","","","","","","Kappa Gamma Lambda","197x ?"
"","","Lansing","https://en.wikipedia.org/wiki/Lansing,_Michigan","Michigan","https://en.wikipedia.org/wiki/Michigan","Active","185","https://en.wikipedia.org/wiki/List_of_Alpha_Phi_Alpha_chapters#cite_note-261","[","]","527","Kappa Delta Lambda","1972"
"","October 1972","Landover","https://en.wikipedia.org/wiki/Landover,_Maryland","Maryland","https://en.wikipedia.org/wiki/Maryland","Active","186","https://en.wikipedia.org/wiki/List_of_Alpha_Phi_Alpha_chapters#cite_note-262","[","]","528","Kappa Epsilon Lambda",""
"","","Clarksville","https://en.wikipedia.org/wiki/Clarksville,_Tennessee","Tennessee","https://en.wikipedia.org/wiki/Tennessee","Active","86","https://en.wikipedia.org/wiki/List_of_Alpha_Phi_Alpha_chapters#cite_note-:21-148","[","]","529","Kappa Zeta Lambda","1973"
"","","Bakersfield","https://en.wikipedia.org/wiki/Bakersfield,_California","California","https://en.wikipedia.org/wiki/California","Active","","","","","","Kappa Eta Lambda","197x ?"
"","","Teaneck","https://en.wikipedia.org/wiki/Teaneck,_New_Jersey","New Jersey","https://en.wikipedia.org/wiki/New_Jersey","Active","","","","","531","Kappa Theta Lambda","197x ?"
"","","Willingboro Township","https://en.wikipedia.org/wiki/Willingboro_Township,_New_Jersey","New Jersey","https://en.wikipedia.org/wiki/New_Jersey","Active","","","","","532","Kappa Iota Lambda","197x ?"
"Kappa Kappa Lambda","","","","","","Inactive","","","","","","","197x ?–xxxx ?"
"Kappa Lambda Lambda","","","","","","Unassigned","","","","","","",""
"Kappa Mu Lambda","","Lorain","https://en.wikipedia.org/wiki/Lorain,_Ohio","Ohio","https://en.wikipedia.org/wiki/Ohio","Inactive","","","","","534","","197x ?–xxxx ?"
"","July 1, 1974","Sheffield","https://en.wikipedia.org/wiki/Sheffield","Alabama","https://en.wikipedia.org/wiki/Alabama","Active","14","https://en.wikipedia.org/wiki/List_of_Alpha_Phi_Alpha_chapters#cite_note-:11-26","[","]","535","Kappa Nu Lambda",""
"","August 22, 1974","New York City","https://en.wikipedia.org/wiki/New_York_City","New York","https://en.wikipedia.org/wiki/New_York_(state)","Active","6","https://en.wikipedia.org/wiki/List_of_Alpha_Phi_Alpha_chapters#cite_note-:5-6","[","]","536","Kappa Xi Lambda",""
"","July 2, 1974","Vallejo","https://en.wikipedia.org/wiki/Vallejo,_California","California","https://en.wikipedia.org/wiki/California","Active","187","https://en.wikipedia.org/wiki/List_of_Alpha_Phi_Alpha_chapters#cite_note-264","[","]","","Kappa Omicron Lambda",""
"","September 26, 1974","Peoria","https://en.wikipedia.org/wiki/Peoria,_Illinois","Illinois","https://en.wikipedia.org/wiki/Illinois","Active","188","https://en.wikipedia.org/wiki/List_of_Alpha_Phi_Alpha_chapters#cite_note-265","[","]","538","Kappa Pi Lambda",""
"","October 1, 1974","Evansville","https://en.wikipedia.org/wiki/Evansville,_Indiana","Indiana","https://en.wikipedia.org/wiki/Indiana","Active","189","https://en.wikipedia.org/wiki/List_of_Alpha_Phi_Alpha_chapters#cite_note-266","[","]","539","Kappa Rho Lambda",""
"","November 1, 1974","Killeen","https://en.wikipedia.org/wiki/Killeen,_Texas","Texas","https://en.wikipedia.org/wiki/Texas","Active","190","https://en.wikipedia.org/wiki/List_of_Alpha_Phi_Alpha_chapters#cite_note-267","[","]","540 ?","Kappa Sigma Lambda",""
"","November 24, 1974","Valdosta","https://en.wikipedia.org/wiki/Valdosta,_Georgia","Georgia","https://en.wikipedia.org/wiki/Georgia_(U.S._state)","Active","191","https://en.wikipedia.org/wiki/List_of_Alpha_Phi_Alpha_chapters#cite_note-268","[","]","541 ?","Kappa Tau Lambda",""
"","December 3, 1975","Mid-Hudson Valley","https://en.wikipedia.org/wiki/Hudson_Valley","New York","https://en.wikipedia.org/wiki/New_York_(state)","Active","6","https://en.wikipedia.org/wiki/List_of_Alpha_Phi_Alpha_chapters#cite_note-:5-6","[","]","542","Kappa Upsilon Lambda",""
"","March 1, 1975","Columbia","https://en.wikipedia.org/wiki/Columbia,_Maryland","Maryland","https://en.wikipedia.org/wiki/Maryland","Active","192","https://en.wikipedia.org/wiki/List_of_Alpha_Phi_Alpha_chapters#cite_note-269","[","]","543","Kappa Phi Lambda",""
"","January 17, 1975","Waukegan","https://en.wikipedia.org/wiki/Waukegan,_Illinois","Illinois","https://en.wikipedia.org/wiki/Illinois","Active","193","https://en.wikipedia.org/wiki/List_of_Alpha_Phi_Alpha_chapters#cite_note-270","[","]","544","Kappa Chi Lambda",""
"","","Kalamazoo","https://en.wikipedia.org/wiki/Kalamazoo,_Michigan","Michigan","https://en.wikipedia.org/wiki/Michigan","Active","194","https://en.wikipedia.org/wiki/List_of_Alpha_Phi_Alpha_chapters#cite_note-271","[","]","545","Kappa Psi Lamba","1975"
"","February 7, 1975","DeKalb","https://en.wikipedia.org/wiki/DeKalb,_Illinois","Illinois","https://en.wikipedia.org/wiki/Illinois","Active","195","https://en.wikipedia.org/wiki/List_of_Alpha_Phi_Alpha_chapters#cite_note-272","[","]","546","Mu Alpha Lambda",""
"","","Honolulu","https://en.wikipedia.org/wiki/Honolulu","Hawaii","https://en.wikipedia.org/wiki/Hawaii","Active","","","","","547 ?","Mu Beta Lambda","197x ?"
"","","Hattiesburg","https://en.wikipedia.org/wiki/Hattiesburg,_Mississippi","Mississippi","https://en.wikipedia.org/wiki/Mississippi","Active","79","https://en.wikipedia.org/wiki/List_of_Alpha_Phi_Alpha_chapters#cite_note-:12-140","[","]","548 ?","Mu Gamma Lambda","1975"
"","","Springfield","https://en.wikipedia.org/wiki/Springfield,_Illinois","Illinois","https://en.wikipedia.org/wiki/Illinois","Active","","","","","549","Mu Delta Lambda","197x ?"
"","","Conway","https://en.wikipedia.org/wiki/Conway,_South_Carolina","South Carolina","https://en.wikipedia.org/wiki/South_Carolina","Active","","","","","550 ?","Mu Epsilon Lambda","197x ?"
"","October 7, 1975","Polk County","https://en.wikipedia.org/wiki/Polk_County,_Florida","Lakeland","https://en.wikipedia.org/wiki/Lakeland,_Florida","Active","196","https://en.wikipedia.org/wiki/List_of_Alpha_Phi_Alpha_chapters#cite_note-273","[","]","551 ?","Mu Zeta Lambda",""
"","","Madison","https://en.wikipedia.org/wiki/Madison,_Wisconsin","Wisconsin","https://en.wikipedia.org/wiki/Wisconsin","Active","","","","","552 ?","Mu Eta Lambda","197x ?"
"","","Providence","https://en.wikipedia.org/wiki/Providence,_Rhode_Island","Rhode Island","https://en.wikipedia.org/wiki/Rhode_Island","Active","12","https://en.wikipedia.org/wiki/List_of_Alpha_Phi_Alpha_chapters#cite_note-:6-20","[","]","553","Mu Theta Lambda","197x ?"
"Mu Iota Lambda","","","","","","Inactive","","","","","554 ?","","197x ?–xxxx ?"
"","April 5, 1976","Carbondale","https://en.wikipedia.org/wiki/Carbondale,_Illinois","Illinois","https://en.wikipedia.org/wiki/Illinois","Active","197","https://en.wikipedia.org/wiki/List_of_Alpha_Phi_Alpha_chapters#cite_note-274","[","]","555 ?","Mu Kappa Lambda",""
"Mu Lambda Lambda","","","","","","Unassigned","","","","","","",""
"","August 14, 1976","Glen Ellyn","https://en.wikipedia.org/wiki/Glen_Ellyn,_Illinois","Illinois","https://en.wikipedia.org/wiki/Illinois","Active","198","https://en.wikipedia.org/wiki/List_of_Alpha_Phi_Alpha_chapters#cite_note-275","[","]","556 ?","Mu Mu Lambda",""
"Mu Nu Lambda","","","","","","Inactive","","","","","557 ?","","197x ?–xxxx ?"
"Mu Xi Lambda","","","","","","Inactive","","","","","558 ?","","197x ?–xxxx ?"
"","","Blytheville","https://en.wikipedia.org/wiki/Blytheville,_Arkansas","Arkansas","https://en.wikipedia.org/wiki/Arkansas","Active","","","","","559 ?","Mu Omicron Lambda","197x ?"
"","","Brookhaven","https://en.wikipedia.org/wiki/Brookhaven,_New_York","Mississippi","https://en.wikipedia.org/wiki/Mississippi","Active","79","https://en.wikipedia.org/wiki/List_of_Alpha_Phi_Alpha_chapters#cite_note-:12-140","[","]","560 ?","Mu Pi Lambda","1977"
"","","Longview","https://en.wikipedia.org/wiki/Longview,_Texas","Texas","https://en.wikipedia.org/wiki/Texas","Active","","","","","561 ?","Mu Rho Lambda","197x ?"
"","","Culver City","https://en.wikipedia.org/wiki/Culver_City,_California","California","https://en.wikipedia.org/wiki/California","Active","","","","","562 ?","Mu Sigma Lambda","197x ?"
"Mu Tau Lambda","","","","","","Inactive","","","","","563 ?","","197x ?–xxxx ?"
"Mu Upsilon Lambda","","","","","","Inactive","","","","","564 ?","","197x ?–xxxx ?"
"","","Seoul","https://en.wikipedia.org/wiki/Seoul","South Korea","https://en.wikipedia.org/wiki/South_Korea","Active","","","","","565 ?","Mu Phi Lambda","197x ?"
"","December 4, 1977","Rock Island","https://en.wikipedia.org/wiki/Rock_Island,_Illinois","Illinois","https://en.wikipedia.org/wiki/Illinois","Active","199","https://en.wikipedia.org/wiki/List_of_Alpha_Phi_Alpha_chapters#cite_note-276","[","]","566 ?","Mu Chi Lambda",""
"","March 20, 1978","Homewood","https://en.wikipedia.org/wiki/Homewood,_Alabama","Alabama","https://en.wikipedia.org/wiki/Alabama","Active","14","https://en.wikipedia.org/wiki/List_of_Alpha_Phi_Alpha_chapters#cite_note-:11-26","[","]","567 ?","Mu Psi Lambda",""
"Mu Omega Lambda","","","","","","Unassigned","","","","","","",""
"","","Marrero","https://en.wikipedia.org/wiki/Marrero,_Louisiana","Louisiana","https://en.wikipedia.org/wiki/Louisiana","Active","","","","","568 ?","Nu Alpha Lambda","197x ?"
"","","Stockton","https://en.wikipedia.org/wiki/Stockton,_California","California","https://en.wikipedia.org/wiki/California","Active","","","","","569 ?","Nu Beta Lambda","197x ?"
"","","Glassboro","https://en.wikipedia.org/wiki/Glassboro,_New_Jersey","New Jersey","https://en.wikipedia.org/wiki/New_Jersey","Active","48","https://en.wikipedia.org/wiki/List_of_Alpha_Phi_Alpha_chapters#cite_note-:25-90","[","]","570","Nu Gamma Lambda","197x ?"
"","","Chesapeake","https://en.wikipedia.org/wiki/Chesapeake,_Virginia","Virginia","https://en.wikipedia.org/wiki/Virginia","Active","47","https://en.wikipedia.org/wiki/List_of_Alpha_Phi_Alpha_chapters#cite_note-:28-89","[","]","571","Nu Delta Lambda","197x ?"
"","","Richland","https://en.wikipedia.org/wiki/Richland,_Washington","Washington","https://en.wikipedia.org/wiki/Washington_(state)","Active","","","","","572 ?","Nu Epsilon Lambda","197x ?"
"","","Anchorage","https://en.wikipedia.org/wiki/Anchorage,_Alaska","Alaska","https://en.wikipedia.org/wiki/Alaska","Active","","","","","573 ?","Nu Zeta Lambda","197x ?"
"","","Gainesville","https://en.wikipedia.org/wiki/Gainesville,_Florida","Florida","https://en.wikipedia.org/wiki/Florida","Active","","","","","574 ?","Nu Eta Lambda","197x ?"
"","","St. Martinville","https://en.wikipedia.org/wiki/St._Martinville,_Louisiana","Louisiana","https://en.wikipedia.org/wiki/Louisiana","Active","","","","","575 ?","Nu Theta Lambda","197x ?"
"","December 5, 1979","Kinston","https://en.wikipedia.org/wiki/Kinston,_North_Carolina","North Carolina","https://en.wikipedia.org/wiki/North_Carolina","Active","17","https://en.wikipedia.org/wiki/List_of_Alpha_Phi_Alpha_chapters#cite_note-:2-35","[","]","576 ?","Nu Iota Lambda",""
"Nu Kappa Lambda","","","","","","Inactive","","","","","577 ?","","19xx ?–xxxx ?"
"Nu Lambda Lambda","","","","","","Unassigned","","","","","","",""
"","","DeKalb County","https://en.wikipedia.org/wiki/DeKalb_County,_Georgia","Decatur","https://en.wikipedia.org/wiki/Decatur,_Georgia","Active","","","","","578 ?","Nu Mu Lambda","19xx ?"
"Nu Nu Lambda","","","","","","Inactive","","","","","579 ?","","19xx ?–xxxx ?"
"Nu Xi Lambda","","","","","","Inactive","","","","","580 ?","","19xx ?–xxxx ?"
"","","Virginia","https://en.wikipedia.org/wiki/Virginia","","","Active","47","https://en.wikipedia.org/wiki/List_of_Alpha_Phi_Alpha_chapters#cite_note-:28-89","[","]","581","Nu Omicron Lambda","19xx ?"
"","March 27, 1981","Arlington","https://en.wikipedia.org/wiki/Arlington_County,_Virginia","Texas","https://en.wikipedia.org/wiki/Texas","Active","200","https://en.wikipedia.org/wiki/List_of_Alpha_Phi_Alpha_chapters#cite_note-277","[","]","582 ?","Nu Pi Lambda",""
"Nu Rho Lambda","","","","","","Inactive","","","","","583 ?","","198x ?–xxxx ?"
"Nu Sigma Lambda","","","","","","Inactive","","","","","584 ?","","198x ?–xxxx ?"
"","","Santa Ana","https://en.wikipedia.org/wiki/Santa_Ana,_California","California","https://en.wikipedia.org/wiki/California","Active","","","","","585 ?","Nu Tau Lambda","198x ?"
"Nu Upsilon Lambda","","","","","","Inactive","","","","","586 ?","","198x ?–xxxx ?"
"Nu Phi Lambda","","","","","","Active","","","","","587 ?","","198x ?–2020"
"","","Iowa City","https://en.wikipedia.org/wiki/Iowa_City,_Iowa","Iowa","https://en.wikipedia.org/wiki/Iowa","Active","","","","","588 ?","Nu Chi Lambda","198x ?"
"","May 15, 1981","Bloomington","https://en.wikipedia.org/wiki/Bloomington,_Illinois","Illinois","https://en.wikipedia.org/wiki/Illinois","Active","201","https://en.wikipedia.org/wiki/List_of_Alpha_Phi_Alpha_chapters#cite_note-278","[","]","589 ?","Nu Psi Lambda",""
"Nu Omega Lambda","","","","","","Unassigned","","","","","","","198x ?"
"","","Prince William County","https://en.wikipedia.org/wiki/Prince_William_County,_Virginia","Virginia","https://en.wikipedia.org/wiki/Virginia","Active","47","https://en.wikipedia.org/wiki/List_of_Alpha_Phi_Alpha_chapters#cite_note-:28-89","[","]","590","Xi Alpha Lambda","1981"
"","","Temple","https://en.wikipedia.org/wiki/Temple,_Texas","Texas","https://en.wikipedia.org/wiki/Texas","Active","","","","","591 ?","Xi Beta Lambda","198x ?"
"","","Beaufort","https://en.wikipedia.org/wiki/Beaufort,_South_Carolina","South Carolina","https://en.wikipedia.org/wiki/South_Carolina","Active","","","","","592 ?","Xi Gamma Lambda","198x ?"
"","March 5, 1982","Henrico County","https://en.wikipedia.org/wiki/Henrico_County,_Virginia","Virginia","https://en.wikipedia.org/wiki/Virginia","Active","202","https://en.wikipedia.org/wiki/List_of_Alpha_Phi_Alpha_chapters#cite_note-279","[","]","593","Xi Delta Lambda",""
"","","Columbia","https://en.wikipedia.org/wiki/Columbia,_Missouri","Missouri","https://en.wikipedia.org/wiki/Missouri","Active","","","","","594 ?","Xi Epsilon Lambda","198x ?"
"","","Moss Point","https://en.wikipedia.org/wiki/Moss_Point,_Mississippi","Mississippi","https://en.wikipedia.org/wiki/Mississippi","Active","79","https://en.wikipedia.org/wiki/List_of_Alpha_Phi_Alpha_chapters#cite_note-:12-140","[","]","595 ?","Xi Zeta Lambda","1982"
"","","North Harris County","https://en.wikipedia.org/wiki/Harris_County,_Texas","Texas","https://en.wikipedia.org/wiki/Texas","Active","","","","","596 ?","Xi Eta Lambda","198x ?"
"","","Spartanburg","https://en.wikipedia.org/wiki/Spartanburg,_South_Carolina","South Carolina","https://en.wikipedia.org/wiki/South_Carolina","Active","","","","","597 ?","Xi Theta Lambda","198x ?"
"","","Camarillo","https://en.wikipedia.org/wiki/Camarillo,_California","California","https://en.wikipedia.org/wiki/California","Active","","","","","598 ?","Xi Iota Lambda","198x ?"
"","","Missouri City","https://en.wikipedia.org/wiki/Missouri_City,_Texas","Texas","https://en.wikipedia.org/wiki/Texas","Active","","","","","599 ?","Xi Kappa Lambda","198x ?"
"Xi Lambda Lambda","","","","","","Unassigned","","","","","","",""
"Xi Mu Lambda","","","","","","Inactive","","","","","600 ?","","198x ?–xxxx ?"
"","","Baton Rouge","https://en.wikipedia.org/wiki/Baton_Rouge,_Louisiana","Louisiana","https://en.wikipedia.org/wiki/Louisiana","Active","","","","","601 ?","Xi Nu Lambda","198x ?"
"","","Frederick","https://en.wikipedia.org/wiki/Frederick,_Maryland","Maryland","https://en.wikipedia.org/wiki/Maryland","Active","44","https://en.wikipedia.org/wiki/List_of_Alpha_Phi_Alpha_chapters#cite_note-:27-86","[","]","602","Xi Xi Lambda","198x ?"
"","","Fort Myers","https://en.wikipedia.org/wiki/Fort_Myers,_Florida","Florida","https://en.wikipedia.org/wiki/Florida","Active","","","","","603 ?","Xi Omicron Lambda","198x ?"
"Xi Pi Lambda","","","","","","Inactive","","","","","604 ?","","198x ?–xxxx ?"
"Xi Rho Lambda","","","","","","Inactive","","","","","605 ?","","198x ?–xxxx ?"
"Xi Sigma Lambda","","","","","","Inactive","","","","","606 ?","","198x ?–xxxx ?"
"","March 3, 1984","North Dallas County","https://en.wikipedia.org/wiki/Dallas_County,_Texas","Texas","https://en.wikipedia.org/wiki/Texas","Active","203","https://en.wikipedia.org/wiki/List_of_Alpha_Phi_Alpha_chapters#cite_note-280","[","]","607 ?","Xi Tau Lambda",""
"Xi Upsilon Lambda","","","","","","Inactive","","","","","608 ?","","198x ?–xxxx ?"
"","January 18, 1984","Summerville","https://en.wikipedia.org/wiki/Summerville,_South_Carolina","South Carolina","https://en.wikipedia.org/wiki/South_Carolina","Active","204","https://en.wikipedia.org/wiki/List_of_Alpha_Phi_Alpha_chapters#cite_note-281","[","]","609 ?","Xi Phi Lambda",""
"Xi Chi Lambda","","","","","","Inactive","","","","","610 ?","","198x ?–xxxx ?"
"","November 17, 1984","Palmetto","https://en.wikipedia.org/wiki/Palmetto,_Florida","Florida","https://en.wikipedia.org/wiki/Florida","Active","205","https://en.wikipedia.org/wiki/List_of_Alpha_Phi_Alpha_chapters#cite_note-282","[","]","611 ?","Xi Psi Lambda",""
"Xi Omega Lambda","","","","","","Unassigned","","","","","","",""
"","","Fredericksburg","https://en.wikipedia.org/wiki/Fredericksburg,_Virginia","Virginia","https://en.wikipedia.org/wiki/Virginia","Active","47","https://en.wikipedia.org/wiki/List_of_Alpha_Phi_Alpha_chapters#cite_note-:28-89","[","]","612","Omicron Alpha Lambda","198x ?"
"","June 15, 1985","Clearwater","https://en.wikipedia.org/wiki/Clearwater,_Florida","Florida","https://en.wikipedia.org/wiki/Florida","Active","206","https://en.wikipedia.org/wiki/List_of_Alpha_Phi_Alpha_chapters#cite_note-283","[","]","613 ?","Omicron Beta Lambda",""
"Omicron Gamma Lambda","","","","","","Inactive","","","","","614 ?","","198x ?–xxxx ?"
"","","Philadelphia","https://en.wikipedia.org/wiki/Philadelphia","Pennsylvania","https://en.wikipedia.org/wiki/Pennsylvania","Active","11","https://en.wikipedia.org/wiki/List_of_Alpha_Phi_Alpha_chapters#cite_note-:262-18","[","]","615","Omicron Delta Lambda","198x ?"
"","","Amarillo","https://en.wikipedia.org/wiki/Amarillo,_Texas","Texas","https://en.wikipedia.org/wiki/Texas","Active","","","","","616 ?","Omicron Epsilon Lambda","198x ?"
"","","Fayetteville","https://en.wikipedia.org/wiki/Fayetteville,_North_Carolina","Arkansas","https://en.wikipedia.org/wiki/Arkansas","Active","","","","","617 ?","Omicron Zeta Lambda","198x ?"
"","September 1, 1985","Washington","https://en.wikipedia.org/wiki/Washington,_D.C.","","","Active","207","https://en.wikipedia.org/wiki/List_of_Alpha_Phi_Alpha_chapters#cite_note-284","[","]","618","Omicron Eta Lambda",""
"","August 31, 1985","Hayward","https://en.wikipedia.org/wiki/Hayward,_California","California","https://en.wikipedia.org/wiki/California","Active","","","","","619 ?","Omicron Theta Lambda",""
"","","Columbia","https://en.wikipedia.org/wiki/Columbia,_South_Carolina","South Carolina","https://en.wikipedia.org/wiki/South_Carolina","Active","","","","","620 ?","Omicron Iota Lambda","198x ?"
"","","Sumter","https://en.wikipedia.org/wiki/Sumter,_South_Carolina","South Carolina","https://en.wikipedia.org/wiki/South_Carolina","Active","","","","","621 ?","Omicron Kappa Lambda","198x ?"
"","","Washington","https://en.wikipedia.org/wiki/Washington,_D.C.","","","Active","","","","","622 ?","Omicron Lambda Lambda","198x ?"
"","","Cobb County","https://en.wikipedia.org/wiki/Cobb_County,_Georgia","Marietta","https://en.wikipedia.org/wiki/Marietta,_Georgia","Active","","","","","623 ?","Omicron Mu Lambda","198x ?"
"","","Fort Knox","https://en.wikipedia.org/wiki/Fort_Knox","Kentucky","https://en.wikipedia.org/wiki/Kentucky","Active","","","","","623 ?","Omicron Nu Lambda","198x ?"
"","","Grandview","https://en.wikipedia.org/wiki/Grandview,_Missouri","Missouri","https://en.wikipedia.org/wiki/Missouri","Active","","","","","624 ?","Omicron Xi Lambda","198x ?"
"Omicron Omicron Lambda","","","","","","Inactive","","","","","625 ?","","198x ?–xxxx ?"
"Omicron Pi Lambda","","","","","","Inactive","","","","","626 ?","","198x ?–xxxx ?"
"","","Vicksburg","https://en.wikipedia.org/wiki/Vicksburg,_Mississippi","Mississippi","https://en.wikipedia.org/wiki/Mississippi","Active","79","https://en.wikipedia.org/wiki/List_of_Alpha_Phi_Alpha_chapters#cite_note-:12-140","[","]","627 ?","Omicron Rho Lambda","1987"
"","","Murfreesboro","https://en.wikipedia.org/wiki/Murfreesboro,_Tennessee","Tennessee","https://en.wikipedia.org/wiki/Tennessee","Active","86","https://en.wikipedia.org/wiki/List_of_Alpha_Phi_Alpha_chapters#cite_note-:21-148","[","]","628 ?","Omicron Sigma Lambda","1987"
"","","Aiken","https://en.wikipedia.org/wiki/Aiken,_South_Carolina","South Carolina","https://en.wikipedia.org/wiki/South_Carolina","Active","","","","","629 ?","Omicron Tau Lambda","198x ?"
"","","Delray Beach","https://en.wikipedia.org/wiki/Delray_Beach,_Florida","Florida","https://en.wikipedia.org/wiki/Florida","Active","","","","","630 ?","Omicron Upsilon Lambda","198x ?"
"","","East Point","https://en.wikipedia.org/wiki/East_Point,_Georgia","Georgia","https://en.wikipedia.org/wiki/Georgia_(U.S._state)","Active","p","https://en.wikipedia.org/wiki/List_of_Alpha_Phi_Alpha_chapters#cite_note-285","[","]","631 ?","Omicron Phi Lambda","198x ?"
"Omicron Chi Lambda","","","","","","Inactive","","","","","632 ?","","198x ?–xxxx ?"
"","September 11, 2021","LaPlace","https://en.wikipedia.org/wiki/LaPlace,_Louisiana","Louisiana","https://en.wikipedia.org/wiki/Louisiana","Active","","","","","633","Omicron Psi Lambda",""
"Omicron Omega Lambda","","","","","","Unassigned","","","","","","",""
"","May 1, 1988","College Station","https://en.wikipedia.org/wiki/College_Station,_Texas","Texas","https://en.wikipedia.org/wiki/Texas","Active","208","https://en.wikipedia.org/wiki/List_of_Alpha_Phi_Alpha_chapters#cite_note-286","[","]","634 ?","Pi Alpha Lambda",""
"Pi Beta Lambda","","","","","","Inactive","","","","","635 ?","","19xx ?–xxxx ?"
"","","Morrow","https://en.wikipedia.org/wiki/Morrow,_Georgia","Georgia","https://en.wikipedia.org/wiki/Georgia_(U.S._state)","Active","","","","","636 ?","Pi Gamma Lambda","19xx ?"
"","","Georgetown","https://en.wikipedia.org/wiki/Georgetown,_South_Carolina","South Carolina","https://en.wikipedia.org/wiki/South_Carolina","Active","","","","","637 ?","Pi Delta Lambda","19xx ?"
"","January 24, 1990","Auburn","https://en.wikipedia.org/wiki/Auburn,_Alabama","Opelika","https://en.wikipedia.org/wiki/Opelika,_Alabama","Active","14","https://en.wikipedia.org/wiki/List_of_Alpha_Phi_Alpha_chapters#cite_note-:11-26","[","]","638 ?","Pi Epsilon Lambda",""
"","","Reno","https://en.wikipedia.org/wiki/Reno,_Nevada","Nevada","https://en.wikipedia.org/wiki/Nevada","Active","","","","","639 ?","Pi Zeta Lambda","199x ?"
"","","Dublin","https://en.wikipedia.org/wiki/Dublin,_Georgia","Georgia","https://en.wikipedia.org/wiki/Georgia_(U.S._state)","Active","","","","","640 ?","Pi Eta Lambda","199x ?"
"","March 11, 1991","San Antonio","https://en.wikipedia.org/wiki/San_Antonio","Texas","https://en.wikipedia.org/wiki/Texas","Active","209","https://en.wikipedia.org/wiki/List_of_Alpha_Phi_Alpha_chapters#cite_note-287","[","]","641 ?","Pi Theta Lambda",""
"","","Tifton","https://en.wikipedia.org/wiki/Tifton,_Georgia","Georgia","https://en.wikipedia.org/wiki/Georgia_(U.S._state)","Active","","","","","642 ?","Pi Iota Lambda","199x ?"
"Pi Kappa Lambda","","","","","","Inactive","","","","","643 ?","","199x ?–xxxx ?"
"Pi Lambda Lambda","","","","","","Unassigned","","","","","","",""
"Pi Mu Lambda","","","","","","Inactive","","","","","644 ?","","199x ?–xxxx ?"
"","","Arkadelphia","https://en.wikipedia.org/wiki/Arkadelphia,_Arkansas","Arkansas","https://en.wikipedia.org/wiki/Arkansas","Active","","","","","645 ?","Pi Nu Lambda","199x ?"
"","","Salt Lake City","https://en.wikipedia.org/wiki/Salt_Lake_City","Utah","https://en.wikipedia.org/wiki/Utah","Active","","","","","646 ?","Pi Xi Lambda","199x ?"
"","","Fort Leavenworth","https://en.wikipedia.org/wiki/Fort_Leavenworth","Kansas","https://en.wikipedia.org/wiki/Kansas","Active","","","","","647 ?","Pi Omicron Lambda","199x ?"
"","","Slidell","https://en.wikipedia.org/wiki/Slidell,_Louisiana","Louisiana","https://en.wikipedia.org/wiki/Louisiana","Active","","","","","648 ?","Pi Pi Lambda","199x ?"
"Pi Rho Lambda","","","","","","Inactive","","","","","649 ?","","199x ?–xxxx ?"
"","","Oxford","https://en.wikipedia.org/wiki/Oxford,_Mississippi","Mississippi","https://en.wikipedia.org/wiki/Mississippi","Active","79","https://en.wikipedia.org/wiki/List_of_Alpha_Phi_Alpha_chapters#cite_note-:12-140","[","]","650 ?","Pi Sigma Lambda","1992"
"","","Burlington","https://en.wikipedia.org/wiki/Burlington,_Vermont","Vermont","https://en.wikipedia.org/wiki/Vermont","Active","12","https://en.wikipedia.org/wiki/List_of_Alpha_Phi_Alpha_chapters#cite_note-:6-20","[","]","651","Pi Tau Lambda","199x ?"
"","August 1, 1993","Largo","https://en.wikipedia.org/wiki/Largo,_Maryland","Maryland","https://en.wikipedia.org/wiki/Maryland","Active","210","https://en.wikipedia.org/wiki/List_of_Alpha_Phi_Alpha_chapters#cite_note-288","[","]","652","Pi Upsilon Lambda",""
"Pi Phi Lambda","","","","","","Inactive","","","","","653 ?","","199x ?–xxxx ?"
"Pi Chi Lambda","","","","","","Inactive","","","","","654 ?","","199x ?–xxxx ?"
"","March 26, 1996","Quincy","https://en.wikipedia.org/wiki/Quincy,_Florida","Florida","https://en.wikipedia.org/wiki/Florida","Active","211","https://en.wikipedia.org/wiki/List_of_Alpha_Phi_Alpha_chapters#cite_note-289","[","]","655 ?","Pi Psi Lambda",""
"Pi Omega Lambda","","","","","","Unassigned","","","","","","",""
"","January 25, 1998","Henderson","https://en.wikipedia.org/wiki/Henderson,_North_Carolina","North Carolina","https://en.wikipedia.org/wiki/North_Carolina","Active","17","https://en.wikipedia.org/wiki/List_of_Alpha_Phi_Alpha_chapters#cite_note-:2-35","[","]","656 ?","Rho Beta Lambda",""
"","March 28, 1998","Jacksonville","https://en.wikipedia.org/wiki/Jacksonville,_North_Carolina","North Carolina","https://en.wikipedia.org/wiki/North_Carolina","Active","17","https://en.wikipedia.org/wiki/List_of_Alpha_Phi_Alpha_chapters#cite_note-:2-35","[","]","657 ?","Rho Alpha Lambda",""
"","","Greenwood","https://en.wikipedia.org/wiki/Greenwood,_Mississippi","Mississippi","https://en.wikipedia.org/wiki/Mississippi","Active","79","https://en.wikipedia.org/wiki/List_of_Alpha_Phi_Alpha_chapters#cite_note-:12-140","[","]","658 ?","Rho Gamma Lambda","1998"
"","","Anderson","https://en.wikipedia.org/wiki/Anderson,_South_Carolina","South Carolina","https://en.wikipedia.org/wiki/South_Carolina","Active","","","","","659 ?","Rho Delta Lambda","199x ?"
"","","Natchez","https://en.wikipedia.org/wiki/Natchez,_Mississippi","Mississippi","https://en.wikipedia.org/wiki/Mississippi","Active","79","https://en.wikipedia.org/wiki/List_of_Alpha_Phi_Alpha_chapters#cite_note-:12-140","[","]","660 ?","Rho Epsilon Lambda","1998"
"","September 4, 1999","Evanston","https://en.wikipedia.org/wiki/Evanston,_Illinois","Illinois","https://en.wikipedia.org/wiki/Illinois","Active","","","","","661 ?","Rho Zeta Lambda","– 1999; October 21, 2006"
"","January 1, 2000","Madison","https://en.wikipedia.org/wiki/Madison,_Alabama","Decatur","https://en.wikipedia.org/wiki/Decatur,_Alabama","Active","14","https://en.wikipedia.org/wiki/List_of_Alpha_Phi_Alpha_chapters#cite_note-:11-26","[","]","662 ?","Rho Eta Lambda",""
"","June 4, 2000","Ahoskie","https://en.wikipedia.org/wiki/Ahoskie,_North_Carolina","North Carolina","https://en.wikipedia.org/wiki/North_Carolina","Active","17","https://en.wikipedia.org/wiki/List_of_Alpha_Phi_Alpha_chapters#cite_note-:2-35","[","]","663 ?","Rho Theta Lambda",""
"","","Chesterfield County","https://en.wikipedia.org/wiki/Chesterfield_County,_Virginia","Virginia","https://en.wikipedia.org/wiki/Virginia","Active","47","https://en.wikipedia.org/wiki/List_of_Alpha_Phi_Alpha_chapters#cite_note-:28-89","[","]","664","Rho Iota Lambda","200x ?"
"","","Duluth","https://en.wikipedia.org/wiki/Duluth,_Georgia","Georgia","https://en.wikipedia.org/wiki/Georgia_(U.S._state)","Active","","","","","665 ?","Rho Kappa Lambda","200x ?"
"Rho Lambda Lamba","","","","","","Unassigned","","","","","","",""
"","","Waycross","https://en.wikipedia.org/wiki/Waycross,_Georgia","Georgia","https://en.wikipedia.org/wiki/Georgia_(U.S._state)","Active","","","","","666 ?","Rho Mu Lambda","200x ?"
"","September 14, 2002","Carrollton","https://en.wikipedia.org/wiki/Carrollton,_Texas","Texas","https://en.wikipedia.org/wiki/Texas","Active","212","https://en.wikipedia.org/wiki/List_of_Alpha_Phi_Alpha_chapters#cite_note-290","[","]","667 ?","Rho Nu Lambda",""
"","","Canton","https://en.wikipedia.org/wiki/Canton,_Mississippi","Mississippi","https://en.wikipedia.org/wiki/Mississippi","Active","79","https://en.wikipedia.org/wiki/List_of_Alpha_Phi_Alpha_chapters#cite_note-:12-140","[","]","668 ?","Rho XI Lambda","2004"
"","","Fort Walton Beach","https://en.wikipedia.org/wiki/Fort_Walton_Beach,_Florida","Florida","https://en.wikipedia.org/wiki/Florida","Active","","","","","669 ?","Rho Omicron Lambda","200x ?"
"","","Carrolton","https://en.wikipedia.org/wiki/Carrollton,_Georgia","Georgia","https://en.wikipedia.org/wiki/Georgia_(U.S._state)","Active","","","","","670 ?","Rho Pi Lambda","200x ?"
"Rho Rho Lambda","","","","","","Inactive","","","","","671 ?","","200x ?–20xx ?"
"","","McDonough","https://en.wikipedia.org/wiki/McDonough,_Georgia","Georgia","https://en.wikipedia.org/wiki/Georgia_(U.S._state)","Active","","","","","","Rho Sigma Lambda","200x ?"
"","","Baltimore","https://en.wikipedia.org/wiki/Baltimore","Maryland","https://en.wikipedia.org/wiki/Maryland","Active","44","https://en.wikipedia.org/wiki/List_of_Alpha_Phi_Alpha_chapters#cite_note-:27-86","[","]","672","Rho Tau Lambda","200x ?"
"","February 8, 2009","Dothan","https://en.wikipedia.org/wiki/Dothan,_Alabama","Alabama","https://en.wikipedia.org/wiki/Alabama","Active","14","https://en.wikipedia.org/wiki/List_of_Alpha_Phi_Alpha_chapters#cite_note-:11-26","[","]","","Rho Upsilon Lambda",""
"","","Johannesburg","https://en.wikipedia.org/wiki/Johannesburg","South Africa","https://en.wikipedia.org/wiki/South_Africa","Active","24","https://en.wikipedia.org/wiki/List_of_Alpha_Phi_Alpha_chapters#cite_note-:4-57","[","]","674","Rho Phi Lambda","20xx ?"
"","","London","https://en.wikipedia.org/wiki/London","England","https://en.wikipedia.org/wiki/England","Active","24","https://en.wikipedia.org/wiki/List_of_Alpha_Phi_Alpha_chapters#cite_note-:4-57","[","]","675","Rho Chi Lambda","20xx ?"
"Rho Psi Lambda","June 24, 2010","The Bronx","https://en.wikipedia.org/wiki/The_Bronx","New York","https://en.wikipedia.org/wiki/New_York_(state)","Inactive","6","https://en.wikipedia.org/wiki/List_of_Alpha_Phi_Alpha_chapters#cite_note-:5-6","[","]","676","","– 20xx ?"
"Rho Omega Lambda","","","","","","Unassigned","","","","","","",""
"","July 24, 2010","Charles County","https://en.wikipedia.org/wiki/Charles_County,_Maryland","Maryland","https://en.wikipedia.org/wiki/Maryland","Active","213","https://en.wikipedia.org/wiki/List_of_Alpha_Phi_Alpha_chapters#cite_note-291","[","]","677","Sigma Alpha Lambda",""
"","","Freeport","https://en.wikipedia.org/wiki/Freeport,_Bahamas","The Bahamas","https://en.wikipedia.org/wiki/The_Bahamas","Active","","","","","678 ?","Sigma Beta Lambda","201x ?"
"Omicron Phi Lambda","January 30, 2012","Katy","https://en.wikipedia.org/wiki/Katy,_Texas","Cypress","https://en.wikipedia.org/wiki/Cypress,_Texas","Active","214","https://en.wikipedia.org/wiki/List_of_Alpha_Phi_Alpha_chapters#cite_note-292","[","]","679","Sigma Gamma Lambda",""
"","July 21, 2012","Southfield","https://en.wikipedia.org/wiki/Southfield,_Michigan","Michigan","https://en.wikipedia.org/wiki/Michigan","Active","215","https://en.wikipedia.org/wiki/List_of_Alpha_Phi_Alpha_chapters#cite_note-293","[","]","930","Sigma Delta Lambda",""
"","February 11, 2013","Toronto","https://en.wikipedia.org/wiki/Toronto","Ontario","https://en.wikipedia.org/wiki/Ontario","Active","216","https://en.wikipedia.org/wiki/List_of_Alpha_Phi_Alpha_chapters#cite_note-294","[","]","","Sigma Epsilon Lambda",""
"","","Morris County","https://en.wikipedia.org/wiki/Morris_County,_New_Jersey","New Jersey","https://en.wikipedia.org/wiki/New_Jersey","Active","48","https://en.wikipedia.org/wiki/List_of_Alpha_Phi_Alpha_chapters#cite_note-:25-90","[","]","934","Sigma Zeta Lambda","201x ?"
"Walton County","June 29, 2013","Conyers","https://en.wikipedia.org/wiki/Conyers,_Georgia","Covington","https://en.wikipedia.org/wiki/Covington,_Georgia","Active","101","https://en.wikipedia.org/wiki/List_of_Alpha_Phi_Alpha_chapters#cite_note-:13-163","[","]","","Sigma Eta Lambda","Georgia"
"Long County","June 14, 2014","Hinesville","https://en.wikipedia.org/wiki/Hinesville,_Georgia","Bryan County","https://en.wikipedia.org/wiki/Bryan_County,_Georgia","Active","","","","","939","Sigma Theta Lambda","Georgia"
"","","Southaven","https://en.wikipedia.org/wiki/Southaven,_Mississippi","Mississippi","https://en.wikipedia.org/wiki/Mississippi","Active","79","https://en.wikipedia.org/wiki/List_of_Alpha_Phi_Alpha_chapters#cite_note-:12-140","[","]","","Sigma Iota Lambda","2016"
"","September 21, 2016","Morgantown","https://en.wikipedia.org/wiki/Morgantown,_West_Virginia","West Virginia","https://en.wikipedia.org/wiki/West_Virginia","Active","121","https://en.wikipedia.org/wiki/List_of_Alpha_Phi_Alpha_chapters#cite_note-:38-185","[","]","128","Alpha Zeta Lambda (Second)",""
"","February 3, 2018","Bloomington","https://en.wikipedia.org/wiki/Bloomington,_Indiana","Indiana","https://en.wikipedia.org/wiki/Indiana","Active","218","https://en.wikipedia.org/wiki/List_of_Alpha_Phi_Alpha_chapters#cite_note-296","[","]","","Sigma Kappa Lambda",""
"","","","","","","Unassigned","","","","","","",""
"","","Pennsylvania","https://en.wikipedia.org/wiki/Pennsylvania","","","Active","11","https://en.wikipedia.org/wiki/List_of_Alpha_Phi_Alpha_chapters#cite_note-:262-18","[","]","958","Sigma Mu Lambda","201x ?"
"Sigma Nu Lambda","","","","","","Inactive","","","","","","","201x–20xx ?"
"","July 27, 2019","Paducah","https://en.wikipedia.org/wiki/Paducah,_Kentucky","Kentucky","https://en.wikipedia.org/wiki/Kentucky","Active","219","https://en.wikipedia.org/wiki/List_of_Alpha_Phi_Alpha_chapters#cite_note-297","[","]","","Sigma Xi Lambda",""
"","July 27, 2019","Fayetteville","https://en.wikipedia.org/wiki/Fayetteville,_Georgia","Georgia","https://en.wikipedia.org/wiki/Georgia_(U.S._state)","Active","101","https://en.wikipedia.org/wiki/List_of_Alpha_Phi_Alpha_chapters#cite_note-:13-163","[","]","","Sigma Omicron Lambda",""
"","July 27, 2019","Orange Park","https://en.wikipedia.org/wiki/Orange_Park,_Florida","Florida","https://en.wikipedia.org/wiki/Florida","Active","118","https://en.wikipedia.org/wiki/List_of_Alpha_Phi_Alpha_chapters#cite_note-jaxalphas.org-182","[","]","","Sigma Pi Lambda",""
"","","Bartlett","https://en.wikipedia.org/wiki/Bartlett,_Tennessee","Tennessee","https://en.wikipedia.org/wiki/Tennessee","Active","86","https://en.wikipedia.org/wiki/List_of_Alpha_Phi_Alpha_chapters#cite_note-:21-148","[","]","","Sigma Rho Lambda","20xx ?"
"","","Clinton","https://en.wikipedia.org/wiki/Clinton,_Mississippi","Mississippi","https://en.wikipedia.org/wiki/Mississippi","Active","","","","","","Sigma Sigma Lambda","20xx ?"
"","July 26, 2020","Fort Mill","https://en.wikipedia.org/wiki/Fort_Mill,_South_Carolina","South Carolina","https://en.wikipedia.org/wiki/South_Carolina","Active","220","https://en.wikipedia.org/wiki/List_of_Alpha_Phi_Alpha_chapters#cite_note-298","[","]","968","Sigma Tau Lambda",""
"","August 19, 2020","Brown County","https://en.wikipedia.org/wiki/Brown_County,_Wisconsin","Winnebago County","https://en.wikipedia.org/wiki/Winnebago_County,_Wisconsin","Active","","","","","969","Sigma Upsilon Lambda",""
"Sigma Phi Lambda","","","","","","Inactive","","","","","","","202x–20xx ?"
"Beta Alpha Lambda Firs","October 2020","Jersey City","https://en.wikipedia.org/wiki/Jersey_City,_New_Jersey","New Jersey","https://en.wikipedia.org/wiki/New_Jersey","Active","48","https://en.wikipedia.org/wiki/List_of_Alpha_Phi_Alpha_chapters#cite_note-:25-90","[","]","971","Sigma Chi Lambda",""
"","May 23, 2021","Abu Dhabi","https://en.wikipedia.org/wiki/Abu_Dhabi","United Arab Emirates","https://en.wikipedia.org/wiki/United_Arab_Emirates","Active","24","https://en.wikipedia.org/wiki/List_of_Alpha_Phi_Alpha_chapters#cite_note-:4-57","[","]","972","Sigma Psi Lambda",""
"Sigma Omega Lambda","","","","","","Unassigned","","","","","","",""
"","","Ghana","https://en.wikipedia.org/wiki/Ghana","","","Active","","","","","973","Tau Alpha Lambda","2021"
"","June 30, 2021","Pétion-Ville","https://en.wikipedia.org/wiki/P%C3%A9tion-Ville","Haiti","https://en.wikipedia.org/wiki/Haiti","Active","222","https://en.wikipedia.org/wiki/List_of_Alpha_Phi_Alpha_chapters#cite_note-301","[","]","974","Tau Beta Lambda",""
"","July 17, 2021","Alpharetta","https://en.wikipedia.org/wiki/Alpharetta,_Georgia","Sandy Springs","https://en.wikipedia.org/wiki/Sandy_Springs,_Georgia","Active","223","https://en.wikipedia.org/wiki/List_of_Alpha_Phi_Alpha_chapters#cite_note-302","[","]","975","Tau Gamma Lambda",""
"","July 17, 2021","San Juan","https://en.wikipedia.org/wiki/San_Juan,_Puerto_Rico","Puerto Rico","https://en.wikipedia.org/wiki/Puerto_Rico","Active","224","https://en.wikipedia.org/wiki/List_of_Alpha_Phi_Alpha_chapters#cite_note-:20-303","[","]","976","Tau Delta Lambda",""
"","","Columbia County","https://en.wikipedia.org/wiki/Columbia_County,_Georgia","Georgia","https://en.wikipedia.org/wiki/Georgia_(U.S._state)","Active","101","https://en.wikipedia.org/wiki/List_of_Alpha_Phi_Alpha_chapters#cite_note-:13-163","[","]","","Tau Epsilon Lambda","202x ?"
"","","Santo Domingo","https://en.wikipedia.org/wiki/Santo_Domingo","Dominican Republic","https://en.wikipedia.org/wiki/Dominican_Republic","Active","226","https://en.wikipedia.org/wiki/List_of_Alpha_Phi_Alpha_chapters#cite_note-305","[","]","","Tau Zeta Lambda","2021"
"","","Saint Thomas","https://en.wikipedia.org/wiki/Saint_Thomas,_U.S._Virgin_Islands","U.S. Virgin Islands","https://en.wikipedia.org/wiki/United_States_Virgin_Islands","Active","224","https://en.wikipedia.org/wiki/List_of_Alpha_Phi_Alpha_chapters#cite_note-:20-303","[","]","","Tau Eta Lambda","202x ?"
"","","Accra","https://en.wikipedia.org/wiki/Accra","Ghana","https://en.wikipedia.org/wiki/Ghana","Active","24","https://en.wikipedia.org/wiki/List_of_Alpha_Phi_Alpha_chapters#cite_note-:4-57","[","]","973","Tau Sigma Lambda","202x ?"