"fn","vcard","mw-redirect","mw-redirect href","category","note","reference","reference href","cite-bracket","cite-bracket 2"
"Alpha Alpha Theta Sigma","February 7, 1994","Pensacola, FL","https://en.wikipedia.org/wiki/Pensacola,_FL","Active","Represents Escambia & Santa Rosa County","101","https://en.wikipedia.org/wiki/List_of_Phi_Beta_Sigma_chapters#cite_note-101","[","]"
"Alpha Eta Sigma","","Montgomery, AL","https://en.wikipedia.org/wiki/Montgomery,_AL","Active","Represents  &  also","80","https://en.wikipedia.org/wiki/List_of_Phi_Beta_Sigma_chapters#cite_note-pbs1914alabama-80","[","]"
"Alpha Iota Sigma","","Lorman, MS","https://en.wikipedia.org/wiki/Lorman,_MS","Active","","","","",""
"Alpha Phi Sigma","","Columbus, GA","https://en.wikipedia.org/wiki/Columbus,_GA","Active","","","","",""
"Alpha Chi Sigma","1950","Dothan, AL","https://en.wikipedia.org/wiki/Dothan,_AL","Active","Represents the ""Wiregrass Area""","80","https://en.wikipedia.org/wiki/List_of_Phi_Beta_Sigma_chapters#cite_note-pbs1914alabama-80","[","]"
"Alpha Omega Sigma","","Hinesville, GA","https://en.wikipedia.org/wiki/Hinesville,_GA","Active","","","","",""
"Beta Delta Sigma","","Fort Valley, GA","https://en.wikipedia.org/wiki/Fort_Valley,_GA","Active","","","","",""
"Beta Epsilon Sigma","","Huntsville, AL","https://en.wikipedia.org/wiki/Huntsville,_AL","Active","Largest alumni chapter in Alabama","80","https://en.wikipedia.org/wiki/List_of_Phi_Beta_Sigma_chapters#cite_note-pbs1914alabama-80","[","]"
"Beta Zeta Sigma","?","Daytona Beach, FL","https://en.wikipedia.org/wiki/Daytona_Beach,_FL","Active","","81","https://en.wikipedia.org/wiki/List_of_Phi_Beta_Sigma_chapters#cite_note-floridasigmas-81","[","]"
"Beta Lambda Sigma","[1949]","Tallahassee, FL","https://en.wikipedia.org/wiki/Tallahassee,_FL","Active","","81","https://en.wikipedia.org/wiki/List_of_Phi_Beta_Sigma_chapters#cite_note-floridasigmas-81","[","]"
"Beta Nu Sigma","","Albany, GA","https://en.wikipedia.org/wiki/Albany,_GA","Active","","","","",""
"Beta Pi Sigma","June 4, 1949","Tuscaloosa, AL","https://en.wikipedia.org/wiki/Tuscaloosa,_AL","Active","","80","https://en.wikipedia.org/wiki/List_of_Phi_Beta_Sigma_chapters#cite_note-pbs1914alabama-80","[","]"
"Beta Sigma Sigma","","Mobile, AL","https://en.wikipedia.org/wiki/Mobile,_AL","Active","","80","https://en.wikipedia.org/wiki/List_of_Phi_Beta_Sigma_chapters#cite_note-pbs1914alabama-80","[","]"
"Gamma Sigma","1918","Tuskegee, AL","https://en.wikipedia.org/wiki/Tuskegee,_AL","Active","Home chapter of teacher and scientist  and .","80","https://en.wikipedia.org/wiki/List_of_Phi_Beta_Sigma_chapters#cite_note-pbs1914alabama-80","[","]"
"Gamma Gamma Sigma","?","Ft. Lauderdale, FL","https://en.wikipedia.org/wiki/Ft._Lauderdale,_FL","Active","","81","https://en.wikipedia.org/wiki/List_of_Phi_Beta_Sigma_chapters#cite_note-floridasigmas-81","[","]"
"Gamma Delta Sigma","1951","Orlando, FL","https://en.wikipedia.org/wiki/Orlando,_FL","Active","","81","https://en.wikipedia.org/wiki/List_of_Phi_Beta_Sigma_chapters#cite_note-floridasigmas-81","[","]"
"Gamma Epsilon Sigma","","Meridian, MS","https://en.wikipedia.org/wiki/Meridian,_MS","Active","","","","",""
"Gamma Zeta Sigma","?","Riviera Beach, FL","https://en.wikipedia.org/wiki/Riviera_Beach,_FL","Active","","81","https://en.wikipedia.org/wiki/List_of_Phi_Beta_Sigma_chapters#cite_note-floridasigmas-81","[","]"
"Gamma Eta Sigma","1946","Tampa, FL","https://en.wikipedia.org/wiki/Tampa,_FL","Active","","81","https://en.wikipedia.org/wiki/List_of_Phi_Beta_Sigma_chapters#cite_note-floridasigmas-81","[","]"
"Gamma Mu Sigma","April 5, 1955","Biloxi, MS","https://en.wikipedia.org/wiki/Biloxi,_MS","Active","Also","","","",""
"Gamma Xi Sigma","","Greenwood, MS","https://en.wikipedia.org/wiki/Greenwood,_MS","","","","","",""
"Gamma Pi Sigma","January 8, 1956","Macon, GA","https://en.wikipedia.org/wiki/Macon,_GA","Active","","","","",""
"Delta Alpha Sigma","September 29, 1958","Hattiesburg, MS","https://en.wikipedia.org/wiki/Hattiesburg,_MS","Active","","","","",""
"Delta Epsilon Sigma","May 19, 1978","","","Active","Island","","","",""
"Delta Lambda Sigma","?","Ft. Pierce, FL","https://en.wikipedia.org/wiki/Ft._Pierce,_FL","Active","","81","https://en.wikipedia.org/wiki/List_of_Phi_Beta_Sigma_chapters#cite_note-floridasigmas-81","[","]"
"Delta Mu Sigma","","Athens, GA","https://en.wikipedia.org/wiki/Athens,_GA","Active","","","","",""
"Delta Omicron Sigma","?","St. Petersburg, FL","https://en.wikipedia.org/wiki/St._Petersburg,_FL","Active","","81","https://en.wikipedia.org/wiki/List_of_Phi_Beta_Sigma_chapters#cite_note-floridasigmas-81","[","]"
"Delta Tau Sigma","1965","Holly Springs, MS","https://en.wikipedia.org/wiki/Holly_Springs,_MS","Active","","","","",""
"Delta Upsilon Sigma","1960","Starkville, MS","https://en.wikipedia.org/wiki/Starkville,_MS","Active","","","","",""
"Delta Phi Sigma","?","Itta Bena, MS","https://en.wikipedia.org/wiki/Itta_Bena,_MS","","","","","",""
"Epsilon Gamma Sigma","","Augusta, GA","https://en.wikipedia.org/wiki/Augusta,_GA","Active","","","","",""
"Epsilon Theta Sigma","","Selma, AL","https://en.wikipedia.org/wiki/Selma,_AL","Active","Also represents","80","https://en.wikipedia.org/wiki/List_of_Phi_Beta_Sigma_chapters#cite_note-pbs1914alabama-80","[","]"
"Epsilon Omicron Sigma","?","Gainesville, FL","https://en.wikipedia.org/wiki/Gainesville,_FL","Active","","81","https://en.wikipedia.org/wiki/List_of_Phi_Beta_Sigma_chapters#cite_note-floridasigmas-81","[","]"
"Zeta Iota Sigma","?","Delray Beach, FL","https://en.wikipedia.org/wiki/Delray_Beach,_FL","Active","","81","https://en.wikipedia.org/wiki/List_of_Phi_Beta_Sigma_chapters#cite_note-floridasigmas-81","[","]"
"Zeta Mu Sigma","","Anniston, AL","https://en.wikipedia.org/wiki/Anniston,_AL","Active","Also represents  and","80","https://en.wikipedia.org/wiki/List_of_Phi_Beta_Sigma_chapters#cite_note-pbs1914alabama-80","[","]"
"Zeta Upsilon Sigma","","Jackson, AL","https://en.wikipedia.org/wiki/Jackson,_AL","Inactive","","80","https://en.wikipedia.org/wiki/List_of_Phi_Beta_Sigma_chapters#cite_note-pbs1914alabama-80","[","]"
"Zeta Phi Sigma","","Greenville, AL","https://en.wikipedia.org/wiki/Greenville,_AL","Active","","80","https://en.wikipedia.org/wiki/List_of_Phi_Beta_Sigma_chapters#cite_note-pbs1914alabama-80","[","]"
"Eta Delta Sigma","November 1979","Muscle Shoals, AL","https://en.wikipedia.org/wiki/Muscle_Shoals,_AL","Active","Also serves , , ,   and","80","https://en.wikipedia.org/wiki/List_of_Phi_Beta_Sigma_chapters#cite_note-pbs1914alabama-80","[","]"
"Eta Zeta Sigma","?","Clarksdale, MS","https://en.wikipedia.org/wiki/Clarksdale,_MS","Active","","","","",""
"Eta Eta Sigma","?","Lexington, MS","https://en.wikipedia.org/wiki/Lexington,_MS","","","","","",""
"Eta Lambda Sigma","?","Oxford, MS","https://en.wikipedia.org/wiki/Oxford,_MS","Active","Also","","","",""
"Eta Mu Sigma","","Livingston, AL","https://en.wikipedia.org/wiki/Livingston,_AL","Active","Also","80","https://en.wikipedia.org/wiki/List_of_Phi_Beta_Sigma_chapters#cite_note-pbs1914alabama-80","[","]"
"Eta Sigma Sigma","?","Forest, MS","https://en.wikipedia.org/wiki/Forest,_MS","","","","","",""
"Eta Chi Sigma","?","Gautier, MS","https://en.wikipedia.org/wiki/Gautier,_MS","","","","","",""
"Theta Eta Sigma","?","Lakeland, FL","https://en.wikipedia.org/wiki/Lakeland,_FL","Active","","81","https://en.wikipedia.org/wiki/List_of_Phi_Beta_Sigma_chapters#cite_note-floridasigmas-81","[","]"
"Theta Iota Sigma","?","Tupelo, MS","https://en.wikipedia.org/wiki/Tupelo,_MS","Active","Also","","","",""
"Theta Nu Sigma","?","Leland, MS","https://en.wikipedia.org/wiki/Leland,_MS","","","","","",""
"Theta Sigma Sigma","","Valdosta, GA","https://en.wikipedia.org/wiki/Valdosta,_GA","Active","","","","",""
"Iota Rho Sigma","?","Greenville, MS","https://en.wikipedia.org/wiki/Greenville,_MS","Active","","","","",""
"Kappa Alpha Sigma","1987","Stone Mountain, GA","https://en.wikipedia.org/wiki/Stone_Mountain,_GA","Active","","104","https://en.wikipedia.org/wiki/List_of_Phi_Beta_Sigma_chapters#cite_note-104","[","]"
"Kappa Epsilon Sigma","?","Vicksburg, MS","https://en.wikipedia.org/wiki/Vicksburg,_MS","Active","","","","",""
"Kappa Zeta Sigma","1988","Warner Robins, GA","https://en.wikipedia.org/wiki/Warner_Robins,_GA","Active","","","","",""
"Kappa Gamma Sigma","","McIntosh, AL","https://en.wikipedia.org/wiki/McIntosh,_AL","Inactive","","80","https://en.wikipedia.org/wiki/List_of_Phi_Beta_Sigma_chapters#cite_note-pbs1914alabama-80","[","]"
"Kappa Lambda Sigma","","Marion, AL","https://en.wikipedia.org/wiki/Marion,_AL","Active","","80","https://en.wikipedia.org/wiki/List_of_Phi_Beta_Sigma_chapters#cite_note-pbs1914alabama-80","[","]"
"Kappa Chi Sigma","January 11, 1997","Rockledge, FL","https://en.wikipedia.org/wiki/Rockledge,_FL","Active","Represents Brevard County","105","https://en.wikipedia.org/wiki/List_of_Phi_Beta_Sigma_chapters#cite_note-105","[","]"
"Lambda Sigma","1924","Atlanta, GA","https://en.wikipedia.org/wiki/Atlanta,_GA","Active","First alumni chapter founded in the State of Georgia.","106","https://en.wikipedia.org/wiki/List_of_Phi_Beta_Sigma_chapters#cite_note-106","[","]"
"Lambda Beta Sigma","","Brunswick, GA","https://en.wikipedia.org/wiki/Brunswick,_GA","Active","","","","",""
"Lambda Epsilon Sigma","?","Cleveland, MS","https://en.wikipedia.org/wiki/Cleveland,_MS","Active","","","","",""
"Mu Sigma","1938","Jackson, MS","https://en.wikipedia.org/wiki/Jackson,_MS","Active","","","","",""
"Nu Beta Sigma","?","Jacksonville, FL","https://en.wikipedia.org/wiki/Jacksonville,_FL","Active","","81","https://en.wikipedia.org/wiki/List_of_Phi_Beta_Sigma_chapters#cite_note-floridasigmas-81","[","]"
"Nu Mu Sigma","2005","Ft. Myers, FL","https://en.wikipedia.org/wiki/Ft._Myers,_FL","Active","","81","https://en.wikipedia.org/wiki/List_of_Phi_Beta_Sigma_chapters#cite_note-floridasigmas-81","[","]"
"Nu Psi Sigma","","Dunwoody, GA","https://en.wikipedia.org/wiki/Dunwoody,_GA","Active","","","","",""
"Xi Chi Sigma","2007","Atlanta, GA","https://en.wikipedia.org/wiki/Atlanta,_GA","Active","G.D.O.L.D.","107","https://en.wikipedia.org/wiki/List_of_Phi_Beta_Sigma_chapters#cite_note-107","[","]"
"Omicron Pi Sigma","2011","","","Active","Island of","","","",""
"Omicron Tau Sigma","2012","Troy, AL","https://en.wikipedia.org/wiki/Troy,_AL","Active","","","","",""
"Omicron Phi Sigma","","Fort Walton Beach, FL","https://en.wikipedia.org/wiki/Fort_Walton_Beach,_FL","Active","Represents Okaloosa and Walton County","81","https://en.wikipedia.org/wiki/List_of_Phi_Beta_Sigma_chapters#cite_note-floridasigmas-81","[","]"
"Pi Alpha Sigma","2013","Horn Lake, MS","https://en.wikipedia.org/wiki/Horn_Lake,_MS","Active","","","","",""
"Pi Omicron Sigma","?","Brookhaven, MS","https://en.wikipedia.org/wiki/Brookhaven,_MS","Active","","","","",""
"Pi Tau Sigma","?","Columbus, MS","https://en.wikipedia.org/wiki/Columbus,_MS","Active","","","","",""
"Pi Upsilon Sigma","2015","","","Active","","108","https://en.wikipedia.org/wiki/List_of_Phi_Beta_Sigma_chapters#cite_note-108","[","]"
"Rho Beta Sigma","October 8, 2015","Gwinnett County, GA","https://en.wikipedia.org/wiki/Gwinnett_County,_GA","Active","","","","",""
"Rho Iota Sigma","","Rome, GA","https://en.wikipedia.org/wiki/Rome,_GA","Active","","","","",""
"Rho Xi Sigma","April 19, 2017","Escambia County, AL","https://en.wikipedia.org/wiki/Escambia_County,_AL","Active","Serving Atmore, AL, Brewton, AL, Flomaton, AL, Century/Jay, FL","","","",""
"Rho Sigma","1927","Miami, FL","https://en.wikipedia.org/wiki/Miami,_FL","Active","Also","","","",""
"Sigma Delta Sigma","May 6, 2019","Woodstock, GA","https://en.wikipedia.org/wiki/Woodstock,_GA","Active","","","","",""
"Sigma Eta Sigma","May 6, 2019","Henry County, GA","https://en.wikipedia.org/wiki/Henry_County,_GA","Active","","","","",""
"","","Savannah, GA","https://en.wikipedia.org/wiki/Savannah,_GA","Active","","109","https://en.wikipedia.org/wiki/List_of_Phi_Beta_Sigma_chapters#cite_note-109","[","]"
"Tau Sigma","1924","Birmingham, AL","https://en.wikipedia.org/wiki/Birmingham,_AL","Active","","80","https://en.wikipedia.org/wiki/List_of_Phi_Beta_Sigma_chapters#cite_note-pbs1914alabama-80","[","]"
"Tau Tau Sigma","December 2, 2023","","","Active","","","","",""
"Tau Upsilon Sigma","October 14, 2023","Clay County, FL","https://en.wikipedia.org/wiki/Clay_County,_FL","Active","","","","",""
"Phi Beta Sigma Sigma","January 21, 1996","Atlanta, GA","https://en.wikipedia.org/wiki/Atlanta,_GA","Active","","110","https://en.wikipedia.org/wiki/List_of_Phi_Beta_Sigma_chapters#cite_note-110","[","]"