"tablescraper-selected-row","tablescraper-selected-row 3","tablescraper-selected-row href","tablescraper-selected-row 4","tablescraper-selected-row href 2","tablescraper-selected-row 5","tablescraper-selected-row href 3","tablescraper-selected-row 6","tablescraper-selected-row 7","reference","reference href","cite-bracket","cite-bracket 2"
"Alpha","Morgan State University","https://en.wikipedia.org/wiki/Morgan_State_University","Baltimore","https://en.wikipedia.org/wiki/Baltimore","Maryland","https://en.wikipedia.org/wiki/Maryland","Active","","","","",""
"Beta","Hampton University","https://en.wikipedia.org/wiki/Hampton_University","Hampton","https://en.wikipedia.org/wiki/Hampton,_Virginia","Virginia","https://en.wikipedia.org/wiki/Virginia","Inactive","","","","",""
"Gamma","Delaware State University","https://en.wikipedia.org/wiki/Delaware_State_University","Dover","https://en.wikipedia.org/wiki/Dover,_Delaware","Delaware","https://en.wikipedia.org/wiki/Delaware","Active","1967","","","",""
"Delta","Norfolk State University","https://en.wikipedia.org/wiki/Norfolk_State_University","Norfolk","https://en.wikipedia.org/wiki/Norfolk,_Virginia","Virginia","https://en.wikipedia.org/wiki/Virginia","Active","1968","","","",""
"Epsilon","New Jersey City University","https://en.wikipedia.org/wiki/New_Jersey_City_University","Jersey City","https://en.wikipedia.org/wiki/Jersey_City,_New_Jersey","New Jersey","https://en.wikipedia.org/wiki/New_Jersey","Active","1968","","","",""
"Zeta","North Carolina A&T State University","https://en.wikipedia.org/wiki/North_Carolina_A%26T_State_University","Greensboro","https://en.wikipedia.org/wiki/Greensboro,_North_Carolina","North Carolina","https://en.wikipedia.org/wiki/North_Carolina","Active","1969–xxxx ?, 2022","7","https://en.wikipedia.org/wiki/List_of_Iota_Phi_Theta_chapters#cite_note-7","[","]"
"Eta","Virginia State University","https://en.wikipedia.org/wiki/Virginia_State_University","Ettrick","https://en.wikipedia.org/wiki/Ettrick,_Virginia","Virginia","https://en.wikipedia.org/wiki/Virginia","Active","","","","",""
"Theta","University of the District of Columbia","https://en.wikipedia.org/wiki/University_of_the_District_of_Columbia","Washington","https://en.wikipedia.org/wiki/Washington,_D.C.","","","Active","","8","https://en.wikipedia.org/wiki/List_of_Iota_Phi_Theta_chapters#cite_note-8","[","]"
"Iota","Elizabeth City State University","https://en.wikipedia.org/wiki/Elizabeth_City_State_University","Elizabeth City","https://en.wikipedia.org/wiki/Elizabeth_City,_North_Carolina","North Carolina","https://en.wikipedia.org/wiki/North_Carolina","Active","1971–xxxx ?,","9","https://en.wikipedia.org/wiki/List_of_Iota_Phi_Theta_chapters#cite_note-9","[","]"
"Kappa","Winston-Salem State University","https://en.wikipedia.org/wiki/Winston-Salem_State_University","Winston-Salem","https://en.wikipedia.org/wiki/Winston-Salem,_North_Carolina","North Carolina","https://en.wikipedia.org/wiki/North_Carolina","Active","","","","",""
"Lambda","Prairie View A&M University","https://en.wikipedia.org/wiki/Prairie_View_A%26M_University","Prairie View","https://en.wikipedia.org/wiki/Prairie_View,_Texas","Texas","https://en.wikipedia.org/wiki/Texas","Active","1971–1975, 1988","10","https://en.wikipedia.org/wiki/List_of_Iota_Phi_Theta_chapters#cite_note-:1-10","[","]"
"Mu","Bowie State University","https://en.wikipedia.org/wiki/Bowie_State_University","Prince George's County","https://en.wikipedia.org/wiki/Prince_George%27s_County,_Maryland","Maryland","https://en.wikipedia.org/wiki/Maryland","Active","1971","","","",""
"Nu","University of Maryland, College Park","https://en.wikipedia.org/wiki/University_of_Maryland,_College_Park","College Park","https://en.wikipedia.org/wiki/College_Park,_Maryland","Maryland","https://en.wikipedia.org/wiki/Maryland","Inactive","–xxxx ?","","","",""
"Xi","Fayetteville State University","https://en.wikipedia.org/wiki/Fayetteville_State_University","Fayetteville","https://en.wikipedia.org/wiki/Fayetteville,_North_Carolina","North Carolina","https://en.wikipedia.org/wiki/North_Carolina","Active","1972","11","https://en.wikipedia.org/wiki/List_of_Iota_Phi_Theta_chapters#cite_note-:9-11","[","]"
"Omicron","Northeastern University","https://en.wikipedia.org/wiki/Northeastern_University","Boston","https://en.wikipedia.org/wiki/Boston","Massachusetts","https://en.wikipedia.org/wiki/Massachusetts","Active","1973","12","https://en.wikipedia.org/wiki/List_of_Iota_Phi_Theta_chapters#cite_note-12","[","]"
"Pi","Boston University","https://en.wikipedia.org/wiki/Boston_University","Boston","https://en.wikipedia.org/wiki/Boston","Massachusetts","https://en.wikipedia.org/wiki/Massachusetts","Active","1973","","","",""
"Rho","Towson University","https://en.wikipedia.org/wiki/Towson_University","Towson","https://en.wikipedia.org/wiki/Towson,_Maryland","Maryland","https://en.wikipedia.org/wiki/Maryland","Inactive","1973–xxxx ?","","","",""
"Sigma","Boston College","https://en.wikipedia.org/wiki/Boston_College","Chestnut Hill","https://en.wikipedia.org/wiki/Chestnut_Hill,_Massachusetts","Massachusetts","https://en.wikipedia.org/wiki/Massachusetts","Inactive","1974","13","https://en.wikipedia.org/wiki/List_of_Iota_Phi_Theta_chapters#cite_note-13","[","]"
"Tau","American International College","https://en.wikipedia.org/wiki/American_International_College","Springfield","https://en.wikipedia.org/wiki/Springfield,_Massachusetts","Massachusetts","https://en.wikipedia.org/wiki/Massachusetts","Active","1974","","","",""
"Upsilon","Southern Illinois University Carbondale","https://en.wikipedia.org/wiki/Southern_Illinois_University_Carbondale","Carbondale","https://en.wikipedia.org/wiki/Carbondale,_Illinois","Illinois","https://en.wikipedia.org/wiki/Illinois","Active","1974","","","",""
"Phi","Rowan University","https://en.wikipedia.org/wiki/Rowan_University","Glassboro","https://en.wikipedia.org/wiki/Glassboro,_New_Jersey","New Jersey","https://en.wikipedia.org/wiki/New_Jersey","Active","1975","","","",""
"Chi","University of Massachusetts Boston","https://en.wikipedia.org/wiki/University_of_Massachusetts_Boston","Boston","https://en.wikipedia.org/wiki/Boston","Massachusetts","https://en.wikipedia.org/wiki/Massachusetts","Inactive","1975–19xx","b","https://en.wikipedia.org/wiki/List_of_Iota_Phi_Theta_chapters#cite_note-15","[","]"
"Psi","Coppin State University","https://en.wikipedia.org/wiki/Coppin_State_University","Baltimore","https://en.wikipedia.org/wiki/Baltimore","Maryland","https://en.wikipedia.org/wiki/Maryland","Active","1975","","","",""
"Omega","Western New England University","https://en.wikipedia.org/wiki/Western_New_England_University","Springfield","https://en.wikipedia.org/wiki/Springfield,_Massachusetts","Massachusetts","https://en.wikipedia.org/wiki/Massachusetts","Inactive","1976–198x?","14","https://en.wikipedia.org/wiki/List_of_Iota_Phi_Theta_chapters#cite_note-16","[","]"
"Alpha Alpha","Stockton University","https://en.wikipedia.org/wiki/Stockton_University","Galloway Township","https://en.wikipedia.org/wiki/Galloway_Township,_New_Jersey","New Jersey","https://en.wikipedia.org/wiki/New_Jersey","Active","1976","","","",""
"Alpha Beta","Southern Illinois University Edwardsville","https://en.wikipedia.org/wiki/Southern_Illinois_University_Edwardsville","Edwardsville","https://en.wikipedia.org/wiki/Edwardsville,_Illinois","Illinois","https://en.wikipedia.org/wiki/Illinois","Active","","15","https://en.wikipedia.org/wiki/List_of_Iota_Phi_Theta_chapters#cite_note-18","[","]"
"Alpha Gamma","Morris Brown College","https://en.wikipedia.org/wiki/Morris_Brown_College","Atlanta","https://en.wikipedia.org/wiki/Atlanta","Georgia","https://en.wikipedia.org/wiki/Georgia_(U.S._state)","Inactive","1976–xxxx ?","","","",""
"Alpha Delta","Rutgers University–Camden","https://en.wikipedia.org/wiki/Rutgers_University%E2%80%93Camden","Camden, New Jersey","https://en.wikipedia.org/wiki/Camden,_New_Jersey","New Jersey","https://en.wikipedia.org/wiki/New_Jersey","Active","1978","","","",""
"Alpha Epsilon","North Carolina Central University","https://en.wikipedia.org/wiki/North_Carolina_Central_University","Durham","https://en.wikipedia.org/wiki/Durham,_North_Carolina","North Carolina","https://en.wikipedia.org/wiki/North_Carolina","Active","1977","","","",""
"Alpha Zeta","LIU Post","https://en.wikipedia.org/wiki/LIU_Post","Brookville","https://en.wikipedia.org/wiki/Brookville,_New_York","New York","https://en.wikipedia.org/wiki/New_York_(state)","Active","1978","","","",""
"Alpha Eta","Southern University","https://en.wikipedia.org/wiki/Southern_University","Baton Rouge","https://en.wikipedia.org/wiki/Baton_Rouge,_Louisiana","Louisiana","https://en.wikipedia.org/wiki/Louisiana","Active","1979","","","",""
"Alpha Theta","Salem State University","https://en.wikipedia.org/wiki/Salem_State_University","Salem","https://en.wikipedia.org/wiki/Salem,_Massachusetts","Massachusetts","https://en.wikipedia.org/wiki/Massachusetts","Inactive","1979–19xx ?","","","",""
"Alpha Iota","Wilberforce University","https://en.wikipedia.org/wiki/Wilberforce_University","Wilberforce","https://en.wikipedia.org/wiki/Wilberforce,_Ohio","Ohio","https://en.wikipedia.org/wiki/Ohio","Inactive","1979–20xx ?","16","https://en.wikipedia.org/wiki/List_of_Iota_Phi_Theta_chapters#cite_note-19","[","]"
"Alpha Kappa","Dillard University","https://en.wikipedia.org/wiki/Dillard_University","New Orleans","https://en.wikipedia.org/wiki/New_Orleans","Louisiana","https://en.wikipedia.org/wiki/Louisiana","Inactive","–2015 ?","","","",""
"Alpha Lambda","University of Illinois at Urbana-Champaign","https://en.wikipedia.org/wiki/University_of_Illinois_Urbana-Champaign","Urbana","https://en.wikipedia.org/wiki/Urbana,_Illinois","Illinois","https://en.wikipedia.org/wiki/Illinois","Active","","17","https://en.wikipedia.org/wiki/List_of_Iota_Phi_Theta_chapters#cite_note-20","[","]"
"Alpha Mu","Central State University","https://en.wikipedia.org/wiki/Central_State_University","Wilberforce","https://en.wikipedia.org/wiki/Wilberforce,_Ohio","Ohio","https://en.wikipedia.org/wiki/Ohio","Active","1980","18","https://en.wikipedia.org/wiki/List_of_Iota_Phi_Theta_chapters#cite_note-21","[","]"
"Alpha Nu","Bridgewater State University","https://en.wikipedia.org/wiki/Bridgewater_State_University","Bridgewater","https://en.wikipedia.org/wiki/Bridgewater,_Massachusetts","Massachusetts","https://en.wikipedia.org/wiki/Massachusetts","Inactive","1980–xxxx ?","","","",""
"Alpha Xi","Westfield State College","https://en.wikipedia.org/wiki/Westfield_State_University","Westfield","https://en.wikipedia.org/wiki/Westfield,_Massachusetts","Massachusetts","https://en.wikipedia.org/wiki/Massachusetts","Inactive","–19xx ?","d","https://en.wikipedia.org/wiki/List_of_Iota_Phi_Theta_chapters#cite_note-22","[","]"
"Alpha Omicron","Kentucky State University","https://en.wikipedia.org/wiki/Kentucky_State_University","Frankfort","https://en.wikipedia.org/wiki/Frankfort,_Kentucky","Kentucky","https://en.wikipedia.org/wiki/Kentucky","Active","","","","",""
"Alpha Pi","Morehouse College","https://en.wikipedia.org/wiki/Morehouse_College","Atlanta","https://en.wikipedia.org/wiki/Atlanta","Georgia","https://en.wikipedia.org/wiki/Georgia_(U.S._state)","Active","","","","",""
"Alpha Rho","Illinois State University","https://en.wikipedia.org/wiki/Illinois_State_University","Normal","https://en.wikipedia.org/wiki/Normal,_Illinois","Illinois","https://en.wikipedia.org/wiki/Illinois","Active","1982–xxxx ?, 2022 ?","19","https://en.wikipedia.org/wiki/List_of_Iota_Phi_Theta_chapters#cite_note-23","[","]"
"Alpha Sigma","University of Maryland, Baltimore County","https://en.wikipedia.org/wiki/University_of_Maryland,_Baltimore_County","Baltimore County","https://en.wikipedia.org/wiki/Baltimore_County,_Maryland","Maryland","https://en.wikipedia.org/wiki/Maryland","Inactive","1983–xxxx ?","","","",""
"Alpha Tau","Howard University","https://en.wikipedia.org/wiki/Howard_University","Washington","https://en.wikipedia.org/wiki/Washington,_D.C.","","","Active","1983","","","",""
"Alpha Upsilon","DePaul University","https://en.wikipedia.org/wiki/DePaul_University","Chicago","https://en.wikipedia.org/wiki/Chicago","Illinois","https://en.wikipedia.org/wiki/Illinois","Inactive","1983–xxxx ?","","","",""
"Alpha Phi","City University of New York","https://en.wikipedia.org/wiki/City_University_of_New_York","New York City","https://en.wikipedia.org/wiki/New_York_City","New York","https://en.wikipedia.org/wiki/New_York_(state)","Active","1983","","","",""
"Alpha Chi","San Francisco State University","https://en.wikipedia.org/wiki/San_Francisco_State_University","San Francisco","https://en.wikipedia.org/wiki/San_Francisco","California","https://en.wikipedia.org/wiki/California","Inactive","1983–xxxx ?","","","",""
"Alpha Psi","Rutgers University–New Brunswick","https://en.wikipedia.org/wiki/Rutgers_University%E2%80%93New_Brunswick","New Brunsiwick","https://en.wikipedia.org/wiki/New_Brunswick,_New_Jersey","New Jersey","https://en.wikipedia.org/wiki/New_Jersey","Active","1983","","","",""
"Beta Alpha","William Paterson University","https://en.wikipedia.org/wiki/William_Paterson_University","Wayne","https://en.wikipedia.org/wiki/Wayne,_New_Jersey","New Jersey","https://en.wikipedia.org/wiki/New_Jersey","Active","1983","","","",""
"Beta Beta","University of Massachusetts Amherst","https://en.wikipedia.org/wiki/University_of_Massachusetts_Amherst","Amherst","https://en.wikipedia.org/wiki/Amherst,_Massachusetts","Massachusetts","https://en.wikipedia.org/wiki/Massachusetts","Active","1983","20","https://en.wikipedia.org/wiki/List_of_Iota_Phi_Theta_chapters#cite_note-24","[","]"
"Beta Gamma","Eastern Illinois University","https://en.wikipedia.org/wiki/Eastern_Illinois_University","Charleston","https://en.wikipedia.org/wiki/Charleston,_Illinois","Illinois","https://en.wikipedia.org/wiki/Illinois","Active","1986","","","",""
"Beta Delta","Wilmington College","https://en.wikipedia.org/wiki/Wilmington_College_(Ohio)","Wilmington","https://en.wikipedia.org/wiki/Wilmington,_Ohio","Ohio","https://en.wikipedia.org/wiki/Ohio","Active","1987–2000, 2012","21","https://en.wikipedia.org/wiki/List_of_Iota_Phi_Theta_chapters#cite_note-25","[","]"
"Beta Epsilon","University of Cincinnati","https://en.wikipedia.org/wiki/University_of_Cincinnati","Cincinnati","https://en.wikipedia.org/wiki/Cincinnati","Ohio","https://en.wikipedia.org/wiki/Ohio","Inactive","1987–20xx ?","","","",""
"Beta Zeta","University of Hartford","https://en.wikipedia.org/wiki/University_of_Hartford","West Hartford","https://en.wikipedia.org/wiki/West_Hartford,_Connecticut","Connecticut","https://en.wikipedia.org/wiki/Connecticut","Inactive","1987–xxxx ?","","","",""
"Beta Eta","University of Wyoming","https://en.wikipedia.org/wiki/University_of_Wyoming","Laramie","https://en.wikipedia.org/wiki/Laramie,_Wyoming","Wyoming","https://en.wikipedia.org/wiki/Wyoming","Inactive","1987–xxxx ?","","","",""
"Beta Theta","Johnson C. Smith University","https://en.wikipedia.org/wiki/Johnson_C._Smith_University","Charlotte","https://en.wikipedia.org/wiki/Charlotte,_North_Carolina","North Carolina","https://en.wikipedia.org/wiki/North_Carolina","Active","","","","",""
"Beta Iota","Urbana","https://en.wikipedia.org/wiki/Urbana,_Ohio","Ohio","https://en.wikipedia.org/wiki/Ohio","","https://en.wikipedia.org/wiki/Urbana_University","Inactive","1988–xxxx ?","e","https://en.wikipedia.org/wiki/List_of_Iota_Phi_Theta_chapters#cite_note-26","[","]"
"Beta Kappa","Kutztown","https://en.wikipedia.org/wiki/Kutztown,_Pennsylvania","Pennsylvania","https://en.wikipedia.org/wiki/Pennsylvania","","","Inactive","1988–xxxx ?","22","https://en.wikipedia.org/wiki/List_of_Iota_Phi_Theta_chapters#cite_note-27","[","]"
"Beta Lambda","University of Delaware","https://en.wikipedia.org/wiki/University_of_Delaware","Newark","https://en.wikipedia.org/wiki/Newark,_Delaware","Delaware","https://en.wikipedia.org/wiki/Delaware","Inactive","1988–xxxx ?","23","https://en.wikipedia.org/wiki/List_of_Iota_Phi_Theta_chapters#cite_note-28","[","]"
"Beta Mu","Ohio State University","https://en.wikipedia.org/wiki/Ohio_State_University","Columbus","https://en.wikipedia.org/wiki/Columbus,_Ohio","Ohio","https://en.wikipedia.org/wiki/Ohio","Active","1988","","","",""
"Beta Nu","Northern Illinois University","https://en.wikipedia.org/wiki/Northern_Illinois_University","DeKalb","https://en.wikipedia.org/wiki/DeKalb,_Illinois","Illinois","https://en.wikipedia.org/wiki/Illinois","Active","1988","","","",""
"Beta Xi","Kean University","https://en.wikipedia.org/wiki/Kean_University","Hillside","https://en.wikipedia.org/wiki/Hillside,_New_Jersey","New Jersey","https://en.wikipedia.org/wiki/New_Jersey","Active","1988","","","",""
"Beta Omicron (First)","DePaul University","https://en.wikipedia.org/wiki/DePaul_University","Chicago","https://en.wikipedia.org/wiki/Chicago","Illinois","https://en.wikipedia.org/wiki/Illinois","Reassigned","1988","24","https://en.wikipedia.org/wiki/List_of_Iota_Phi_Theta_chapters#cite_note-:11-29","[","]"
"Beta Pi","University of Akron","https://en.wikipedia.org/wiki/University_of_Akron","Akron","https://en.wikipedia.org/wiki/Akron,_Ohio","Ohio","https://en.wikipedia.org/wiki/Ohio","Inactive","– xxxx ?","25","https://en.wikipedia.org/wiki/List_of_Iota_Phi_Theta_chapters#cite_note-30","[","]"
"Beta Rho","Cheney","https://en.wikipedia.org/wiki/Cheyney,_Pennsylvania","Pennsylvania","https://en.wikipedia.org/wiki/Pennsylvania","","","Active","1990","f","https://en.wikipedia.org/wiki/List_of_Iota_Phi_Theta_chapters#cite_note-32","[","]"
"Beta Sigma","University of Northern Colorado","https://en.wikipedia.org/wiki/University_of_Northern_Colorado","Greeley","https://en.wikipedia.org/wiki/Greeley,_Colorado","Colorado","https://en.wikipedia.org/wiki/Colorado","Inactive","1992–xxxx ?","27","https://en.wikipedia.org/wiki/List_of_Iota_Phi_Theta_chapters#cite_note-33","[","]"
"Beta Tau","University of Missouri","https://en.wikipedia.org/wiki/University_of_Missouri","Columbia","https://en.wikipedia.org/wiki/Columbia,_Missouri","Missouri","https://en.wikipedia.org/wiki/Missouri","Active","1994","","","",""
"Beta Upsilon","California State University, East Bay","https://en.wikipedia.org/wiki/California_State_University,_East_Bay","Hayward","https://en.wikipedia.org/wiki/Hayward,_California","California","https://en.wikipedia.org/wiki/California","Active","","","","",""
"Beta Phi","University of Massachusetts Dartmouth","https://en.wikipedia.org/wiki/University_of_Massachusetts_Dartmouth","Dartmouth","https://en.wikipedia.org/wiki/Dartmouth,_Massachusetts","Massachusetts","https://en.wikipedia.org/wiki/Massachusetts","Inactive","1995–xxxx ?","","","",""
"Beta Chi","Bethune–Cookman University","https://en.wikipedia.org/wiki/Bethune%E2%80%93Cookman_University","Daytona Beach","https://en.wikipedia.org/wiki/Daytona_Beach,_Florida","Florida","https://en.wikipedia.org/wiki/Florida","Active","1996","","","",""
"Beta Psi","Arizona State University","https://en.wikipedia.org/wiki/Arizona_State_University","Tempe","https://en.wikipedia.org/wiki/Tempe,_Arizona","Arizona","https://en.wikipedia.org/wiki/Arizona","Inactive","1996–2001","","","",""
"Gamma Alpha","Drexel University","https://en.wikipedia.org/wiki/Drexel_University","Philadelphia","https://en.wikipedia.org/wiki/Philadelphia","Pennsylvania","https://en.wikipedia.org/wiki/Pennsylvania","Inactive","1996–xxxx ?","","","",""
"Gamma Beta","Fitchburg State University","https://en.wikipedia.org/wiki/Fitchburg_State_University","Fitchburg","https://en.wikipedia.org/wiki/Fitchburg,_Massachusetts","Massachusetts","https://en.wikipedia.org/wiki/Massachusetts","Inactive","1996–xxxx ?","","","",""
"Gamma Gamma","University of Wisconsin–Milwaukee","https://en.wikipedia.org/wiki/University_of_Wisconsin%E2%80%93Milwaukee","Milwaukee","https://en.wikipedia.org/wiki/Milwaukee","Wisconsin","https://en.wikipedia.org/wiki/Wisconsin","Active","1997","","","",""
"Gamma Delta","Indiana University Bloomington","https://en.wikipedia.org/wiki/Indiana_University_Bloomington","Bloomington","https://en.wikipedia.org/wiki/Bloomington,_Indiana","Indiana","https://en.wikipedia.org/wiki/Indiana","Active","1997","","","",""
"Gamma Epsilon","West Virginia University","https://en.wikipedia.org/wiki/West_Virginia_University","Morgantown","https://en.wikipedia.org/wiki/Morgantown,_West_Virginia","West Virginia","https://en.wikipedia.org/wiki/West_Virginia","Inactive","1997–20xx ?","","","",""
"Gamma Zeta","University of California, Berkeley","https://en.wikipedia.org/wiki/University_of_California,_Berkeley","Berkeley","https://en.wikipedia.org/wiki/Berkeley,_California","California","https://en.wikipedia.org/wiki/California","Inactive","1997–xxxx ?","","","",""
"Gamma Eta","Ferris State University","https://en.wikipedia.org/wiki/Ferris_State_University","Big Rapids","https://en.wikipedia.org/wiki/Big_Rapids,_Michigan","Michigan","https://en.wikipedia.org/wiki/Michigan","Inactive","1997–20xx ?","","","",""
"Gamma Theta","Morehead State University","https://en.wikipedia.org/wiki/Morehead_State_University","Morehead","https://en.wikipedia.org/wiki/Morehead,_Kentucky","Kentucky","https://en.wikipedia.org/wiki/Kentucky","Inactive","1997–202x ?","","","",""
"Gamma Iota","Montclair State University","https://en.wikipedia.org/wiki/Montclair_State_University","Montclair","https://en.wikipedia.org/wiki/Montclair,_New_Jersey","New Jersey","https://en.wikipedia.org/wiki/New_Jersey","Active","","28","https://en.wikipedia.org/wiki/List_of_Iota_Phi_Theta_chapters#cite_note-34","[","]"
"Gamma Kappa","University of Oklahoma","https://en.wikipedia.org/wiki/University_of_Oklahoma","Norman","https://en.wikipedia.org/wiki/Norman,_Oklahoma","Oklahoma","https://en.wikipedia.org/wiki/Oklahoma","Inactive","1997-202x?","","","",""
"Gamma Lambda","Wright State University","https://en.wikipedia.org/wiki/Wright_State_University","Dayton","https://en.wikipedia.org/wiki/Dayton,_Ohio","Ohio","https://en.wikipedia.org/wiki/Ohio","Inactive","–202x ?","29","https://en.wikipedia.org/wiki/List_of_Iota_Phi_Theta_chapters#cite_note-35","[","]"
"Gamma Mu","Michigan State University","https://en.wikipedia.org/wiki/Michigan_State_University","East Lansing","https://en.wikipedia.org/wiki/East_Lansing,_Michigan","Michigan","https://en.wikipedia.org/wiki/Michigan","Inactive","","","","",""
"Gamma Nu","University of Toledo","https://en.wikipedia.org/wiki/University_of_Toledo","Toledo","https://en.wikipedia.org/wiki/Toledo,_Ohio","Ohio","https://en.wikipedia.org/wiki/Ohio","Active","1998","","","",""
"Gamma Xi","North Carolina State University","https://en.wikipedia.org/wiki/North_Carolina_State_University","Raleigh","https://en.wikipedia.org/wiki/Raleigh,_North_Carolina","North Carolina","https://en.wikipedia.org/wiki/North_Carolina","Inactive","1998–xxxx ?","30","https://en.wikipedia.org/wiki/List_of_Iota_Phi_Theta_chapters#cite_note-36","[","]"
"Gamma Omicron","University of Florida","https://en.wikipedia.org/wiki/University_of_Florida","Gainesville","https://en.wikipedia.org/wiki/Gainesville,_Florida","Florida","https://en.wikipedia.org/wiki/Florida","Active","1998","","","",""
"Gamma Pi","California State University, Sacramento","https://en.wikipedia.org/wiki/California_State_University,_Sacramento","Sacramento","https://en.wikipedia.org/wiki/Sacramento,_California","California","https://en.wikipedia.org/wiki/California","Inactive","1998–xxxx ?","","","",""
"Gamma Rho","Eastern Michigan University","https://en.wikipedia.org/wiki/Eastern_Michigan_University","Ypsilanti","https://en.wikipedia.org/wiki/Ypsilanti,_Michigan","Michigan","https://en.wikipedia.org/wiki/Michigan","Active","1998","","","",""
"Gamma Sigma","Missouri State University","https://en.wikipedia.org/wiki/Missouri_State_University","Springfield","https://en.wikipedia.org/wiki/Springfield,_Missouri","Missouri","https://en.wikipedia.org/wiki/Missouri","Inactive","1998–xxxx ?","","","",""
"Gamma Tau","Shaw University","https://en.wikipedia.org/wiki/Shaw_University","Raleigh","https://en.wikipedia.org/wiki/Raleigh,_North_Carolina","North Carolina","https://en.wikipedia.org/wiki/North_Carolina","Active","1998","","","",""
"Gamma Upsilon","University of Central Arkansas","https://en.wikipedia.org/wiki/University_of_Central_Arkansas","Conway","https://en.wikipedia.org/wiki/Conway,_Arkansas","Arkansas","https://en.wikipedia.org/wiki/Arkansas","Inactive","1998–20xx?","31","https://en.wikipedia.org/wiki/List_of_Iota_Phi_Theta_chapters#cite_note-37","[","]"
"Gamma Phi","California State University, Long Beach","https://en.wikipedia.org/wiki/California_State_University,_Long_Beach","Long Beach","https://en.wikipedia.org/wiki/Long_Beach,_California","California","https://en.wikipedia.org/wiki/California","Active","1999","32","https://en.wikipedia.org/wiki/List_of_Iota_Phi_Theta_chapters#cite_note-38","[","]"
"Gamma Chi","Florida A&M University","https://en.wikipedia.org/wiki/Florida_A%26M_University","Tallahassee","https://en.wikipedia.org/wiki/Tallahassee,_Florida","Florida","https://en.wikipedia.org/wiki/Florida","Active","","","","",""
"Gamma Psi","Mississippi State University","https://en.wikipedia.org/wiki/Mississippi_State_University","Starkville","https://en.wikipedia.org/wiki/Starkville,_Mississippi","Mississippi","https://en.wikipedia.org/wiki/Mississippi","Active","1999","","","",""
"Beta Omicron","Chicago State University","https://en.wikipedia.org/wiki/Chicago_State_University","Chicago","https://en.wikipedia.org/wiki/Chicago","Illinois","https://en.wikipedia.org/wiki/Illinois","Active","1999","24","https://en.wikipedia.org/wiki/List_of_Iota_Phi_Theta_chapters#cite_note-:11-29","[","]"
"Delta Alpha","University of Central Missouri","https://en.wikipedia.org/wiki/University_of_Central_Missouri","Warrensburg","https://en.wikipedia.org/wiki/Warrensburg,_Missouri","Missouri","https://en.wikipedia.org/wiki/Missouri","Inactive","1999–20xx ?","","","",""
"Delta Beta","Tennessee State University","https://en.wikipedia.org/wiki/Tennessee_State_University","Nashville","https://en.wikipedia.org/wiki/Nashville,_Tennessee","Tennessee","https://en.wikipedia.org/wiki/Tennessee","Active","1999","","","",""
"Delta Gamma","Buffalo","https://en.wikipedia.org/wiki/Buffalo,_New_York","New York","https://en.wikipedia.org/wiki/New_York_(state)","","","Inactive","1999–xxxx ?","","","",""
"Delta Delta","Virginia Commonwealth University","https://en.wikipedia.org/wiki/Virginia_Commonwealth_University","Richmond","https://en.wikipedia.org/wiki/Richmond,_Virginia","Virginia","https://en.wikipedia.org/wiki/Virginia","Inactive","","","","",""
"Delta Epsilon","Indianapolis","https://en.wikipedia.org/wiki/Indianapolis","Indiana","https://en.wikipedia.org/wiki/Indiana","","","Active","2000","","","",""
"Delta Zeta","Indiana State University","https://en.wikipedia.org/wiki/Indiana_State_University","Terre Haute","https://en.wikipedia.org/wiki/Terre_Haute,_Indiana","Indiana","https://en.wikipedia.org/wiki/Indiana","Inactive","– 2007","33","https://en.wikipedia.org/wiki/List_of_Iota_Phi_Theta_chapters#cite_note-40","[","]"
"Delta Eta","Alabama State University","https://en.wikipedia.org/wiki/Alabama_State_University","Montgomery","https://en.wikipedia.org/wiki/Montgomery,_Alabama","Alabama","https://en.wikipedia.org/wiki/Alabama","Active","2000","","","",""
"Delta Theta","Fort Valley State University","https://en.wikipedia.org/wiki/Fort_Valley_State_University","Fort Valley","https://en.wikipedia.org/wiki/Fort_Valley,_Georgia","Georgia","https://en.wikipedia.org/wiki/Georgia_(U.S._state)","Active","2001","","","",""
"Delta Iota","Fairleigh Dickinson University","https://en.wikipedia.org/wiki/Fairleigh_Dickinson_University","Teaneck","https://en.wikipedia.org/wiki/Teaneck,_New_Jersey","New Jersey","https://en.wikipedia.org/wiki/New_Jersey","Active","2001","","","",""
"Delta Kappa","University of North Texas","https://en.wikipedia.org/wiki/University_of_North_Texas","Denton","https://en.wikipedia.org/wiki/Denton,_Texas","Texas","https://en.wikipedia.org/wiki/Texas","Active","","","","",""
"Delta Lambda","University of Virginia","https://en.wikipedia.org/wiki/University_of_Virginia","Charlottesville","https://en.wikipedia.org/wiki/Charlottesville,_Virginia","Virginia","https://en.wikipedia.org/wiki/Virginia","Inactive","2001–xxxx ?","","","",""
"Delta Mu","Honolulu","https://en.wikipedia.org/wiki/Honolulu","Honolulu","https://en.wikipedia.org/wiki/Honolulu","Hawaii","https://en.wikipedia.org/wiki/Hawaii","Active","2001","h","https://en.wikipedia.org/wiki/List_of_Iota_Phi_Theta_chapters#cite_note-41","[","]"
"Delta Nu","University of Arkansas","https://en.wikipedia.org/wiki/University_of_Arkansas","Fayetteville","https://en.wikipedia.org/wiki/Fayetteville,_Arkansas","Arkansas","https://en.wikipedia.org/wiki/Arkansas","Inactive","2000–20xx ?","","","",""
"Delta Xi","Stephen F. Austin State University","https://en.wikipedia.org/wiki/Stephen_F._Austin_State_University","Nacogdoches","https://en.wikipedia.org/wiki/Nacogdoches,_Texas","Texas","https://en.wikipedia.org/wiki/Texas","Inactive","2000–20xx ?","","","",""
"Delta Omicron","Purdue University","https://en.wikipedia.org/wiki/Purdue_University","West Lafayette","https://en.wikipedia.org/wiki/West_Lafayette,_Indiana","Indiana","https://en.wikipedia.org/wiki/Indiana","Active","2001","","","",""
"Delta Pi","State University of New York at Oneonta","https://en.wikipedia.org/wiki/State_University_of_New_York_at_Oneonta","Oneonta","https://en.wikipedia.org/wiki/Oneonta,_New_York","New York","https://en.wikipedia.org/wiki/New_York_(state)","Inactive","2000–20xx ?","","","",""
"Delta Rho","University at Albany, SUNY","https://en.wikipedia.org/wiki/University_at_Albany,_SUNY","Albany","https://en.wikipedia.org/wiki/Albany,_New_York","New York","https://en.wikipedia.org/wiki/New_York_(state)","Active","2001","","","",""
"Delta Sigma","Johnson & Wales University","https://en.wikipedia.org/wiki/Johnson_%26_Wales_University","North Miami","https://en.wikipedia.org/wiki/North_Miami,_Florida","Florida","https://en.wikipedia.org/wiki/Florida","Inactive","2001–2021","i","https://en.wikipedia.org/wiki/List_of_Iota_Phi_Theta_chapters#cite_note-42","[","]"
"Delta Tau","Cleveland State University","https://en.wikipedia.org/wiki/Cleveland_State_University","Cleveland","https://en.wikipedia.org/wiki/Cleveland","Ohio","https://en.wikipedia.org/wiki/Ohio","Active","2001","","","",""
"Delta Upsilon","Western Michigan University","https://en.wikipedia.org/wiki/Western_Michigan_University","Kalamazoo","https://en.wikipedia.org/wiki/Kalamazoo,_Michigan","Michigan","https://en.wikipedia.org/wiki/Michigan","Active","2001","","","",""
"Delta Phi","Valdosta State University","https://en.wikipedia.org/wiki/Valdosta_State_University","Valdosta","https://en.wikipedia.org/wiki/Valdosta,_Georgia","Georgia","https://en.wikipedia.org/wiki/Georgia_(U.S._state)","Active","2002","","","",""
"Delta Chi","San Jose State University","https://en.wikipedia.org/wiki/San_Jose_State_University","San Jose","https://en.wikipedia.org/wiki/San_Jose,_California","California","https://en.wikipedia.org/wiki/California","Active","2003","","","",""
"Delta Psi","Jackson State University","https://en.wikipedia.org/wiki/Jackson_State_University","Jackson","https://en.wikipedia.org/wiki/Jackson,_Mississippi","Mississippi","https://en.wikipedia.org/wiki/Mississippi","Active","","34","https://en.wikipedia.org/wiki/List_of_Iota_Phi_Theta_chapters#cite_note-43","[","]"
"Epsilon Alpha","Texas Southern University","https://en.wikipedia.org/wiki/Texas_Southern_University","Houston","https://en.wikipedia.org/wiki/Houston","Texas","https://en.wikipedia.org/wiki/Texas","Active","","","","",""
"Epsilon Beta","Clark Atlanta University","https://en.wikipedia.org/wiki/Clark_Atlanta_University","Atlanta","https://en.wikipedia.org/wiki/Atlanta","Georgia","https://en.wikipedia.org/wiki/Georgia_(U.S._state)","Active","2003","","","",""
"Epsilon Gamma","University of Louisiana at Monroe","https://en.wikipedia.org/wiki/University_of_Louisiana_at_Monroe","Monroe","https://en.wikipedia.org/wiki/Monroe,_Louisiana","Louisiana","https://en.wikipedia.org/wiki/Louisiana","Inactive","2003–20xx?","","","",""
"Epsilon Delta","Grambling State University","https://en.wikipedia.org/wiki/Grambling_State_University","Grambling","https://en.wikipedia.org/wiki/Grambling,_Louisiana","Louisiana","https://en.wikipedia.org/wiki/Louisiana","Active","","","","",""
"Epsilon Epsilon","Lincoln University","https://en.wikipedia.org/wiki/Lincoln_University_(Pennsylvania)","Oxford","https://en.wikipedia.org/wiki/Oxford,_Pennsylvania","Pennsylvania","https://en.wikipedia.org/wiki/Pennsylvania","Active","2000","","","",""
"Epsilon Zeta","Frostburg State University","https://en.wikipedia.org/wiki/Frostburg_State_University","Frostburg","https://en.wikipedia.org/wiki/Frostburg,_Maryland","Maryland","https://en.wikipedia.org/wiki/Maryland","Active","","","","",""
"Epsilon Eta","University of Central Florida","https://en.wikipedia.org/wiki/University_of_Central_Florida","Orlando","https://en.wikipedia.org/wiki/Orlando,_Florida","Florida","https://en.wikipedia.org/wiki/Florida","Active","","35","https://en.wikipedia.org/wiki/List_of_Iota_Phi_Theta_chapters#cite_note-44","[","]"
"Epsilon Theta","Murray State University","https://en.wikipedia.org/wiki/Murray_State_University","Murray","https://en.wikipedia.org/wiki/Murray,_Kentucky","Kentucky","https://en.wikipedia.org/wiki/Kentucky","Inactive","2002–202x ?","","","",""
"Epsilon Iota","University of Louisville","https://en.wikipedia.org/wiki/University_of_Louisville","Louisville","https://en.wikipedia.org/wiki/Louisville,_Kentucky","Kentucky","https://en.wikipedia.org/wiki/Kentucky","Active","2002","","","",""
"Epsilon Kappa","McMurry University","https://en.wikipedia.org/wiki/McMurry_University","Abilene","https://en.wikipedia.org/wiki/Abilene,_Texas","Texas","https://en.wikipedia.org/wiki/Texas","Inactive","2003–20xx ?","","","",""
"Epsilon Lambda","Fairleigh Dickinson University","https://en.wikipedia.org/wiki/Fairleigh_Dickinson_University","Madison","https://en.wikipedia.org/wiki/Madison,_New_Jersey","New Jersey","https://en.wikipedia.org/wiki/New_Jersey","Active","2003","","","",""
"Epsilon Mu","Indiana University Northwest","https://en.wikipedia.org/wiki/Indiana_University_Northwest","Gary","https://en.wikipedia.org/wiki/Gary,_Indiana","Indiana","https://en.wikipedia.org/wiki/Indiana","Active","2003","","","",""
"Epsilon Nu","Florida State University","https://en.wikipedia.org/wiki/Florida_State_University","Tallahassee","https://en.wikipedia.org/wiki/Tallahassee,_Florida","Florida","https://en.wikipedia.org/wiki/Florida","Inactive","2002–20xx ?","36","https://en.wikipedia.org/wiki/List_of_Iota_Phi_Theta_chapters#cite_note-45","[","]"
"Epsilon Xi","University of West Georgia","https://en.wikipedia.org/wiki/University_of_West_Georgia","Carrollton","https://en.wikipedia.org/wiki/Carrollton,_Georgia","Georgia","https://en.wikipedia.org/wiki/Georgia_(U.S._state)","Active","2004","37","https://en.wikipedia.org/wiki/List_of_Iota_Phi_Theta_chapters#cite_note-46","[","]"
"Epsilon Omicron","Jacksonville State University","https://en.wikipedia.org/wiki/Jacksonville_State_University","Jacksonville","https://en.wikipedia.org/wiki/Jacksonville,_Alabama","Alabama","https://en.wikipedia.org/wiki/Alabama","Inactive","2004–2021","","","",""
"Epsilon Pi","East Carolina University","https://en.wikipedia.org/wiki/East_Carolina_University","Greenville","https://en.wikipedia.org/wiki/Greenville,_North_Carolina","North Carolina","https://en.wikipedia.org/wiki/North_Carolina","Active","","38","https://en.wikipedia.org/wiki/List_of_Iota_Phi_Theta_chapters#cite_note-47","[","]"
"Epsilon Rho","University of Nebraska–Lincoln","https://en.wikipedia.org/wiki/University_of_Nebraska%E2%80%93Lincoln","Lincoln","https://en.wikipedia.org/wiki/Lincoln,_Nebraska","Nebraska","https://en.wikipedia.org/wiki/Nebraska","Inactive","2004–20xx ?","39","https://en.wikipedia.org/wiki/List_of_Iota_Phi_Theta_chapters#cite_note-48","[","]"
"Epsilon Sigma","Cornell University","https://en.wikipedia.org/wiki/Cornell_University","Ithaca","https://en.wikipedia.org/wiki/Ithaca,_New_York","New York","https://en.wikipedia.org/wiki/New_York_(state)","Inactive","2005–20xx ?","j","https://en.wikipedia.org/wiki/List_of_Iota_Phi_Theta_chapters#cite_note-49","[","]"
"Epsilon Tau","New Jersey Institute of Technology","https://en.wikipedia.org/wiki/New_Jersey_Institute_of_Technology","Newark","https://en.wikipedia.org/wiki/Newark,_New_Jersey","New Jersey","https://en.wikipedia.org/wiki/New_Jersey","Active","2005","k","https://en.wikipedia.org/wiki/List_of_Iota_Phi_Theta_chapters#cite_note-50","[","]"
"Epsilon Upsilon","Rhode Island College","https://en.wikipedia.org/wiki/Rhode_Island_College","Providence","https://en.wikipedia.org/wiki/Providence,_Rhode_Island","Rhode Island","https://en.wikipedia.org/wiki/Rhode_Island","Inactive","2005–20xx ?","","","",""
"Epsilon Phi","University of Texas at San Antonio","https://en.wikipedia.org/wiki/University_of_Texas_at_San_Antonio","San Antonio","https://en.wikipedia.org/wiki/San_Antonio","Texas","https://en.wikipedia.org/wiki/Texas","Inactive","2005–20xx ?","10","https://en.wikipedia.org/wiki/List_of_Iota_Phi_Theta_chapters#cite_note-:1-10","[","]"
"Epsilon Chi","Lebanon Valley College","https://en.wikipedia.org/wiki/Lebanon_Valley_College","Pennsylvania","https://en.wikipedia.org/wiki/Pennsylvania","","","Inactive","2005–20xx ?","","","",""
"Epsilon Psi","University of Southern Mississippi","https://en.wikipedia.org/wiki/University_of_Southern_Mississippi","Hattiesburg","https://en.wikipedia.org/wiki/Hattiesburg,_Mississippi","Mississippi","https://en.wikipedia.org/wiki/Mississippi","Active","2005","","","",""
"Zeta Alpha","Northwood University","https://en.wikipedia.org/wiki/Northwood_University","Schenectady","https://en.wikipedia.org/wiki/Schenectady,_New_York","New York","https://en.wikipedia.org/wiki/New_York_(state)","Inactive","2005–20xx ?","","","",""
"Zeta Beta","Louisiana State University","https://en.wikipedia.org/wiki/Louisiana_State_University","Baton Rouge","https://en.wikipedia.org/wiki/Baton_Rouge,_Louisiana","Louisiana","https://en.wikipedia.org/wiki/Louisiana","Inactive","2005–2012 ?","40","https://en.wikipedia.org/wiki/List_of_Iota_Phi_Theta_chapters#cite_note-51","[","]"
"Zeta Gamma","Union College","https://en.wikipedia.org/wiki/Union_College","Schenectady","https://en.wikipedia.org/wiki/Schenectady,_New_York","New York","https://en.wikipedia.org/wiki/New_York_(state)","Inactive","2005–20xx?","","","",""
"Zeta Delta","University of South Florida","https://en.wikipedia.org/wiki/University_of_South_Florida","Tampa","https://en.wikipedia.org/wiki/Tampa,_Florida","Florida","https://en.wikipedia.org/wiki/Florida","Active","2005","","","",""
"Zeta Epsilon","University of Arkansas at Little Rock","https://en.wikipedia.org/wiki/University_of_Arkansas_at_Little_Rock","Little Rock","https://en.wikipedia.org/wiki/Little_Rock,_Arkansas","Arkansas","https://en.wikipedia.org/wiki/Arkansas","Inactive","2005–20xx ?","","","",""
"Zeta Zeta","Florida Memorial University","https://en.wikipedia.org/wiki/Florida_Memorial_University","Miami Gardens","https://en.wikipedia.org/wiki/Miami_Gardens,_Florida","Florida","https://en.wikipedia.org/wiki/Florida","Active","2005","","","",""
"Zeta Eta","University of Houston","https://en.wikipedia.org/wiki/University_of_Houston","Houston","https://en.wikipedia.org/wiki/Houston","Texas","https://en.wikipedia.org/wiki/Texas","Inactive","2005–20xx ?","","","",""
"Zeta Theta","University of Connecticut","https://en.wikipedia.org/wiki/University_of_Connecticut","Storrs","https://en.wikipedia.org/wiki/Storrs,_Connecticut","Connecticut","https://en.wikipedia.org/wiki/Connecticut","Active","","m","https://en.wikipedia.org/wiki/List_of_Iota_Phi_Theta_chapters#cite_note-54","[","]"
"Zeta Iota","Shippensburg","https://en.wikipedia.org/wiki/Shippensburg,_Pennsylvania","Pennsylvania","https://en.wikipedia.org/wiki/Pennsylvania","","","Active","2005","","","",""
"Zeta Kappa","Edward Waters University","https://en.wikipedia.org/wiki/Edward_Waters_University","Jacksonville","https://en.wikipedia.org/wiki/Jacksonville,_Florida","Florida","https://en.wikipedia.org/wiki/Florida","Active","2006","","","",""
"Zeta Lambda","South Carolina State University","https://en.wikipedia.org/wiki/South_Carolina_State_University","Orangeburg","https://en.wikipedia.org/wiki/Orangeburg,_South_Carolina","South Carolina","https://en.wikipedia.org/wiki/South_Carolina","Inactive","2006–20xx ?","","","",""
"Zeta Mu","McNeese State University","https://en.wikipedia.org/wiki/McNeese_State_University","Lake Charles","https://en.wikipedia.org/wiki/Lake_Charles,_Louisiana","Louisiana","https://en.wikipedia.org/wiki/Louisiana","Active","200x ?","","","",""
"Zeta Nu","University of Maryland Eastern Shore","https://en.wikipedia.org/wiki/University_of_Maryland_Eastern_Shore","Princess Anne","https://en.wikipedia.org/wiki/Princess_Anne,_Maryland","Maryland","https://en.wikipedia.org/wiki/Maryland","Active","2006","","","",""
"Zeta Xi","Lincoln University","https://en.wikipedia.org/wiki/Lincoln_University_(Missouri)","Jefferson City","https://en.wikipedia.org/wiki/Jefferson_City,_Missouri","Missouri","https://en.wikipedia.org/wiki/Missouri","Active","2006","","","",""
"Zeta Omicron","Sam Houston State University","https://en.wikipedia.org/wiki/Sam_Houston_State_University","Huntsville","https://en.wikipedia.org/wiki/Huntsville,_Texas","Texas","https://en.wikipedia.org/wiki/Texas","Active","2006","42","https://en.wikipedia.org/wiki/List_of_Iota_Phi_Theta_chapters#cite_note-55","[","]"
"Zeta Pi","Albany State University","https://en.wikipedia.org/wiki/Albany_State_University","Albany","https://en.wikipedia.org/wiki/Albany,_Georgia","Georgia","https://en.wikipedia.org/wiki/Georgia_(U.S._state)","Active","2007","43","https://en.wikipedia.org/wiki/List_of_Iota_Phi_Theta_chapters#cite_note-56","[","]"
"Zeta Rho","Old Dominion University","https://en.wikipedia.org/wiki/Old_Dominion_University","Norfolk","https://en.wikipedia.org/wiki/Norfolk,_Virginia","Virginia","https://en.wikipedia.org/wiki/Virginia","Inactive","2008–20xx","44","https://en.wikipedia.org/wiki/List_of_Iota_Phi_Theta_chapters#cite_note-57","[","]"
"Zeta Sigma","California State University, Dominguez Hills","https://en.wikipedia.org/wiki/California_State_University,_Dominguez_Hills","Carson","https://en.wikipedia.org/wiki/Carson,_California","California","https://en.wikipedia.org/wiki/California","Inactive","2008–20xx","","","",""
"Zeta Tau","George Mason University","https://en.wikipedia.org/wiki/George_Mason_University","Fairfax","https://en.wikipedia.org/wiki/Fairfax,_Virginia","Virginia","https://en.wikipedia.org/wiki/Virginia","Active","2008","","","",""
"Zeta Upsilon","Southeast Missouri State University","https://en.wikipedia.org/wiki/Southeast_Missouri_State_University","Cape Girardeau","https://en.wikipedia.org/wiki/Cape_Girardeau,_Missouri","Missouri","https://en.wikipedia.org/wiki/Missouri","Inactive","2008–20xx ?","","","",""
"Zeta Phi","St. Louis","https://en.wikipedia.org/wiki/St._Louis","Missouri","https://en.wikipedia.org/wiki/Missouri","","","Active","2008","","","",""
"Zeta Chi","Georgia Southern University","https://en.wikipedia.org/wiki/Georgia_Southern_University","Statesboro","https://en.wikipedia.org/wiki/Statesboro,_Georgia","Georgia","https://en.wikipedia.org/wiki/Georgia_(U.S._state)","Active","2008","45","https://en.wikipedia.org/wiki/List_of_Iota_Phi_Theta_chapters#cite_note-58","[","]"
"Zeta Psi","University of Kentucky","https://en.wikipedia.org/wiki/University_of_Kentucky","Lexington","https://en.wikipedia.org/wiki/Lexington,_Kentucky","Kentucky","https://en.wikipedia.org/wiki/Kentucky","Active","2009","","","",""
"Eta Alpha","Pennsylvania State University","https://en.wikipedia.org/wiki/Pennsylvania_State_University","State College","https://en.wikipedia.org/wiki/State_College,_Pennsylvania","Pennsylvania","https://en.wikipedia.org/wiki/Pennsylvania","Active","2009","","","",""
"Eta Beta","University of South Carolina","https://en.wikipedia.org/wiki/University_of_South_Carolina","Columbia","https://en.wikipedia.org/wiki/Columbia,_South_Carolina","South Carolina","https://en.wikipedia.org/wiki/South_Carolina","Inactive","2009–20xx ?","","","",""
"Eta Gamma","Savannah State University","https://en.wikipedia.org/wiki/Savannah_State_University","Savannah","https://en.wikipedia.org/wiki/Savannah,_Georgia","Georgia","https://en.wikipedia.org/wiki/Georgia_(U.S._state)","Active","2009","","","",""
"Eta Delta","Eastern Kentucky University","https://en.wikipedia.org/wiki/Eastern_Kentucky_University","Richmond","https://en.wikipedia.org/wiki/Richmond,_Kentucky","Kentucky","https://en.wikipedia.org/wiki/Kentucky","Inactive","2009–2021 ?","","","",""
"Eta Epsilon","University of Memphis","https://en.wikipedia.org/wiki/University_of_Memphis","Memphis","https://en.wikipedia.org/wiki/Memphis,_Tennessee","Tennessee","https://en.wikipedia.org/wiki/Tennessee","Active","2009","","","",""
"Eta Zeta","Youngstown State University","https://en.wikipedia.org/wiki/Youngstown_State_University","Youngstown","https://en.wikipedia.org/wiki/Youngstown,_Ohio","Ohio","https://en.wikipedia.org/wiki/Ohio","Inactive","2009–20xx ?","","","",""
"Eta Eta","Wayne State University","https://en.wikipedia.org/wiki/Wayne_State_University","Detroit","https://en.wikipedia.org/wiki/Detroit","Michigan","https://en.wikipedia.org/wiki/Michigan","Active","2009","","","",""
"Eta Theta","University of Michigan","https://en.wikipedia.org/wiki/University_of_Michigan","Ann Arbor","https://en.wikipedia.org/wiki/Ann_Arbor,_Michigan","Michigan","https://en.wikipedia.org/wiki/Michigan","Inactive","2009–xxxx ?","","","",""
"Eta Iota","Eastern Washington University","https://en.wikipedia.org/wiki/Eastern_Washington_University","Cheney","https://en.wikipedia.org/wiki/Cheney,_Washington","Washington","https://en.wikipedia.org/wiki/Washington_(state)","Inactive","2009–20xx ?","","","",""
"Eta Kappa","Mississippi Valley State University","https://en.wikipedia.org/wiki/Mississippi_Valley_State_University","Mississippi","https://en.wikipedia.org/wiki/Mississippi","","","Active","2009","","","",""
"Eta Lambda","Western Illinois University","https://en.wikipedia.org/wiki/Western_Illinois_University","Macomb","https://en.wikipedia.org/wiki/Macomb,_Illinois","Illinois","https://en.wikipedia.org/wiki/Illinois","Inactive","2009–20xx ?","","","",""
"Eta Mu","Bloomfield College","https://en.wikipedia.org/wiki/Bloomfield_College","Bloomfield","https://en.wikipedia.org/wiki/Bloomfield,_New_Jersey","New Jersey","https://en.wikipedia.org/wiki/New_Jersey","Active","2009","","","",""
"Eta Nu","Duquesne University","https://en.wikipedia.org/wiki/Duquesne_University","Pittsburgh","https://en.wikipedia.org/wiki/Pittsburgh","Pennsylvania","https://en.wikipedia.org/wiki/Pennsylvania","Active","2009","","","",""
"Eta Xi","Virginia Tech","https://en.wikipedia.org/wiki/Virginia_Tech","Blacksburg","https://en.wikipedia.org/wiki/Blacksburg,_Virginia","Virginia","https://en.wikipedia.org/wiki/Virginia","Inactive","2009–20xx ?","","","",""
"Eta Omicron","Grand Valley State University","https://en.wikipedia.org/wiki/Grand_Valley_State_University","Allendale","https://en.wikipedia.org/wiki/Allendale,_Michigan","Michigan","https://en.wikipedia.org/wiki/Michigan","Inactive","2009–20xx ?","","","",""
"Eta Pi","University of Tennessee at Martin","https://en.wikipedia.org/wiki/University_of_Tennessee_at_Martin","Martin","https://en.wikipedia.org/wiki/Martin,_Tennessee","Tennessee","https://en.wikipedia.org/wiki/Tennessee_Titans","Active","2010","46","https://en.wikipedia.org/wiki/List_of_Iota_Phi_Theta_chapters#cite_note-59","[","]"
"Eta Rho","Western Kentucky University","https://en.wikipedia.org/wiki/Western_Kentucky_University","Green","https://en.wikipedia.org/wiki/Green,_Kentucky","Kentucky","https://en.wikipedia.org/wiki/Kentucky","Active","","47","https://en.wikipedia.org/wiki/List_of_Iota_Phi_Theta_chapters#cite_note-60","[","]"
"Eta Sigma","Florida International University","https://en.wikipedia.org/wiki/Florida_International_University","Miami","https://en.wikipedia.org/wiki/Miami","Florida","https://en.wikipedia.org/wiki/Florida","Inactive","2010–20xx?","","","",""
"Eta Tau","Arkansas State University","https://en.wikipedia.org/wiki/Arkansas_State_University","Jonesboro","https://en.wikipedia.org/wiki/Jonesboro,_Arkansas","Arkansas","https://en.wikipedia.org/wiki/Arkansas","Active","2010","","","",""
"Eta Upsilon","Georgia State University","https://en.wikipedia.org/wiki/Georgia_State_University","Atlanta","https://en.wikipedia.org/wiki/Atlanta","Georgia","https://en.wikipedia.org/wiki/Georgia_(U.S._state)","Active","2010","","","",""
"Eta Phi","Middle Tennessee State University","https://en.wikipedia.org/wiki/Middle_Tennessee_State_University","Murfreesboro","https://en.wikipedia.org/wiki/Murfreesboro,_Tennessee","Tennessee","https://en.wikipedia.org/wiki/Tennessee","Active","2011","48","https://en.wikipedia.org/wiki/List_of_Iota_Phi_Theta_chapters#cite_note-61","[","]"
"Eta Chi","Midland University","https://en.wikipedia.org/wiki/Midland_University","Fremont","https://en.wikipedia.org/wiki/Fremont,_Nebraska","Nebraska","https://en.wikipedia.org/wiki/Nebraska","Inactive","2011–201x ?","","","",""
"Eta Psi","Chestnut Hill College","https://en.wikipedia.org/wiki/Chestnut_Hill_College","Philadelphia","https://en.wikipedia.org/wiki/Philadelphia","Pennsylvania","https://en.wikipedia.org/wiki/Pennsylvania","Inactive","2011–20xx ?","n","https://en.wikipedia.org/wiki/List_of_Iota_Phi_Theta_chapters#cite_note-62","[","]"
"Theta Alpha","Indiana University of Pennsylvania","https://en.wikipedia.org/wiki/Indiana_University_of_Pennsylvania","Indiana County","https://en.wikipedia.org/wiki/Indiana_County,_Pennsylvania","Pennsylvania","https://en.wikipedia.org/wiki/Pennsylvania","Inactive","2012–20xx ?","","","",""
"Theta Beta","University of Nevada, Las Vegas","https://en.wikipedia.org/wiki/University_of_Nevada,_Las_Vegas","Paradise","https://en.wikipedia.org/wiki/Paradise,_Nevada","Nevada","https://en.wikipedia.org/wiki/Nevada","Active","","49","https://en.wikipedia.org/wiki/List_of_Iota_Phi_Theta_chapters#cite_note-63","[","]"
"Theta Gamma","California State University, San Bernardino","https://en.wikipedia.org/wiki/California_State_University,_San_Bernardino","San Bernardino","https://en.wikipedia.org/wiki/San_Bernardino,_California","California","https://en.wikipedia.org/wiki/California","Inactive","2012–20xx ?","","","",""
"Theta Delta","Robert Morris University","https://en.wikipedia.org/wiki/Robert_Morris_University","Moon Township","https://en.wikipedia.org/wiki/Moon_Township,_Pennsylvania","Pennsylvania","https://en.wikipedia.org/wiki/Pennsylvania","Inactive","2012–20xx ?","","","",""
"Theta Epsilon","Randolph–Macon College","https://en.wikipedia.org/wiki/Randolph%E2%80%93Macon_College","Ashland","https://en.wikipedia.org/wiki/Ashland,_Virginia","Virginia","https://en.wikipedia.org/wiki/Virginia","Inactive","2012–20xx ?","","","",""
"Theta Zeta","University of Tennessee","https://en.wikipedia.org/wiki/University_of_Tennessee","Knoxville","https://en.wikipedia.org/wiki/Knoxville,_Tennessee","Tennessee","https://en.wikipedia.org/wiki/Tennessee","Active","2013","50","https://en.wikipedia.org/wiki/List_of_Iota_Phi_Theta_chapters#cite_note-64","[","]"
"Theta Eta","Kansas State University","https://en.wikipedia.org/wiki/Kansas_State_University","Manhattan","https://en.wikipedia.org/wiki/Manhattan,_Kansas","Kansas","https://en.wikipedia.org/wiki/Kansas","Active","2013","51","https://en.wikipedia.org/wiki/List_of_Iota_Phi_Theta_chapters#cite_note-65","[","]"
"Theta Theta","Minnesota State University, Mankato","https://en.wikipedia.org/wiki/Minnesota_State_University,_Mankato","Mankato","https://en.wikipedia.org/wiki/Mankato,_Minnesota","Minnesota","https://en.wikipedia.org/wiki/Minnesota","Inactive","2013–20xx ?","","","",""
"Theta Iota","University of Mississippi","https://en.wikipedia.org/wiki/University_of_Mississippi","Oxford","https://en.wikipedia.org/wiki/Oxford,_Mississippi","Mississippi","https://en.wikipedia.org/wiki/Mississippi","Inactive","2013–20xx ?","52","https://en.wikipedia.org/wiki/List_of_Iota_Phi_Theta_chapters#cite_note-66","[","]"
"Theta Kappa","Benedict College","https://en.wikipedia.org/wiki/Benedict_College","Columbia","https://en.wikipedia.org/wiki/Columbia,_South_Carolina","South Carolina","https://en.wikipedia.org/wiki/South_Carolina","Active","2013","","","",""
"Theta Lambda","Spalding University","https://en.wikipedia.org/wiki/Spalding_University","Louisville","https://en.wikipedia.org/wiki/Louisville,_Kentucky","Kentucky","https://en.wikipedia.org/wiki/Kentucky","Inactive","2013-20xx ?","","","",""
"Theta Mu","Quibdó","https://en.wikipedia.org/wiki/Quibd%C3%B3","Chocó","https://en.wikipedia.org/wiki/Choc%C3%B3_Department","Colombia","https://en.wikipedia.org/wiki/Colombia","Inactive","2013-201x?","","","",""
"Theta Nu","University of Texas at Arlington","https://en.wikipedia.org/wiki/University_of_Texas_at_Arlington","Arlington","https://en.wikipedia.org/wiki/Arlington,_Texas","Texas","https://en.wikipedia.org/wiki/Texas","Inactive","2013–20xx ?","","","",""
"Theta Xi","Marshall","https://en.wikipedia.org/wiki/Marshall,_Texas","Texas","https://en.wikipedia.org/wiki/Texas","","","Active","","53","https://en.wikipedia.org/wiki/List_of_Iota_Phi_Theta_chapters#cite_note-67","[","]"
"Theta Omicron","Virginia Union University","https://en.wikipedia.org/wiki/Virginia_Union_University","Richmond","https://en.wikipedia.org/wiki/Richmond,_Virginia","Virginia","https://en.wikipedia.org/wiki/Virginia","Inactive","2014–201x ?","","","",""
"Theta Pi","University of North Florida","https://en.wikipedia.org/wiki/University_of_North_Florida","Jacksonville","https://en.wikipedia.org/wiki/Jacksonville,_Florida","Florida","https://en.wikipedia.org/wiki/Florida","Active","2014","","","",""
"Theta Rho","Syracuse University","https://en.wikipedia.org/wiki/Syracuse_University","Syracuse","https://en.wikipedia.org/wiki/Syracuse,_New_York","New York","https://en.wikipedia.org/wiki/New_York_(state)","Inactive","2014–20xx ?","","","",""
"Theta Sigma","Sacred Heart University","https://en.wikipedia.org/wiki/Sacred_Heart_University","Fairfield","https://en.wikipedia.org/wiki/Fairfield,_Connecticut","Connecticut","https://en.wikipedia.org/wiki/Connecticut","Inactive","2014–20xx ?","","","",""
"Theta Tau","Columbus State University","https://en.wikipedia.org/wiki/Columbus_State_University","Columbus","https://en.wikipedia.org/wiki/Columbus,_Georgia","Georgia","https://en.wikipedia.org/wiki/Georgia_(U.S._state)","Inactive","2014–20xx ?","","","",""
"Theta Upsilon","Southern Arkansas University","https://en.wikipedia.org/wiki/Southern_Arkansas_University","Magnolia","https://en.wikipedia.org/wiki/Magnolia,_Arkansas","Arkansas","https://en.wikipedia.org/wiki/Arkansas","Active","201x ?","","","",""
"Theta Phi","St. Augustine's University","https://en.wikipedia.org/wiki/St._Augustine%27s_University_(North_Carolina)","Raleigh","https://en.wikipedia.org/wiki/Raleigh,_North_Carolina","North Carolina","https://en.wikipedia.org/wiki/North_Carolina","Active","2016","54","https://en.wikipedia.org/wiki/List_of_Iota_Phi_Theta_chapters#cite_note-:2-68","[","]"
"Theta Chi","Kent State University","https://en.wikipedia.org/wiki/Kent_State_University","Kent","https://en.wikipedia.org/wiki/Kent,_Ohio","Ohio","https://en.wikipedia.org/wiki/Ohio","Active","","","","",""
"Theta Psi","Livingstone College","https://en.wikipedia.org/wiki/Livingstone_College","Salisbury","https://en.wikipedia.org/wiki/Salisbury,_North_Carolina","North Carolina","https://en.wikipedia.org/wiki/North_Carolina","Active","","54","https://en.wikipedia.org/wiki/List_of_Iota_Phi_Theta_chapters#cite_note-:2-68","[","]"
"Iota Alpha","Miles College","https://en.wikipedia.org/wiki/Miles_College","Fairfield","https://en.wikipedia.org/wiki/Fairfield,_Alabama","Alabama","https://en.wikipedia.org/wiki/Alabama","Active","","","","",""
"Iota Beta","Southern Connecticut State University","https://en.wikipedia.org/wiki/Southern_Connecticut_State_University","New Haven","https://en.wikipedia.org/wiki/New_Haven,_Connecticut","Connecticut","https://en.wikipedia.org/wiki/Connecticut","Inactive","– 202x ?","55","https://en.wikipedia.org/wiki/List_of_Iota_Phi_Theta_chapters#cite_note-:10-69","[","]"
"Iota Gamma","Caldwell University","https://en.wikipedia.org/wiki/Caldwell_University","Caldwell","https://en.wikipedia.org/wiki/Caldwell,_New_Jersey","New Jersey","https://en.wikipedia.org/wiki/New_Jersey","Active","","55","https://en.wikipedia.org/wiki/List_of_Iota_Phi_Theta_chapters#cite_note-:10-69","[","]"
"Iota Delta","Commerce","https://en.wikipedia.org/wiki/Commerce,_Texas","Texas","https://en.wikipedia.org/wiki/Texas","","","Active","","","","",""
"Iota Epsilon","Columbus","https://en.wikipedia.org/wiki/Columbus,_Ohio","Ohio","https://en.wikipedia.org/wiki/Ohio","","","Active","","","","",""
"Iota Zeta","Oakland University","https://en.wikipedia.org/wiki/Oakland_University","","","","","Active","","56","https://en.wikipedia.org/wiki/List_of_Iota_Phi_Theta_chapters#cite_note-70","[","]"
"Iota Eta","Austin","https://en.wikipedia.org/wiki/Austin,_Texas","Texas","https://en.wikipedia.org/wiki/Texas","","","Active","2023","","","",""
"Iota Theta","Texas State University","https://en.wikipedia.org/wiki/Texas_State_University","San Marcos","https://en.wikipedia.org/wiki/San_Marcos,_Texas","Texas","https://en.wikipedia.org/wiki/Texas","Active","1997-2001, 2023","","","",""
"Iota Iota","Radford University","https://en.wikipedia.org/wiki/Radford_University","Radford","https://en.wikipedia.org/wiki/Radford,_Virginia","Virginia","https://en.wikipedia.org/wiki/Virginia","Active","","","","",""
"Iota Kappa","University of South Alabama","https://en.wikipedia.org/wiki/University_of_South_Alabama","Mobile","https://en.wikipedia.org/wiki/Mobile,_Alabama","Alabama","https://en.wikipedia.org/wiki/Alabama","Active","","","","",""
"Iota Lambda","University of Miami","https://en.wikipedia.org/wiki/University_of_Miami","Coral Gables","https://en.wikipedia.org/wiki/Coral_Gables,_Florida","Florida","https://en.wikipedia.org/wiki/Florida","Active","","","","",""
"Iota Nu","University of North Carolina at Pembroke","https://en.wikipedia.org/wiki/University_of_North_Carolina_at_Pembroke","Pembroke","https://en.wikipedia.org/wiki/Pembroke,_North_Carolina","North Carolina","https://en.wikipedia.org/wiki/North_Carolina","Active","","11","https://en.wikipedia.org/wiki/List_of_Iota_Phi_Theta_chapters#cite_note-:9-11","[","]"
"Claflin colony","Claflin University","https://en.wikipedia.org/wiki/Claflin_University","Orangeburg","https://en.wikipedia.org/wiki/Orangeburg,_South_Carolina","South Carolina","https://en.wikipedia.org/wiki/South_Carolina","Active","","57","https://en.wikipedia.org/wiki/List_of_Iota_Phi_Theta_chapters#cite_note-71","[","]"