"fn","vcard","vcard 2","vcard href","mw-redirect","mw-redirect href","category","note"
"Alpha","1911","Indiana University Bloomington","https://en.wikipedia.org/wiki/Indiana_University_Bloomington","Bloomington, IN","https://en.wikipedia.org/wiki/Bloomington,_IN","Active",""
"Beta","1913","","","Champaign, IL","https://en.wikipedia.org/wiki/Champaign,_IL","Active","Was originally the University of Illinois but in 1982 became the University of Illinois at Urbana-Champaign. Beta also hosted the Grand Chapter Meeting where the fraternity name was changed from Kappa Alpha Nu to Kappa Alpha Psi."
"Gamma","1914","University of Iowa","https://en.wikipedia.org/wiki/University_of_Iowa","Iowa City, IA","https://en.wikipedia.org/wiki/Iowa_City,_IA","Active",""
"Delta","1915","Wilberforce University","https://en.wikipedia.org/wiki/Wilberforce_University","Wilberforce, OH","https://en.wikipedia.org/wiki/Wilberforce,_OH","Active","The Delta Chapter was founded by Elder Watson Diggs in 1915.  The Delta Chapter was the last Chapter chartered under the fraternity's original name, Kappa Alpha Nu, and the first chapter designated after the fraternity's name change to Kappa Alpha Psi. Delta was the first chapter established at an ."
"Epsilon","1915","Lincoln University","https://en.wikipedia.org/wiki/Lincoln_University_(Pennsylvania)","","","Active","The Epsilon Chapter is the first chapter founded on the east coast thus giving it the nickname ""The Star of the East""."
"Zeta","1915","Ohio State University","https://en.wikipedia.org/wiki/Ohio_State_University","Columbus, OH","https://en.wikipedia.org/wiki/Columbus,_OH","Active",""
"Eta","1916","University of Nebraska–Lincoln","https://en.wikipedia.org/wiki/University_of_Nebraska%E2%80%93Lincoln","Lincoln, NE","https://en.wikipedia.org/wiki/Lincoln,_NE","Active",""
"Theta","1917","Northwestern University","https://en.wikipedia.org/wiki/Northwestern_University","Evanston, IL","https://en.wikipedia.org/wiki/Evanston,_IL","Active",""
"Iota","1918","University of Chicago","https://en.wikipedia.org/wiki/University_of_Chicago","","","Active",""
"Kappa","1919","Meharry Medical College","https://en.wikipedia.org/wiki/Meharry_Medical_College","Nashville, TN","https://en.wikipedia.org/wiki/Nashville,_TN","Active","The first ""Intermediate Chapter"" (Chapters chartered at degree-granting professional or post-graduate institutions which generally require entering students to have earned a bachelor's degree as a condition of admission) in the fraternity. Others being Theta Tau & Kappa Zeta."
"Lambda","1920","Temple University","https://en.wikipedia.org/wiki/Temple_University","","","Active",""
"Mu","1920","University of Kansas","https://en.wikipedia.org/wiki/University_of_Kansas","Lawrence, KS","https://en.wikipedia.org/wiki/Lawrence,_KS","Active",""
"Nu","1920","Purdue University","https://en.wikipedia.org/wiki/Purdue_University","West Lafayette, IN","https://en.wikipedia.org/wiki/West_Lafayette,_IN","Active",""
"Xi","1920","Howard University","https://en.wikipedia.org/wiki/Howard_University","","","Active",""
"Omicron","1921","Columbia University","https://en.wikipedia.org/wiki/Columbia_University","","","Active","School's full title is Columbia University in the City of New York"
"Pi","1921","Morehouse College","https://en.wikipedia.org/wiki/Morehouse_College","Atlanta, GA","https://en.wikipedia.org/wiki/Atlanta,_GA","Active","The Pi Chapter was the first chapter of Kappa Alpha Psi in the Deep South."
"Rho","1921","Washburn University","https://en.wikipedia.org/wiki/Washburn_University","Topeka, KS","https://en.wikipedia.org/wiki/Topeka,_KS","Active",""
"Sigma","1922","University of Michigan","https://en.wikipedia.org/wiki/University_of_Michigan","Ann Arbor, MI","https://en.wikipedia.org/wiki/Ann_Arbor,_MI","Active",""
"Tau","1923","West Virginia State University","https://en.wikipedia.org/wiki/West_Virginia_State_University","Institute, WV","https://en.wikipedia.org/wiki/Institute,_WV","Active","Was originally West Virginia Collegiate Institute but in 1929 became West Virginia State College; in 2004 became West Virginia State University"
"Upsilon","1923","University of California, Los Angeles","https://en.wikipedia.org/wiki/University_of_California,_Los_Angeles","Los Angeles, CA","https://en.wikipedia.org/wiki/Los_Angeles,_CA","Active","and  are also a part of the Upsilon Chapter"
"Phi","1924","University at Buffalo","https://en.wikipedia.org/wiki/University_at_Buffalo","Buffalo, NY","https://en.wikipedia.org/wiki/Buffalo,_NY","Active","City-wide chapter. Includes"
"Chi","1924","Boston University","https://en.wikipedia.org/wiki/Boston_University","Boston, MA","https://en.wikipedia.org/wiki/Boston,_MA","Active",""
"Psi","1924","University of Minnesota","https://en.wikipedia.org/wiki/University_of_Minnesota","Minneapolis, MN","https://en.wikipedia.org/wiki/Minneapolis,_MN","Active",""
"Omega","1925","Drake University","https://en.wikipedia.org/wiki/Drake_University","Des Moines, IA","https://en.wikipedia.org/wiki/Des_Moines,_IA","Active","Collective chapter for Drake University &"
"Alpha Beta","1927","Wayne State University","https://en.wikipedia.org/wiki/Wayne_State_University","Detroit, MI","https://en.wikipedia.org/wiki/Detroit,_MI","Active","Was originally the College of the City of Detroit. In 1934 became Wayne University; in 1956 became Wayne State University"
"Alpha Gamma","1927","Virginia Union University","https://en.wikipedia.org/wiki/Virginia_Union_University","Richmond, VA","https://en.wikipedia.org/wiki/Richmond,_VA","Active",""
"Alpha Delta","1927","Fisk University","https://en.wikipedia.org/wiki/Fisk_University","Nashville, TN","https://en.wikipedia.org/wiki/Nashville,_TN","Active",""
"Alpha Epsilon","1927","Johnson C. Smith University","https://en.wikipedia.org/wiki/Johnson_C._Smith_University","Charlotte, NC","https://en.wikipedia.org/wiki/Charlotte,_NC","Active","Part of Middle Eastern Province; when chartered, came under Southeastern Province."
"Alpha Zeta","1928","Indiana State University","https://en.wikipedia.org/wiki/Indiana_State_University","Terre Haute, IN","https://en.wikipedia.org/wiki/Terre_Haute,_IN","Active",""
"Alpha Eta","1929","University of Nebraska Omaha","https://en.wikipedia.org/wiki/University_of_Nebraska_Omaha","Omaha, NE","https://en.wikipedia.org/wiki/Omaha,_NE","Active","Collective chapter for University of Nebraska Omaha & Creighton University"
"Alpha Theta","1931","Tennessee State University","https://en.wikipedia.org/wiki/Tennessee_State_University","Nashville, TN","https://en.wikipedia.org/wiki/Nashville,_TN","Active",""
"Alpha Iota","1931","Morgan State University","https://en.wikipedia.org/wiki/Morgan_State_University","Baltimore, MD","https://en.wikipedia.org/wiki/Baltimore,_MD","Active",""
"Alpha Kappa","1931","North Carolina Central University","https://en.wikipedia.org/wiki/North_Carolina_Central_University","Durham, NC","https://en.wikipedia.org/wiki/Durham,_NC","Active",""
"Alpha Lambda","1931","South Carolina State University","https://en.wikipedia.org/wiki/South_Carolina_State_University","Orangeburg, SC","https://en.wikipedia.org/wiki/Orangeburg,_SC","Active",""
"Alpha Mu","1932","Lincoln University","https://en.wikipedia.org/wiki/Lincoln_University_(Missouri)","Jefferson City, MO","https://en.wikipedia.org/wiki/Jefferson_City,_MO","Active","Replaced temporarily by the Rho Eta Chapter chartered in 2013. Reactivated in 2023."
"Alpha Nu","1933","North Carolina A&T State University","https://en.wikipedia.org/wiki/North_Carolina_A%26T_State_University","Greensboro, NC","https://en.wikipedia.org/wiki/Greensboro,_NC","Active",""
"Alpha Xi","1933","Florida A&M University","https://en.wikipedia.org/wiki/Florida_A%26M_University","Tallahassee, FL","https://en.wikipedia.org/wiki/Tallahassee,_FL","Active",""
"Alpha Omicron","1933","University of Louisville","https://en.wikipedia.org/wiki/University_of_Louisville","Louisville, KY","https://en.wikipedia.org/wiki/Louisville,_KY","Active","Originally chartered at  (1931-1951), this liberal arts college was established for African American students before desegregation, under the administration of the University of Louisville's Board of Trustees. The college closed after the Board of Trustees voted to desegregate UofL. In 1955, the charter was transferred to the UofL."
"Alpha Pi","1933","Langston University","https://en.wikipedia.org/wiki/Langston_University","Langston, OK","https://en.wikipedia.org/wiki/Langston,_OK","Active","Was originally the Colored Agricultural and Normal University but in 1941, became Langston University"
"Alpha Rho","1934","","","Chicago, IL","https://en.wikipedia.org/wiki/Chicago,_IL","Letters Retired","Illinois Institute of Technology was formed in 1940 by the merger of Armour Institute of Technology (founded in 1890) and Lewis Institute (founded in 1895). Replaced by the Kappa Phi Chapter chartered in 1981."
"Alpha Sigma","1935","Southern University","https://en.wikipedia.org/wiki/Southern_University","Baton Rouge, LA","https://en.wikipedia.org/wiki/Baton_Rouge,_LA","Active",""
"Alpha Tau","1935","Bluefield State University","https://en.wikipedia.org/wiki/Bluefield_State_University","Bluefield, WV","https://en.wikipedia.org/wiki/Bluefield,_WV","Active","Was originally Bluefield State Teachers College. In 1943 became Bluefield State College; in 2022 became Bluefield State University"
"Alpha Upsilon","1935","Kentucky State University","https://en.wikipedia.org/wiki/Kentucky_State_University","Frankfort, KY","https://en.wikipedia.org/wiki/Frankfort,_KY","Active","Was originally Kentucky State Industrial College for Colored Persons but in 1938 became Kentucky State College for Negroes. The term ""for Negroes"" was dropped in 1952. Kentucky State College became a university in 1972."
"Alpha Phi","1935","Virginia State University","https://en.wikipedia.org/wiki/Virginia_State_University","Petersburg, VA","https://en.wikipedia.org/wiki/Petersburg,_VA","Active",""
"Alpha Chi","1935","Wiley University","https://en.wikipedia.org/wiki/Wiley_University","Marshall, TX","https://en.wikipedia.org/wiki/Marshall,_TX","Active",""
"Alpha Psi","1936","Pittsburg State University","https://en.wikipedia.org/wiki/Pittsburg_State_University","","","Active","Was originally the Kansas State Teachers College of Pittsburg but in 1959 became Kansas State College of Pittsburg; in 1977 it became Pittsburg State University — also known as Pitt State or PSU."
"Alpha Omega","1936","Cleveland State University","https://en.wikipedia.org/wiki/Cleveland_State_University","Cleveland, OH","https://en.wikipedia.org/wiki/Cleveland,_OH","Active","Was originally chartered on the campus of  in 1936. The chapter was reactivated on the campus of Cleveland State University on November 20, 1971. This is where the charter is currently established. City wide chapter for Cleveland, OH which includes but is not limited to: Cleveland State University, Case Western Reserve University, John Carroll University, Notre Dame College and Ursuline College."
"Beta Beta","1937","Texas College","https://en.wikipedia.org/wiki/Texas_College","Tyler, TX","https://en.wikipedia.org/wiki/Tyler,_TX","Active",""
"Beta Gamma","1937","Dillard University","https://en.wikipedia.org/wiki/Dillard_University","New Orleans, LA","https://en.wikipedia.org/wiki/New_Orleans,_LA","Active",""
"Beta Delta","1937","Morris Brown College","https://en.wikipedia.org/wiki/Morris_Brown_College","Atlanta, GA","https://en.wikipedia.org/wiki/Atlanta,_GA","Active",""
"Beta Epsilon","1937","University of Pittsburgh","https://en.wikipedia.org/wiki/University_of_Pittsburgh","Pittsburgh, PA","https://en.wikipedia.org/wiki/Pittsburgh,_PA","Active",""
"Beta Zeta","1938","Alabama State University","https://en.wikipedia.org/wiki/Alabama_State_University","Montgomery, AL","https://en.wikipedia.org/wiki/Montgomery,_AL","Active",""
"Beta Eta","1939","University of Cincinnati","https://en.wikipedia.org/wiki/University_of_Cincinnati","Cincinnati, OH","https://en.wikipedia.org/wiki/Cincinnati,_OH","Active",""
"Beta Theta","1939","University of Colorado Boulder","https://en.wikipedia.org/wiki/University_of_Colorado_Boulder","Boulder, CO","https://en.wikipedia.org/wiki/Boulder,_CO","Active","Beta Theta was a ""hybrid"" chapter that included both undergraduate and alumni members until Denver Alumni was chartered fifteen years later."
"Beta Iota","1939","Xavier University of Louisiana","https://en.wikipedia.org/wiki/Xavier_University_of_Louisiana","New Orleans, LA","https://en.wikipedia.org/wiki/New_Orleans,_LA","Active",""
"Beta Kappa","1940","University of the District of Columbia","https://en.wikipedia.org/wiki/University_of_the_District_of_Columbia","","","Active",""
"Beta Lambda","1940","Lane College","https://en.wikipedia.org/wiki/Lane_College","Jackson, TN","https://en.wikipedia.org/wiki/Jackson,_TN","Active",""
"Beta Mu","1940","","","Memphis, TN","https://en.wikipedia.org/wiki/Memphis,_TN","Active",""
"Beta Nu","1942","Harris–Stowe State University","https://en.wikipedia.org/wiki/Harris%E2%80%93Stowe_State_University","St. Louis, MO","https://en.wikipedia.org/wiki/St._Louis,_MO","Active","City-wide chapter. Includes , , , ,"
"Beta Xi","1942","University of Toledo","https://en.wikipedia.org/wiki/University_of_Toledo","Toledo, OH","https://en.wikipedia.org/wiki/Toledo,_OH","Active",""
"Beta Omicron","1946","University of Wisconsin–Madison","https://en.wikipedia.org/wiki/University_of_Wisconsin%E2%80%93Madison","Madison, WI","https://en.wikipedia.org/wiki/Madison,_WI","Active",""
"Beta Pi","1946","Youngstown State University","https://en.wikipedia.org/wiki/Youngstown_State_University","Youngstown, OH","https://en.wikipedia.org/wiki/Youngstown,_OH","Inactive","Was originally Youngstown College but in 1955 became Youngstown University; in 1967 became Youngstown State University (YSU)"
"Beta Rho","1947","Allen University","https://en.wikipedia.org/wiki/Allen_University","Columbia, SC","https://en.wikipedia.org/wiki/Columbia,_SC","Active",""
"Beta Sigma","1947","Delaware State University","https://en.wikipedia.org/wiki/Delaware_State_University","Dover, DE","https://en.wikipedia.org/wiki/Dover,_DE","Letters Retired","Was originally Delaware State College but in 1993 became Delaware State University. Replaced by the Pi Eta Chapter chartered in 2007."
"Beta Tau","1947","Philander Smith University","https://en.wikipedia.org/wiki/Philander_Smith_University","Little Rock, AR","https://en.wikipedia.org/wiki/Little_Rock,_AR","Active",""
"Beta Upsilon","1947","Texas Southern University","https://en.wikipedia.org/wiki/Texas_Southern_University","Houston, TX","https://en.wikipedia.org/wiki/Houston,_TX","Active","Was originally Texas State University for Negroes but in 1951 became Texas Southern University"
"Beta Phi","1947","Knoxville College","https://en.wikipedia.org/wiki/Knoxville_College","Knoxville, TN","https://en.wikipedia.org/wiki/Knoxville,_TN","Active",""
"Beta Chi","1947","Hampton University","https://en.wikipedia.org/wiki/Hampton_University","Hampton, VA","https://en.wikipedia.org/wiki/Hampton,_VA","Active","Was originally Hampton Institute but in 1984 became Hampton University"
"Beta Psi","1947","Kansas State University","https://en.wikipedia.org/wiki/Kansas_State_University","Manhattan, KS","https://en.wikipedia.org/wiki/Manhattan,_KS","Active",""
"Beta Omega","1947","University of Southern California","https://en.wikipedia.org/wiki/University_of_Southern_California","Los Angeles, CA","https://en.wikipedia.org/wiki/Los_Angeles,_CA","Active","and  are also a part of the Beta Omega Chapter"
"Gamma Alpha","1947","University of California, Berkeley","https://en.wikipedia.org/wiki/University_of_California,_Berkeley","Berkeley, CA","https://en.wikipedia.org/wiki/Berkeley,_CA","Active","Collective chapter for UC Berkeley,  and"
"Gamma Beta","1948","Western Michigan University","https://en.wikipedia.org/wiki/Western_Michigan_University","Kalamazoo, MI","https://en.wikipedia.org/wiki/Kalamazoo,_MI","Active","Originally; Western State Normal School, today known as Western Michigan University. The Gamma Beta chapter was influential in the chartering of the Epsilon Tau Chapter Of Kappa Alpha Psi."
"Gamma Gamma","1948","Talladega College","https://en.wikipedia.org/wiki/Talladega_College","Talladega, AL","https://en.wikipedia.org/wiki/Talladega,_AL","Active",""
"Gamma Delta","1948","Livingstone College","https://en.wikipedia.org/wiki/Livingstone_College","Salisbury, NC","https://en.wikipedia.org/wiki/Salisbury,_NC","Active",""
"Gamma Epsilon","1948","Tuskegee University","https://en.wikipedia.org/wiki/Tuskegee_University","Tuskegee, AL","https://en.wikipedia.org/wiki/Tuskegee,_AL","Active","Was originally Tuskegee Institute but in 1985 became Tuskegee University"
"Gamma Zeta","1948","Fort Valley State University","https://en.wikipedia.org/wiki/Fort_Valley_State_University","Fort Valley, GA","https://en.wikipedia.org/wiki/Fort_Valley,_GA","Active","Was originally Fort Valley State College, but in 1996 became Fort Valley State University (FVSU)"
"Gamma Eta","1948","University of Washington","https://en.wikipedia.org/wiki/University_of_Washington","Seattle, WA","https://en.wikipedia.org/wiki/Seattle,_WA","Active",""
"Gamma Theta","1948","","","Daytona Beach, FL","https://en.wikipedia.org/wiki/Daytona_Beach,_FL","Active","Was originally Bethune-Cookman College but in 2007 became Bethune-Cookman University (BCU)"
"Gamma Iota","1948","Arizona State University","https://en.wikipedia.org/wiki/Arizona_State_University","Tempe, AZ","https://en.wikipedia.org/wiki/Tempe,_AZ","Active",""
"Gamma Kappa","1948","Clark Atlanta University","https://en.wikipedia.org/wiki/Clark_Atlanta_University","Atlanta, GA","https://en.wikipedia.org/wiki/Atlanta,_GA","Active","Was originally Clark College but in 1988 became Clark Atlanta University (CAU)"
"Gamma Lambda","1949","Huston–Tillotson University","https://en.wikipedia.org/wiki/Huston%E2%80%93Tillotson_University","Austin, TX","https://en.wikipedia.org/wiki/Austin,_TX","Active","In 1952 Tillotson College and Samuel Huston College merged to form Huston–Tillotson College; in 2005 became Huston–Tillotson University"
"Gamma Mu","1949","Benedict College","https://en.wikipedia.org/wiki/Benedict_College","Columbia, SC","https://en.wikipedia.org/wiki/Columbia,_SC","Active",""
"Gamma Nu","1949","Claflin University","https://en.wikipedia.org/wiki/Claflin_University","Orangeburg, SC","https://en.wikipedia.org/wiki/Orangeburg,_SC","Active",""
"Gamma Xi","1949","University of Maryland Eastern Shore","https://en.wikipedia.org/wiki/University_of_Maryland_Eastern_Shore","Princess Anne, MD","https://en.wikipedia.org/wiki/Princess_Anne,_MD","Letters Retired","Was originally Maryland State College but in 1970 became University of Maryland Eastern Shore (UMES). Replaced by the Pi Nu Chapter chartered in 2008."
"Gamma Omicron","1949","Saint Augustine's University","https://en.wikipedia.org/wiki/St._Augustine%27s_University_(North_Carolina)","Raleigh, NC","https://en.wikipedia.org/wiki/Raleigh,_NC","Active",""
"Gamma Pi","1949","Alcorn State University","https://en.wikipedia.org/wiki/Alcorn_State_University","Lorman, MS","https://en.wikipedia.org/wiki/Lorman,_MS","Active",""
"Gamma Rho","1949","Tougaloo College","https://en.wikipedia.org/wiki/Tougaloo_College","","","Active",""
"Gamma Sigma","1949","University of Arkansas at Pine Bluff","https://en.wikipedia.org/wiki/University_of_Arkansas_at_Pine_Bluff","Pine Bluff, AR","https://en.wikipedia.org/wiki/Pine_Bluff,_AR","Active",""
"Gamma Tau","1949","Kent State University","https://en.wikipedia.org/wiki/Kent_State_University","Kent, OH","https://en.wikipedia.org/wiki/Kent,_OH","Active",""
"Gamma Upsilon","1950","Southern Illinois University Carbondale","https://en.wikipedia.org/wiki/Southern_Illinois_University_Carbondale","Carbondale, IL","https://en.wikipedia.org/wiki/Carbondale,_IL","Active",""
"Gamma Phi","1950","Alabama A&M University","https://en.wikipedia.org/wiki/Alabama_A%26M_University","Huntsville, AL","https://en.wikipedia.org/wiki/Huntsville,_AL","Active",""
"Gamma Chi","1950","Savannah State University","https://en.wikipedia.org/wiki/Savannah_State_University","Savannah, GA","https://en.wikipedia.org/wiki/Savannah,_GA","Active","Was originally Savannah State College but in 1996 became Savannah State University"
"Gamma Psi","1950","Grambling State University","https://en.wikipedia.org/wiki/Grambling_State_University","Grambling, LA","https://en.wikipedia.org/wiki/Grambling,_LA","Active","Was originally Colored Industrial and Agricultural School (1901),  North Louisiana Agricultural and Industrial School (1905), Louisiana Negro Normal and Industrial Institute (1928), Grambling College (1946)."
"Gamma Omega","1950","","","","","Active","Was originally Cheyney Training School for Teachers but in 1951 became Cheyney State Teacher's College; in 1959 it became Cheyney State College; and, in 1983, Cheyney University of Pennsylvania;— commonly known as Cheyney University"
"Delta Alpha","1950","Portland State University","https://en.wikipedia.org/wiki/Portland_State_University","Portland, OR","https://en.wikipedia.org/wiki/Portland,_OR","Active","Includes (But not limited to) , , , ,  and"
"Delta Beta","1951","Syracuse University","https://en.wikipedia.org/wiki/Syracuse_University","Syracuse, NY","https://en.wikipedia.org/wiki/Syracuse,_NY","Active","and  are also a part of the Delta Beta chapter"
"Delta Gamma","1951","Shaw University","https://en.wikipedia.org/wiki/Shaw_University","Raleigh, NC","https://en.wikipedia.org/wiki/Raleigh,_NC","Active",""
"Delta Delta","1951","Jackson State University","https://en.wikipedia.org/wiki/Jackson_State_University","Jackson, MS","https://en.wikipedia.org/wiki/Jackson,_MS","Active",""
"Delta Epsilon","1951","San Diego State University","https://en.wikipedia.org/wiki/San_Diego_State_University","San Diego, CA","https://en.wikipedia.org/wiki/San_Diego,_CA","Active",""
"Delta Zeta","1952","Central State University","https://en.wikipedia.org/wiki/Central_State_University","Wilberforce, OH","https://en.wikipedia.org/wiki/Wilberforce,_OH","Active",""
"Delta Eta","1952","University of Pennsylvania","https://en.wikipedia.org/wiki/University_of_Pennsylvania","","","Active","Collective chapter for , , , , and"
"Delta Theta","1952","Pennsylvania State University","https://en.wikipedia.org/wiki/Pennsylvania_State_University","University Park, PA","https://en.wikipedia.org/wiki/University_Park,_PA","Active","Was originally Pennsylvania State College but in 1953 became Pennsylvania State University;— also known as Penn State or PSU"
"Delta Iota","1953","Ball State University","https://en.wikipedia.org/wiki/Ball_State_University","Muncie, IN","https://en.wikipedia.org/wiki/Muncie,_IN","Active",""
"Delta Kappa","1954","Marquette University","https://en.wikipedia.org/wiki/Marquette_University","Milwaukee, WI","https://en.wikipedia.org/wiki/Milwaukee,_WI","Active","This chapter also covers  and"
"Delta Lambda","1954","","","Lawrenceville, VA","https://en.wikipedia.org/wiki/Lawrenceville,_VA","Inactive","School ceased operations on June 30, 2013"
"Delta Mu","1955","Long Island University Brooklyn","https://en.wikipedia.org/wiki/LIU_Brooklyn","Brooklyn, NY","https://en.wikipedia.org/wiki/Brooklyn,_NY","Active",""
"Delta Nu","1955","Eastern Michigan University","https://en.wikipedia.org/wiki/Eastern_Michigan_University","Ypsilanti, MI","https://en.wikipedia.org/wiki/Ypsilanti,_MI","Active","Founded in 1849, Michigan State Normal College became Eastern Michigan University (EMU) in 1956."
"Delta Xi","1956","Albany State University","https://en.wikipedia.org/wiki/Albany_State_University","Albany, GA","https://en.wikipedia.org/wiki/Albany,_GA","Active","Was originally Albany State College but in 1996 became Albany State University"
"Delta Omicron","1956","University of Arizona","https://en.wikipedia.org/wiki/University_of_Arizona","Tucson, AZ","https://en.wikipedia.org/wiki/Tucson,_AZ","Active",""
"Delta Pi","1956","Michigan State University","https://en.wikipedia.org/wiki/Michigan_State_University","East Lansing, MI","https://en.wikipedia.org/wiki/East_Lansing,_MI","Active",""
"Delta Rho","1956","San Jose State University","https://en.wikipedia.org/wiki/San_Jose_State_University","San Jose, CA","https://en.wikipedia.org/wiki/San_Jose,_CA","Active","Was originally San Jose State College, then the school name was changed to California State University, San Jose, and finally, San Jose State University"
"Delta Sigma","1956","Bishop College","https://en.wikipedia.org/wiki/Bishop_College","Marshall, TX","https://en.wikipedia.org/wiki/Marshall,_TX","Inactive","Bishop College moved to Dallas in 1961; the college closed in 1988"
"Delta Tau","1957","Miles College","https://en.wikipedia.org/wiki/Miles_College","Birmingham, AL","https://en.wikipedia.org/wiki/Birmingham,_AL","Active",""
"Delta Upsilon","1958","Wichita State University","https://en.wikipedia.org/wiki/Wichita_State_University","Wichita, KS","https://en.wikipedia.org/wiki/Wichita,_KS","Active","Started out as the Municipal University of Wichita then became known as Wichita University (WU); in 1964 it became Wichita State University (WSU)"
"Delta Phi","1958","Indiana Institute of Technology","https://en.wikipedia.org/wiki/Indiana_Institute_of_Technology","Fort Wayne, IN","https://en.wikipedia.org/wiki/Fort_Wayne,_IN","Active",""
"Delta Chi","1960","Winston-Salem State University","https://en.wikipedia.org/wiki/Winston-Salem_State_University","Winston-Salem, NC","https://en.wikipedia.org/wiki/Winston-Salem,_NC","Active","Was originally Winston-Salem Teachers College but in 1969 became Winston-Salem State University"
"Delta Psi","1960","Edward Waters University","https://en.wikipedia.org/wiki/Edward_Waters_University","Jacksonville, FL","https://en.wikipedia.org/wiki/Jacksonville,_FL","Active",""
"Delta Omega","1961","University of Missouri","https://en.wikipedia.org/wiki/University_of_Missouri","Columbia, MO","https://en.wikipedia.org/wiki/Columbia,_MO","Active",""
"Epsilon Alpha","1961","Elizabeth City State University","https://en.wikipedia.org/wiki/Elizabeth_City_State_University","Elizabeth City, NC","https://en.wikipedia.org/wiki/Elizabeth_City,_NC","Active",""
"Epsilon Beta","1962","Fayetteville State University","https://en.wikipedia.org/wiki/Fayetteville_State_University","Fayetteville, NC","https://en.wikipedia.org/wiki/Fayetteville,_NC","Active",""
"Epsilon Gamma","1963","University of Central Oklahoma","https://en.wikipedia.org/wiki/University_of_Central_Oklahoma","Edmond, OK","https://en.wikipedia.org/wiki/Edmond,_OK","Active","Was originally Central State College but in 1971 became Central State University; in 1991 became University of Central Oklahoma (UCO)"
"Epsilon Delta","1962","Marshall University","https://en.wikipedia.org/wiki/Marshall_University","Huntington, WV","https://en.wikipedia.org/wiki/Huntington,_WV","Active",""
"Epsilon Epsilon","1963","Stillman College","https://en.wikipedia.org/wiki/Stillman_College","Tuscaloosa, AL","https://en.wikipedia.org/wiki/Tuscaloosa,_AL","Active",""
"Epsilon Zeta","1963","Norfolk State University","https://en.wikipedia.org/wiki/Norfolk_State_University","Norfolk, VA","https://en.wikipedia.org/wiki/Norfolk,_VA","Active",""
"Epsilon Eta","1963","Truman State University","https://en.wikipedia.org/wiki/Truman_State_University","Kirksville, MO","https://en.wikipedia.org/wiki/Kirksville,_MO","Active","Was originally Northeast Missouri State Teachers College but in 1968 became Northeast Missouri State College; in 1972 became Northeast Missouri State University; in 1996 became Truman State University"
"Epsilon Theta","1964","Idaho State University","https://en.wikipedia.org/wiki/Idaho_State_University","Pocatello, ID","https://en.wikipedia.org/wiki/Pocatello,_ID","Active",""
"Epsilon Iota","1965","University of Evansville","https://en.wikipedia.org/wiki/University_of_Evansville","Evansville, IN","https://en.wikipedia.org/wiki/Evansville,_IN","Active",""
"Epsilon Kappa","1965","California State University, Long Beach","https://en.wikipedia.org/wiki/California_State_University,_Long_Beach","Long Beach, CA","https://en.wikipedia.org/wiki/Long_Beach,_CA","Active","Was originally California State College at Long Beach but in 1968 became California State College, Long Beach; in 1972 became California State University, Long Beach (CSULB)"
"Epsilon Lambda","1966","Ohio University","https://en.wikipedia.org/wiki/Ohio_University","Athens, OH","https://en.wikipedia.org/wiki/Athens,_OH","Active",""
"Epsilon Mu","1966","Florida Memorial University","https://en.wikipedia.org/wiki/Florida_Memorial_University","Miami Gardens, FL","https://en.wikipedia.org/wiki/Miami_Gardens,_FL","Active","Was originally Florida Memorial College but in 2004 became Florida Memorial University"
"Epsilon Nu","1968","Southern University at New Orleans","https://en.wikipedia.org/wiki/Southern_University_at_New_Orleans","New Orleans, LA","https://en.wikipedia.org/wiki/New_Orleans,_LA","Active",""
"Epsilon Xi","1968","Northern Michigan University","https://en.wikipedia.org/wiki/Northern_Michigan_University","Marquette, MI","https://en.wikipedia.org/wiki/Marquette,_MI","Active",""
"Epsilon Omicron","1968","Northern Illinois University","https://en.wikipedia.org/wiki/Northern_Illinois_University","Dekalb, IL","https://en.wikipedia.org/wiki/Dekalb,_IL","Active",""
"Epsilon Pi","1968","West Texas A&M University","https://en.wikipedia.org/wiki/West_Texas_A%26M_University","Canyon, TX","https://en.wikipedia.org/wiki/Canyon,_TX","Active","Was originally West Texas State University but in 1990 became West Texas A&M University (WTAMU)"
"Epsilon Rho","1969","Western Kentucky University","https://en.wikipedia.org/wiki/Western_Kentucky_University","Bowling Green, KY","https://en.wikipedia.org/wiki/Bowling_Green,_KY","Active",""
"Epsilon Sigma","1969","Bowie State University","https://en.wikipedia.org/wiki/Bowie_State_University","Bowie, MD","https://en.wikipedia.org/wiki/Bowie,_MD","Active",""
"Epsilon Tau","1969","Ferris State University","https://en.wikipedia.org/wiki/Ferris_State_University","Big Rapids, MI","https://en.wikipedia.org/wiki/Big_Rapids,_MI","Active",""
"Epsilon Upsilon","1969","Northern Arizona University","https://en.wikipedia.org/wiki/Northern_Arizona_University","Flagstaff, AZ","https://en.wikipedia.org/wiki/Flagstaff,_AZ","Inactive",""
"Epsilon Phi","1969","McNeese State University","https://en.wikipedia.org/wiki/McNeese_State_University","Lake Charles, LA","https://en.wikipedia.org/wiki/Lake_Charles,_LA","Active",""
"Epsilon Chi","1970","West Virginia University","https://en.wikipedia.org/wiki/West_Virginia_University","Morgantown, WV","https://en.wikipedia.org/wiki/Morgantown,_WV","Active",""
"Epsilon Psi","1970","Paine College","https://en.wikipedia.org/wiki/Paine_College","Augusta, GA","https://en.wikipedia.org/wiki/Augusta,_GA","Active",""
"Epsilon Omega","1970","Voorhees University","https://en.wikipedia.org/wiki/Voorhees_University","Denmark, SC","https://en.wikipedia.org/wiki/Denmark,_SC","Active","Formerly Voorhees College, the institution changed its name to Voorhees University in 2022."
"Zeta Alpha","1970","Indiana University Northwest","https://en.wikipedia.org/wiki/Indiana_University_Northwest","Gary, IN","https://en.wikipedia.org/wiki/Gary,_IN","Active",""
"Zeta Beta","1970","Prairie View A&M University","https://en.wikipedia.org/wiki/Prairie_View_A%26M_University","Prairie View, TX","https://en.wikipedia.org/wiki/Prairie_View,_TX","Active",""
"Zeta Gamma","1970","Coppin State University","https://en.wikipedia.org/wiki/Coppin_State_University","Baltimore, MD","https://en.wikipedia.org/wiki/Baltimore,_MD","Active","Was originally Coppin State College but in 2004 became Coppin State University"
"Zeta Delta","1970","University of North Carolina at Charlotte","https://en.wikipedia.org/wiki/University_of_North_Carolina_at_Charlotte","Charlotte, NC","https://en.wikipedia.org/wiki/Charlotte,_NC","Active",""
"Zeta Epsilon","1970","University of South Carolina","https://en.wikipedia.org/wiki/University_of_South_Carolina","Columbia, SC","https://en.wikipedia.org/wiki/Columbia,_SC","Active",""
"Zeta Zeta","1970","Mississippi Valley State University","https://en.wikipedia.org/wiki/Mississippi_Valley_State_University","Itta Bena, MS","https://en.wikipedia.org/wiki/Itta_Bena,_MS","Active",""
"Zeta Eta","1971","","","California, PA","https://en.wikipedia.org/wiki/California,_PA","Active","Formerly known as California University of Pennsylvania, the institution merged in 2021 with two other universities to become part of Pennsylvania Western University."
"Zeta Theta","1971","Oklahoma State University","https://en.wikipedia.org/wiki/Oklahoma_State_University","Stillwater, OK","https://en.wikipedia.org/wiki/Stillwater,_OK","Active",""
"Zeta Iota","1971","University of Georgia","https://en.wikipedia.org/wiki/University_of_Georgia","Athens, GA","https://en.wikipedia.org/wiki/Athens,_GA","Active",""
"Zeta Kappa","1971","University of Tennessee at Martin","https://en.wikipedia.org/wiki/University_of_Tennessee_at_Martin","Martin, TN","https://en.wikipedia.org/wiki/Martin,_TN","Active",""
"Zeta Lambda","1971","Morehead State University","https://en.wikipedia.org/wiki/Morehead_State_University","Morehead, KY","https://en.wikipedia.org/wiki/Morehead,_KY","Active",""
"Zeta Mu","1971","Western Illinois University","https://en.wikipedia.org/wiki/Western_Illinois_University","Macomb, IL","https://en.wikipedia.org/wiki/Macomb,_IL","Active",""
"Zeta Nu","1971","Bowling Green State University","https://en.wikipedia.org/wiki/Bowling_Green_State_University","Bowling Green, OH","https://en.wikipedia.org/wiki/Bowling_Green,_OH","Active",""
"Zeta Xi","1971","Jarvis Christian University","https://en.wikipedia.org/wiki/Jarvis_Christian_University","Hawkins, TX","https://en.wikipedia.org/wiki/Hawkins,_TX","Active","Chartered originally at Jarvis Christian College, but in 2022 became Jarvis Christian University."
"Zeta Omicron","1972","Rust College","https://en.wikipedia.org/wiki/Rust_College","Holly Springs, MS","https://en.wikipedia.org/wiki/Holly_Springs,_MS","Active",""
"Zeta Pi","1972","Southern Illinois University Edwardsville","https://en.wikipedia.org/wiki/Southern_Illinois_University_Edwardsville","Edwardsville, IL","https://en.wikipedia.org/wiki/Edwardsville,_IL","Inactive",""
"Zeta Rho","1972","Northeastern State University","https://en.wikipedia.org/wiki/Northeastern_State_University","Tahlequah, OK","https://en.wikipedia.org/wiki/Tahlequah,_OK","Active","Was originally Northeastern State Normal School but in 1974 became Northeastern Oklahoma State University; in 1985 it became Northeastern State University"
"Zeta Sigma","1972","","","Concord, NC","https://en.wikipedia.org/wiki/Concord,_NC","Inactive",""
"Zeta Tau","1972","University of Central Missouri","https://en.wikipedia.org/wiki/University_of_Central_Missouri","Warrensburg, MO","https://en.wikipedia.org/wiki/Warrensburg,_MO","Active","Chartered originally at Central Missouri State University, but in 2006 became University of Central Missouri."
"Zeta Upsilon","1972","University of North Texas","https://en.wikipedia.org/wiki/University_of_North_Texas","Denton, TX","https://en.wikipedia.org/wiki/Denton,_TX","Inactive","Was originally North Texas State University but in 1989 became University of North Texas"
"Zeta Phi","1972","University of Florida","https://en.wikipedia.org/wiki/University_of_Florida","Gainesville, FL","https://en.wikipedia.org/wiki/Gainesville,_FL","Active",""
"Zeta Chi","1973","University of South Florida","https://en.wikipedia.org/wiki/University_of_South_Florida","Tampa, FL","https://en.wikipedia.org/wiki/Tampa,_FL","Active",""
"Zeta Psi","1973","Lamar University","https://en.wikipedia.org/wiki/Lamar_University","Beaumont, TX","https://en.wikipedia.org/wiki/Beaumont,_TX","Active",""
"Zeta Omega","1973","University of Oklahoma","https://en.wikipedia.org/wiki/University_of_Oklahoma","Norman, OK","https://en.wikipedia.org/wiki/Norman,_OK","Active",""
"Eta Alpha","1973","Eastern Kentucky University","https://en.wikipedia.org/wiki/Eastern_Kentucky_University","Richmond, KY","https://en.wikipedia.org/wiki/Richmond,_KY","Active",""
"Eta Beta","1973","Murray State University","https://en.wikipedia.org/wiki/Murray_State_University","Murray, KY","https://en.wikipedia.org/wiki/Murray,_KY","Active",""
"Eta Gamma","1973","Middle Tennessee State University","https://en.wikipedia.org/wiki/Middle_Tennessee_State_University","Murfreesboro, TN","https://en.wikipedia.org/wiki/Murfreesboro,_TN","Active",""
"Eta Delta","1974","The College of New Jersey","https://en.wikipedia.org/wiki/The_College_of_New_Jersey","Trenton, NJ","https://en.wikipedia.org/wiki/Trenton,_NJ","Active","Was originally Trenton State College but in 1996 became The College of New Jersey; Collective chapter for The College of New Jersey & Princeton University"
"Eta Epsilon","1974","Rutgers University–New Brunswick","https://en.wikipedia.org/wiki/Rutgers_University%E2%80%93New_Brunswick","New Brunswick, NJ","https://en.wikipedia.org/wiki/New_Brunswick,_NJ","Active",""
"Eta Zeta","1974","University of California, Riverside","https://en.wikipedia.org/wiki/University_of_California,_Riverside","Riverside, CA","https://en.wikipedia.org/wiki/Riverside,_CA","Active",""
"Eta Eta","1974","Kettering University","https://en.wikipedia.org/wiki/Kettering_University","Flint, MI","https://en.wikipedia.org/wiki/Flint,_MI","Active","Was originally the General Motors Institute but in 1982 became GMI Engineering & Management Institute; in 1998 became Kettering University"
"Eta Theta","1974","Columbus State University","https://en.wikipedia.org/wiki/Columbus_State_University","Columbus, GA","https://en.wikipedia.org/wiki/Columbus,_GA","Active","Was originally Columbus College but in 1996 became Columbus State University (CSU)"
"Eta Iota","1974","College of Charleston","https://en.wikipedia.org/wiki/College_of_Charleston","Charleston, SC","https://en.wikipedia.org/wiki/Charleston,_SC","Active",""
"Eta Kappa","1974","","","Canton, MO","https://en.wikipedia.org/wiki/Canton,_MO","Active",""
"Eta Lambda","1974","University of Houston","https://en.wikipedia.org/wiki/University_of_Houston","Houston, TX","https://en.wikipedia.org/wiki/Houston,_TX","Active",""
"Eta Mu","1974","Jacksonville State University","https://en.wikipedia.org/wiki/Jacksonville_State_University","Jacksonville, AL","https://en.wikipedia.org/wiki/Jacksonville,_AL","Active",""
"Eta Nu","1974","University of South Alabama","https://en.wikipedia.org/wiki/University_of_South_Alabama","Mobile, AL","https://en.wikipedia.org/wiki/Mobile,_AL","Active",""
"Eta Xi","1974","Virginia Commonwealth University","https://en.wikipedia.org/wiki/Virginia_Commonwealth_University","Richmond, VA","https://en.wikipedia.org/wiki/Richmond,_VA","Active",""
"Eta Omicron","1974","Cameron University","https://en.wikipedia.org/wiki/Cameron_University","Lawton, OK","https://en.wikipedia.org/wiki/Lawton,_OK","Active","Was originally Cameron State School of Agriculture but in 1971 became Cameron College; in 1974 became Cameron University."
"Eta Pi","1974","University of Louisiana at Monroe","https://en.wikipedia.org/wiki/University_of_Louisiana_at_Monroe","Monroe, LA","https://en.wikipedia.org/wiki/Monroe,_LA","Active","Chartered originally at Northeast Louisiana University, but in 1999 became University of Louisiana at Monroe."
"Eta Rho","1974","Central Michigan University","https://en.wikipedia.org/wiki/Central_Michigan_University","Mount Pleasant, MI","https://en.wikipedia.org/wiki/Mount_Pleasant,_MI","Active",""
"Eta Sigma","1974","University of Virginia","https://en.wikipedia.org/wiki/University_of_Virginia","Charlottesville, VA","https://en.wikipedia.org/wiki/Charlottesville,_VA","Active",""
"Eta Tau","1974","Texas A&M University–Kingsville","https://en.wikipedia.org/wiki/Texas_A%26M_University%E2%80%93Kingsville","Kingsville, TX","https://en.wikipedia.org/wiki/Kingsville,_TX","Active","Chartered originally at Texas A&I University but in 1993 became Texas A&M University–Kingsville"
"Eta Upsilon","1974","Mississippi State University","https://en.wikipedia.org/wiki/Mississippi_State_University","Starkville, MS","https://en.wikipedia.org/wiki/Starkville,_MS","Active","First Black Greek letter organization on the campus of a predominantly white institution in the state of Mississippi."
"Eta Phi","1975","East Texas A&M University","https://en.wikipedia.org/wiki/East_Texas_A%26M_University","Commerce, TX","https://en.wikipedia.org/wiki/Commerce,_TX","Active","Was originally East Texas State University but in 2024 became East Texas A&M University"
"Eta Chi","1975","University of Alabama","https://en.wikipedia.org/wiki/University_of_Alabama","Tuscaloosa, AL","https://en.wikipedia.org/wiki/Tuscaloosa,_AL","Active",""
"Eta Psi","1975","East Carolina University","https://en.wikipedia.org/wiki/East_Carolina_University","Greenville, NC","https://en.wikipedia.org/wiki/Greenville,_NC","Active",""
"Eta Omega","1975","Old Dominion University","https://en.wikipedia.org/wiki/Old_Dominion_University","Norfolk, VA","https://en.wikipedia.org/wiki/Norfolk,_VA","Active",""
"Theta Alpha","1975","Henderson State University","https://en.wikipedia.org/wiki/Henderson_State_University","Arkadelphia, AR","https://en.wikipedia.org/wiki/Arkadelphia,_AR","Active",""
"Theta Beta","1975","Austin Peay State University","https://en.wikipedia.org/wiki/Austin_Peay_State_University","Clarksville, TN","https://en.wikipedia.org/wiki/Clarksville,_TN","Active",""
"Theta Gamma","1975","Eastern Illinois University","https://en.wikipedia.org/wiki/Eastern_Illinois_University","Charleston, IL","https://en.wikipedia.org/wiki/Charleston,_IL","Active",""
"Theta Delta","1975","Auburn University","https://en.wikipedia.org/wiki/Auburn_University","Auburn, AL","https://en.wikipedia.org/wiki/Auburn,_AL","Active",""
"Theta Epsilon","1975","University of Arkansas at Little Rock","https://en.wikipedia.org/wiki/University_of_Arkansas_at_Little_Rock","Little Rock, AR","https://en.wikipedia.org/wiki/Little_Rock,_AR","Active",""
"Theta Zeta","1975","Chicago State University","https://en.wikipedia.org/wiki/Chicago_State_University","Chicago, IL","https://en.wikipedia.org/wiki/Chicago,_IL","Active",""
"Theta Eta","1975","Florida State University","https://en.wikipedia.org/wiki/Florida_State_University","Tallahassee, FL","https://en.wikipedia.org/wiki/Tallahassee,_FL","Active",""
"Theta Theta","1975","University of Maryland, College Park","https://en.wikipedia.org/wiki/University_of_Maryland,_College_Park","College Park, MD","https://en.wikipedia.org/wiki/College_Park,_MD","Active",""
"Theta Iota","1975","Massachusetts Institute of Technology","https://en.wikipedia.org/wiki/Massachusetts_Institute_of_Technology","Cambridge, MA","https://en.wikipedia.org/wiki/Cambridge,_MA","Active",""
"Theta Kappa","1975","University of West Georgia","https://en.wikipedia.org/wiki/University_of_West_Georgia","Carrollton, GA","https://en.wikipedia.org/wiki/Carrollton,_GA","Inactive","Was originally West Georgia College but in 2005 became the University of West Georgia"
"Theta Lambda","1975","","","Natchitoches, LA","https://en.wikipedia.org/wiki/Natchitoches,_LA","Active",""
"Theta Mu","1975","Arkansas State University","https://en.wikipedia.org/wiki/Arkansas_State_University","Jonesboro, AR","https://en.wikipedia.org/wiki/Jonesboro,_AR","Active",""
"Theta Nu","1975","University of Louisiana at Lafayette","https://en.wikipedia.org/wiki/University_of_Louisiana_at_Lafayette","Lafayette, LA","https://en.wikipedia.org/wiki/Lafayette,_LA","Active","Was originally University of Southwestern Louisiana but in 1999 became University of Louisiana at Lafayette"
"Theta Xi","1976","University of Texas at El Paso","https://en.wikipedia.org/wiki/University_of_Texas_at_El_Paso","El Paso, TX","https://en.wikipedia.org/wiki/El_Paso,_TX","Active",""
"Theta Omicron","1976","University of North Carolina","https://en.wikipedia.org/wiki/University_of_North_Carolina","Chapel Hill, NC","https://en.wikipedia.org/wiki/Chapel_Hill,_NC","Active",""
"Theta Pi","1976","Mercer University","https://en.wikipedia.org/wiki/Mercer_University","Macon, GA","https://en.wikipedia.org/wiki/Macon,_GA","Active",""
"Theta Rho","1976","Louisiana Tech University","https://en.wikipedia.org/wiki/Louisiana_Tech_University","Ruston, LA","https://en.wikipedia.org/wiki/Ruston,_LA","Letters Retired","Replaced by the Pi Delta Chapter chartered in 2007."
"Theta Sigma","1976","University of Nevada, Las Vegas","https://en.wikipedia.org/wiki/University_of_Nevada,_Las_Vegas","Las Vegas, NV","https://en.wikipedia.org/wiki/Las_Vegas,_NV","Active",""
"Theta Tau","1976","Howard University Graduate and Professional Schools","","","","Active","The second ""Intermediate Chapter"" in the fraternity. Composed of graduate and professional school students enrolled in programs at universities within the greater Washington, D.C. metropolitan area."
"Theta Upsilon","1976","University of North Alabama","https://en.wikipedia.org/wiki/University_of_North_Alabama","Florence, AL","https://en.wikipedia.org/wiki/Florence,_AL","Active",""
"Theta Phi","1976","Troy University","https://en.wikipedia.org/wiki/Troy_University","Troy, AL","https://en.wikipedia.org/wiki/Troy,_AL","Active","Chartered originally at Troy State University, but in 2005 became Troy University"
"Theta Chi","1976","University of Maryland, Baltimore County","https://en.wikipedia.org/wiki/University_of_Maryland,_Baltimore_County","Baltimore, MD","https://en.wikipedia.org/wiki/Baltimore,_MD","Active",""
"Theta Psi","1977","Virginia Tech","https://en.wikipedia.org/wiki/Virginia_Tech","Blacksburg, VA","https://en.wikipedia.org/wiki/Blacksburg,_VA","Active","Virginia Polytechnic Institute and State University (its official formal title; it is more frequently referred to using its alternative title Virginia Tech (VT), which the school authorized for official use in the early 1990s). Was originally a joint chapter with Radford University."
"Theta Omega","1977","New Mexico State University","https://en.wikipedia.org/wiki/New_Mexico_State_University","Las Cruces, NM","https://en.wikipedia.org/wiki/Las_Cruces,_NM","Active",""
"Iota Alpha","1977","University of Texas at Arlington","https://en.wikipedia.org/wiki/University_of_Texas_at_Arlington","Arlington, TX","https://en.wikipedia.org/wiki/Arlington,_TX","Inactive",""
"Iota Beta","1977","California State University, Sacramento","https://en.wikipedia.org/wiki/California_State_University,_Sacramento","Sacramento, CA","https://en.wikipedia.org/wiki/Sacramento,_CA","Active",""
"Iota Gamma","1977","University of Central Arkansas","https://en.wikipedia.org/wiki/University_of_Central_Arkansas","Conway, AR","https://en.wikipedia.org/wiki/Conway,_AR","Active",""
"Iota Delta","1977","University of Texas at Austin","https://en.wikipedia.org/wiki/University_of_Texas_at_Austin","Austin, TX","https://en.wikipedia.org/wiki/Austin,_TX","Active",""
"Iota Epsilon","1978","Montclair State University","https://en.wikipedia.org/wiki/Montclair_State_University","Upper Montclair, NJ","https://en.wikipedia.org/wiki/Upper_Montclair,_NJ","Inactive","Was originally Montclair State College but in 1994 became Montclair State University"
"Iota Zeta","1978","East Tennessee State University","https://en.wikipedia.org/wiki/East_Tennessee_State_University","Johnson City, TN","https://en.wikipedia.org/wiki/Johnson_City,_TN","Active",""
"Iota Eta","1978","West Virginia University Institute of Technology","https://en.wikipedia.org/wiki/West_Virginia_University_Institute_of_Technology","","","Active","Was originally West Virginia Institute of Technology but in 1996 became West Virginia University Institute of Technology (WVU Tech)"
"Iota Theta","1978","University of West Alabama","https://en.wikipedia.org/wiki/University_of_West_Alabama","Livingston, AL","https://en.wikipedia.org/wiki/Livingston,_AL","Active","Was originally Livingston University but in 1997 became University of West Alabama"
"Iota Iota","1978","Oregon State University","https://en.wikipedia.org/wiki/Oregon_State_University","Corvallis, OR","https://en.wikipedia.org/wiki/Corvallis,_OR","Active",""
"Iota Kappa","1978","Bradley University","https://en.wikipedia.org/wiki/Bradley_University","Peoria, IL","https://en.wikipedia.org/wiki/Peoria,_IL","Active",""
"Iota Lambda","1978","Lewis University","https://en.wikipedia.org/wiki/Lewis_University","Romeoville, IL","https://en.wikipedia.org/wiki/Romeoville,_IL","Active",""
"Iota Mu","1978","University of Dayton","https://en.wikipedia.org/wiki/University_of_Dayton","Dayton, OH","https://en.wikipedia.org/wiki/Dayton,_OH","Active",""
"Iota Nu","1979","Baldwin Wallace University","https://en.wikipedia.org/wiki/Baldwin_Wallace_University","Berea, OH","https://en.wikipedia.org/wiki/Berea,_OH","Inactive","Chartered originally at Baldwin–Wallace College, but in 2012 became Baldwin Wallace University. Chapter includes Oberlin College."
"Iota Xi","1979","Duke University","https://en.wikipedia.org/wiki/Duke_University","Durham, NC","https://en.wikipedia.org/wiki/Durham,_NC","Active",""
"Iota Omicron","1979","Hofstra University","https://en.wikipedia.org/wiki/Hofstra_University","","","Inactive",""
"Iota Pi","1978","Georgia Southern University","https://en.wikipedia.org/wiki/Georgia_Southern_University","Statesboro, GA","https://en.wikipedia.org/wiki/Statesboro,_GA","Letters Retired","Was originally Georgia Southern College but in 1990 became Georgia Southern University (GSU); Replaced by the Omicron Phi chapter chartered in 2005"
"Iota Rho","1979","Fordham University","https://en.wikipedia.org/wiki/Fordham_University","","","Inactive",""
"Iota Sigma","1979","University of California, Davis","https://en.wikipedia.org/wiki/University_of_California,_Davis","Davis, CA","https://en.wikipedia.org/wiki/Davis,_CA","Active",""
"Iota Tau","1979","University of Arkansas","https://en.wikipedia.org/wiki/University_of_Arkansas","Fayetteville, AR","https://en.wikipedia.org/wiki/Fayetteville,_AR","Active",""
"Iota Upsilon","1979","Texas Tech University","https://en.wikipedia.org/wiki/Texas_Tech_University","Lubbock, TX","https://en.wikipedia.org/wiki/Lubbock,_TX","Active",""
"Iota Phi","1978","Cornell University","https://en.wikipedia.org/wiki/Cornell_University","Ithaca, NY","https://en.wikipedia.org/wiki/Ithaca,_NY","Active",""
"Iota Chi","1979","University of Miami","https://en.wikipedia.org/wiki/University_of_Miami","Miami, FL","https://en.wikipedia.org/wiki/Miami,_FL","Active",""
"Iota Psi","1979","Salisbury University","https://en.wikipedia.org/wiki/Salisbury_University","Salisbury, MD","https://en.wikipedia.org/wiki/Salisbury,_MD","Active","Was originally Salisbury State College but in 2001 became Salisbury University"
"Iota Omega","1980","Missouri University of Science and Technology","https://en.wikipedia.org/wiki/Missouri_University_of_Science_and_Technology","Rolla, MO","https://en.wikipedia.org/wiki/Rolla,_MO","Active","Was originally University of Missouri-Rolla but in 2008 became Missouri University of Science and Technology"
"Kappa Alpha","1980","Illinois State University","https://en.wikipedia.org/wiki/Illinois_State_University","Normal, IL","https://en.wikipedia.org/wiki/Normal,_IL","Active",""
"Kappa Beta","1980","University of Memphis","https://en.wikipedia.org/wiki/University_of_Memphis","Memphis, TN","https://en.wikipedia.org/wiki/Memphis,_TN","Active","Was originally Memphis State University but in 1994 became University of Memphis"
"Kappa Gamma","1980","","","West Chester, PA","https://en.wikipedia.org/wiki/West_Chester,_PA","Active","Was originally West Chester State College but in 1983 became West Chester University of Pennsylvania (WCUPA)"
"Kappa Delta","1980","Miami University","https://en.wikipedia.org/wiki/Miami_University","Oxford, OH","https://en.wikipedia.org/wiki/Oxford,_OH","Active",""
"Kappa Epsilon","1980","Texas Christian University","https://en.wikipedia.org/wiki/Texas_Christian_University","Fort Worth, TX","https://en.wikipedia.org/wiki/Fort_Worth,_TX","Active",""
"Kappa Zeta","1980","Atlanta University-Graduate Division","","Atlanta, GA","https://en.wikipedia.org/wiki/Atlanta,_GA","Inactive","The third ""Intermediate Chapter"" in the fraternity. Composed of graduate and professional school students enrolled in programs at universities within the Atlanta metropolitan area. In 1998 Clark Atlanta University was formed by the consolidation of Atlanta University, which offered only graduate degrees, and Clark College, a four-year undergraduate institution oriented to the liberal arts."
"Kappa Eta","1980","University of Arkansas at Monticello","https://en.wikipedia.org/wiki/University_of_Arkansas_at_Monticello","Monticello, AR","https://en.wikipedia.org/wiki/Monticello,_AR","Active",""
"Kappa Theta","1980","Georgia State University","https://en.wikipedia.org/wiki/Georgia_State_University","Atlanta, GA","https://en.wikipedia.org/wiki/Atlanta,_GA","Inactive",""
"Kappa Iota","1980","University of Southern Mississippi","https://en.wikipedia.org/wiki/University_of_Southern_Mississippi","Hattiesburg, MS","https://en.wikipedia.org/wiki/Hattiesburg,_MS","Active",""
"Kappa Kappa","1980","University of Alabama at Birmingham","https://en.wikipedia.org/wiki/University_of_Alabama_at_Birmingham","Birmingham, AL","https://en.wikipedia.org/wiki/Birmingham,_AL","Active",""
"Kappa Lambda","1980","Clemson University","https://en.wikipedia.org/wiki/Clemson_University","Clemson, SC","https://en.wikipedia.org/wiki/Clemson,_SC","Active",""
"Kappa Mu","1980","State University of New York at New Paltz","https://en.wikipedia.org/wiki/State_University_of_New_York_at_New_Paltz","","","Active","Was originally State University of New York College of Arts and Science New Paltz but in 1994 became the State University of New York at New Paltz.  Although this chapter is chartered at SUNY New Paltz, it also includes the United States Military Academy at West Point, Marist College, Iona College, Mercy College and Pace University"
"Kappa Nu","1980","Sam Houston State University","https://en.wikipedia.org/wiki/Sam_Houston_State_University","Huntsville, TX","https://en.wikipedia.org/wiki/Huntsville,_TX","Letters Retired","Replaced by the Rho Pi Chapter chartered in 2019."
"Kappa Xi","1980","North Carolina State University","https://en.wikipedia.org/wiki/North_Carolina_State_University","Raleigh, NC","https://en.wikipedia.org/wiki/Raleigh,_NC","Active",""
"Kappa Omicron","1980","California State Polytechnic University, Pomona","https://en.wikipedia.org/wiki/California_State_Polytechnic_University,_Pomona","Pomona, CA","https://en.wikipedia.org/wiki/Pomona,_CA","Active","Chapter also includes  &"
"Kappa Pi","1980","Washington State University","https://en.wikipedia.org/wiki/Washington_State_University","Pullman, WA","https://en.wikipedia.org/wiki/Pullman,_WA","Active",""
"Kappa Rho","1981","","","Albany, NY","https://en.wikipedia.org/wiki/Albany,_NY","Active","Commonly known as the University at Albany or University at Albany, SUNY"
"Kappa Sigma","1981","Western Carolina University","https://en.wikipedia.org/wiki/Western_Carolina_University","Cullowhee, NC","https://en.wikipedia.org/wiki/Cullowhee,_NC","Active",""
"Kappa Tau","1981","University of Kentucky","https://en.wikipedia.org/wiki/University_of_Kentucky","Lexington, KY","https://en.wikipedia.org/wiki/Lexington,_KY","Active",""
"Kappa Upsilon","1981","Oakland University","https://en.wikipedia.org/wiki/Oakland_University","Rochester, MI","https://en.wikipedia.org/wiki/Rochester,_MI","Active",""
"Kappa Phi","1981","University of Illinois Chicago","https://en.wikipedia.org/wiki/University_of_Illinois_Chicago","Chicago, IL","https://en.wikipedia.org/wiki/Chicago,_IL","Active","Collective chapter for Chicago area colleges and universities except for Chicago State University, Northwestern University, and Loyola University."
"Kappa Chi","1981","American University","https://en.wikipedia.org/wiki/American_University","","","Active","Although chartered at American University, this chapter also covers , , and"
"Kappa Psi","1981","California State University, Chico","https://en.wikipedia.org/wiki/California_State_University,_Chico","Chico, CA","https://en.wikipedia.org/wiki/Chico,_CA","Active",""
"Kappa Omega","1981","","","Shippensburg, PA","https://en.wikipedia.org/wiki/Shippensburg,_PA","Active","Was originally Shippensburg State College, but in 1983 became Shippensburg University of Pennsylvania"
"Lambda Alpha","1981","Commonwealth University-Bloomsburg","https://en.wikipedia.org/wiki/Commonwealth_University-Bloomsburg","Bloomsburg, PA","https://en.wikipedia.org/wiki/Bloomsburg,_PA","Inactive","Was originally Bloomsburg State College, but in 1983 became Bloomsburg University of Pennsylvania. In 2022, Bloomsburg University, Lock Haven University, and Mansfield University merged, with each institution representing a campus of Commonwealth University of Pennsylvania."
"Lambda Beta","1982","University of California, Irvine","https://en.wikipedia.org/wiki/University_of_California,_Irvine","Orange County, CA","https://en.wikipedia.org/wiki/Orange_County,_CA","Active",""
"Lambda Gamma","1982","Winthrop University","https://en.wikipedia.org/wiki/Winthrop_University","Rock Hill, SC","https://en.wikipedia.org/wiki/Rock_Hill,_SC","Active","Was originally Winthrop College but in 1993 became Winthrop University"
"Lambda Delta","1982","","","Atlanta, GA","https://en.wikipedia.org/wiki/Atlanta,_GA","Active",""
"Lambda Epsilon","1982","Morris College","https://en.wikipedia.org/wiki/Morris_College","Sumter, SC","https://en.wikipedia.org/wiki/Sumter,_SC","Active",""
"Lambda Zeta","1982","Towson University","https://en.wikipedia.org/wiki/Towson_University","Towson, MD","https://en.wikipedia.org/wiki/Towson,_MD","Active","Was Towson State University but in 1997 became Towson University"
"Lambda Eta","1982","Indiana University Indianapolis","https://en.wikipedia.org/wiki/Indiana_University_Indianapolis","Indianapolis, IN","https://en.wikipedia.org/wiki/Indianapolis,_IN","Active","Was originally Indiana University–Purdue University Indianapolis but in 2024 became Indiana University Indianapolis. Citywide Chapter for Indianapolis schools. Includes IUI, Butler University, Marian University, Martin University and University of Indianapolis."
"Lambda Theta","1982","Texas State University","https://en.wikipedia.org/wiki/Texas_State_University","San Marcos, TX","https://en.wikipedia.org/wiki/San_Marcos,_TX","Active","Was originally Southwest Texas State University but in 2013 became Texas State University."
"Lambda Iota","1982","University of Tennessee at Chattanooga","https://en.wikipedia.org/wiki/University_of_Tennessee_at_Chattanooga","Chattanooga, TN","https://en.wikipedia.org/wiki/Chattanooga,_TN","Active",""
"Lambda Kappa","1982","Southern Arkansas University","https://en.wikipedia.org/wiki/Southern_Arkansas_University","Magnolia, AR","https://en.wikipedia.org/wiki/Magnolia,_AR","Active",""
"Lambda Lambda","1982","Paul Quinn College","https://en.wikipedia.org/wiki/Paul_Quinn_College","Dallas, TX","https://en.wikipedia.org/wiki/Dallas,_TX","Active","In 1990, the college moved from Waco to its current campus in Dallas which is located on the former campus of Bishop College"
"Lambda Mu","1983","Frostburg State University","https://en.wikipedia.org/wiki/Frostburg_State_University","Frostburg, MD","https://en.wikipedia.org/wiki/Frostburg,_MD","Active","Was originally Frostburg State College but in 1987 became Frostburg State University."
"Lambda Nu","1983","Stanford University","https://en.wikipedia.org/wiki/Stanford_University","Stanford, CA","https://en.wikipedia.org/wiki/Stanford,_CA","Active",""
"Lambda Xi","1983","Brown University","https://en.wikipedia.org/wiki/Brown_University","Providence, RI","https://en.wikipedia.org/wiki/Providence,_RI","Active",""
"Lambda Omicron","1983","University of New Orleans","https://en.wikipedia.org/wiki/University_of_New_Orleans","New Orleans, LA","https://en.wikipedia.org/wiki/New_Orleans,_LA","Active",""
"Lambda Pi","1983","University of Mississippi","https://en.wikipedia.org/wiki/University_of_Mississippi","Oxford, MS","https://en.wikipedia.org/wiki/Oxford,_MS","Active",""
"Lambda Rho","1983","Occidental College","https://en.wikipedia.org/wiki/Occidental_College","Los Angeles, CA","https://en.wikipedia.org/wiki/Los_Angeles,_CA","Active",""
"Lambda Sigma","1983","Nicholls State University","https://en.wikipedia.org/wiki/Nicholls_State_University","Thibodaux, LA","https://en.wikipedia.org/wiki/Thibodaux,_LA","Active",""
"Lambda Tau","1983","","","Millersville, PA","https://en.wikipedia.org/wiki/Millersville,_PA","Active","Was originally Millersvilles State College but in 1983 became Millersville University of Pennsylvania"
"Lambda Upsilon","1983","Indiana University of Pennsylvania","https://en.wikipedia.org/wiki/Indiana_University_of_Pennsylvania","Indiana, PA","https://en.wikipedia.org/wiki/Indiana,_PA","Active",""
"Lambda Phi","1983","Valdosta State University","https://en.wikipedia.org/wiki/Valdosta_State_University","Valdosta, GA","https://en.wikipedia.org/wiki/Valdosta,_GA","Active","Was originally Valdosta State College but in 1993 became Valdosta State University"
"Lambda Chi","1984","Florida Institute of Technology","https://en.wikipedia.org/wiki/Florida_Institute_of_Technology","Melbourne, FL","https://en.wikipedia.org/wiki/Melbourne,_FL","Active",""
"Lambda Psi","1984","Georgia Southwestern State University","https://en.wikipedia.org/wiki/Georgia_Southwestern_State_University","Americus, GA","https://en.wikipedia.org/wiki/Americus,_GA","Active","Was originally Georgia Southwestern College but in 1996 became Georgia Southwestern University"
"Lambda Omega","1984","University of Central Florida","https://en.wikipedia.org/wiki/University_of_Central_Florida","Orlando, FL","https://en.wikipedia.org/wiki/Orlando,_FL","Active",""
"Mu Alpha","1984","Emporia State University","https://en.wikipedia.org/wiki/Emporia_State_University","Emporia, KS","https://en.wikipedia.org/wiki/Emporia,_KS","Active",""
"Mu Beta","1984","","","East Stroudsburg, PA","https://en.wikipedia.org/wiki/East_Stroudsburg,_PA","Active",""
"Mu Gamma","1984","DeVry University","https://en.wikipedia.org/wiki/DeVry_University","Alpharetta, GA","https://en.wikipedia.org/wiki/Alpharetta,_GA","Inactive",""
"Mu Delta","1984","","","Brockport, NY","https://en.wikipedia.org/wiki/Brockport,_NY","Active",""
"Mu Epsilon","1985","Missouri State University","https://en.wikipedia.org/wiki/Missouri_State_University","Springfield, MO","https://en.wikipedia.org/wiki/Springfield,_MO","Active","Was originally Southwest Missouri State University but in 2005 became Missouri State University"
"Mu Zeta","1985","Southeast Missouri State University","https://en.wikipedia.org/wiki/Southeast_Missouri_State_University","Cape Girardeau, MO","https://en.wikipedia.org/wiki/Cape_Girardeau,_MO","Letters Retired",""
"Mu Eta","1985","Northwest Missouri State University","https://en.wikipedia.org/wiki/Northwest_Missouri_State_University","Maryville, MO","https://en.wikipedia.org/wiki/Maryville,_MO","Inactive",""
"Mu Theta","1985","Francis Marion University","https://en.wikipedia.org/wiki/Francis_Marion_University","Florence, SC","https://en.wikipedia.org/wiki/Florence,_SC","Active","Was originally Francis Marion College but in 1992 became Francis Marion University"
"Mu Iota","1985","University of North Carolina at Greensboro","https://en.wikipedia.org/wiki/University_of_North_Carolina_at_Greensboro","Greensboro, NC","https://en.wikipedia.org/wiki/Greensboro,_NC","Active",""
"Mu Kappa","1985","Binghamton University","https://en.wikipedia.org/wiki/Binghamton_University","Vestal, NY","https://en.wikipedia.org/wiki/Vestal,_NY","Active","Known as the State University of New York at Binghamton before 1992"
"Mu Lambda","1985","Weber State University","https://en.wikipedia.org/wiki/Weber_State_University","Ogden, UT","https://en.wikipedia.org/wiki/Ogden,_UT","Inactive",""
"Mu Mu","1985","George Mason University","https://en.wikipedia.org/wiki/George_Mason_University","","","Active","Originally under the Kappa Chi colony including American University, The Catholic University of America, Georgetown University, and George Washington University"
"Mu Nu","1985","University of North Carolina Wilmington","https://en.wikipedia.org/wiki/University_of_North_Carolina_Wilmington","Wilmington, NC","https://en.wikipedia.org/wiki/Wilmington,_NC","Active",""
"Mu Xi","1986","Wittenberg University","https://en.wikipedia.org/wiki/Wittenberg_University","Springfield, OH","https://en.wikipedia.org/wiki/Springfield,_OH","Active",""
"Mu Omicron","1986","State University of New York at Old Westbury","https://en.wikipedia.org/wiki/State_University_of_New_York_at_Old_Westbury","Old Westbury, NY","https://en.wikipedia.org/wiki/Old_Westbury,_NY","Active","In 2023, State University of New York College at Old Westbury gained status as a university, becoming the State University of New York at Old Westbury"
"Mu Pi","1986","St. John's University","https://en.wikipedia.org/wiki/St._John%27s_University_(New_York_City)","Jamaica, NY","https://en.wikipedia.org/wiki/Jamaica,_NY","Inactive","Originally the Delta Mu colony of LIU Brooklyn"
"Mu Rho","1986","","","Knoxville, TN","https://en.wikipedia.org/wiki/Knoxville,_TN","Active",""
"Mu Sigma","1986","Stephen F. Austin State University","https://en.wikipedia.org/wiki/Stephen_F._Austin_State_University","Nacogdoches, TX","https://en.wikipedia.org/wiki/Nacogdoches,_TX","Active",""
"Mu Tau","1986","Mars Hill University","https://en.wikipedia.org/wiki/Mars_Hill_University","Mars Hill, NC","https://en.wikipedia.org/wiki/Mars_Hill,_NC","Active","From 1859 to 2013 the school was called Mars Hill College; in August 2013 it officially changed its name to Mars Hill University"
"Mu Upsilon","1986","Appalachian State University","https://en.wikipedia.org/wiki/Appalachian_State_University","Boone, NC","https://en.wikipedia.org/wiki/Boone,_NC","Active",""
"Mu Phi","1986","","","Clarion, PA","https://en.wikipedia.org/wiki/Clarion,_PA","Active","Formerly known as Clarion University of Pennsylvania, the institution merged in 2021 with two other universities to become part of ."
"Mu Chi","1987","Dartmouth College","https://en.wikipedia.org/wiki/Dartmouth_College","Hanover, NH","https://en.wikipedia.org/wiki/Hanover,_NH","Inactive",""
"Mu Psi","1987","Georgia College & State University","https://en.wikipedia.org/wiki/Georgia_College_%26_State_University","Milledgeville, GA","https://en.wikipedia.org/wiki/Milledgeville,_GA","Active","Was chartered at Georgia College but in 1996 name changed to Georgia College & State University"
"Mu Omega","1987","Sonoma State University","https://en.wikipedia.org/wiki/Sonoma_State_University","Cotati, CA","https://en.wikipedia.org/wiki/Cotati,_CA","Active",""
"Nu Alpha","1987","Texas A&M University","https://en.wikipedia.org/wiki/Texas_A%26M_University","College Station, TX","https://en.wikipedia.org/wiki/College_Station,_TX","Active",""
"Nu Beta","1987","Southern Methodist University","https://en.wikipedia.org/wiki/Southern_Methodist_University","Dallas, TX","https://en.wikipedia.org/wiki/Dallas,_TX","Active",""
"Nu Gamma","1987","Yale University","https://en.wikipedia.org/wiki/Yale_University","New Haven, CT","https://en.wikipedia.org/wiki/New_Haven,_CT","Active",""
"Nu Delta","1987","Emory University","https://en.wikipedia.org/wiki/Emory_University","Atlanta, GA","https://en.wikipedia.org/wiki/Atlanta,_GA","Active",""
"Nu Epsilon","1987","","","Kansas City, MO","https://en.wikipedia.org/wiki/Kansas_City,_MO","Active",""
"Nu Zeta","1987","","","Edinboro, PA","https://en.wikipedia.org/wiki/Edinboro,_PA","Active","Formerly known as Edinboro University of Pennsylvania, the institution merged in 2021 with two other universities to become part of Pennsylvania Western University."
"Nu Eta","1988","Delta State University","https://en.wikipedia.org/wiki/Delta_State_University","Cleveland, MS","https://en.wikipedia.org/wiki/Cleveland,_MS","Active",""
"Nu Theta","1988","Elon University","https://en.wikipedia.org/wiki/Elon_University","Elon, NC","https://en.wikipedia.org/wiki/Elon,_NC","Active","Was originally Elon College but in 2001 became Elon University"
"Nu Iota","1988","Louisiana State University","https://en.wikipedia.org/wiki/Louisiana_State_University","Baton Rouge, LA","https://en.wikipedia.org/wiki/Baton_Rouge,_LA","Active",""
"Nu Kappa","1988","University of Northern Iowa","https://en.wikipedia.org/wiki/University_of_Northern_Iowa","Cedar Falls, IA","https://en.wikipedia.org/wiki/Cedar_Falls,_IA","Active",""
"Nu Lambda","1988","James Madison University","https://en.wikipedia.org/wiki/James_Madison_University","Harrisonburg, VA","https://en.wikipedia.org/wiki/Harrisonburg,_VA","Active",""
"Nu Mu","1988","University of Alabama in Huntsville","https://en.wikipedia.org/wiki/University_of_Alabama_in_Huntsville","Huntsville, AL","https://en.wikipedia.org/wiki/Huntsville,_AL","Active","Was a colony of the Gamma Phi chapter from 1981-1988."
"Nu Nu","1988","University of South Carolina Aiken","https://en.wikipedia.org/wiki/University_of_South_Carolina_Aiken","Aiken, SC","https://en.wikipedia.org/wiki/Aiken,_SC","Active",""
"Nu Xi","1989","University of Delaware","https://en.wikipedia.org/wiki/University_of_Delaware","Newark, DE","https://en.wikipedia.org/wiki/Newark,_DE","Active","Was originally a colony of the Beta Sigma Chapter at Delaware State University, from 1975 until 1988."
"Nu Omicron","1989","University of North Carolina at Pembroke","https://en.wikipedia.org/wiki/University_of_North_Carolina_at_Pembroke","Pembroke, NC","https://en.wikipedia.org/wiki/Pembroke,_NC","Active","Was originally Pembroke State University but in 1996 became The University of North Carolina at Pembroke"
"Nu Pi","1989","Rensselaer Polytechnic Institute","https://en.wikipedia.org/wiki/Rensselaer_Polytechnic_Institute","Troy, NY","https://en.wikipedia.org/wiki/Troy,_NY","Active",""
"Nu Rho","1989","Vanderbilt University","https://en.wikipedia.org/wiki/Vanderbilt_University","Nashville, TN","https://en.wikipedia.org/wiki/Nashville,_TN","Active",""
"Nu Sigma","1989","California State University, East Bay","https://en.wikipedia.org/wiki/California_State_University,_East_Bay","Hayward, CA","https://en.wikipedia.org/wiki/Hayward,_CA","Active","Was originally California State University, Hayward but in 2005 the name was changed to California State University, East Bay"
"Nu Tau","1989","University of Massachusetts Amherst","https://en.wikipedia.org/wiki/University_of_Massachusetts_Amherst","Amherst, MA","https://en.wikipedia.org/wiki/Amherst,_MA","Active","Collective chapter for University of Massachusetts Amherst and American International College"
"Nu Upsilon","1989","University of Michigan–Dearborn","https://en.wikipedia.org/wiki/University_of_Michigan%E2%80%93Dearborn","Dearborn, MI","https://en.wikipedia.org/wiki/Dearborn,_MI","Active",""
"Nu Phi","1989","Commonwealth University-Lock Haven","https://en.wikipedia.org/wiki/Commonwealth_University-Lock_Haven","Lock Haven, PA","https://en.wikipedia.org/wiki/Lock_Haven,_PA","Active","Formerly known as Lock Haven University, the institution merged in 2022 with Bloomsburg University and Mansfield University to form Commonwealth University of Pennsylvania, with each institution representing a campus of the new university."
"Nu Chi","1989","Wofford College","https://en.wikipedia.org/wiki/Wofford_College","Spartanburg, SC","https://en.wikipedia.org/wiki/Spartanburg,_SC","Active","Chapter originally included University of South Carolina Upstate and Limestone University. However, USC Upstate later chartered a new chapter, while Limestone University ceased operations in 2025."
"Nu Psi","1990","University of Connecticut","https://en.wikipedia.org/wiki/University_of_Connecticut","Storrs, CT","https://en.wikipedia.org/wiki/Storrs,_CT","Active",""
"Nu Omega","1990","Southeastern Louisiana University","https://en.wikipedia.org/wiki/Southeastern_Louisiana_University","Hammond, LA","https://en.wikipedia.org/wiki/Hammond,_LA","Active",""
"Xi Alpha","1990","Centenary College of Louisiana","https://en.wikipedia.org/wiki/Centenary_College_of_Louisiana","Shreveport, LA","https://en.wikipedia.org/wiki/Shreveport,_LA","Active","Collective chapter for Centenary College and Louisiana State University - Shreveport."
"Xi Beta","1990","","","Daytona Beach, FL","https://en.wikipedia.org/wiki/Daytona_Beach,_FL","Active",""
"Xi Gamma","1991","Rowan University","https://en.wikipedia.org/wiki/Rowan_University","","","Active","Collective chapter for Rowan University and ."
"Xi Delta","1991","Princeton University","https://en.wikipedia.org/wiki/Princeton_University","Princeton, NJ","https://en.wikipedia.org/wiki/Princeton,_NJ","Inactive",""
"Xi Epsilon","1991","University of Rochester","https://en.wikipedia.org/wiki/University_of_Rochester","Rochester, NY","https://en.wikipedia.org/wiki/Rochester,_NY","Active",""
"Xi Zeta","1991","New York Institute of Technology","https://en.wikipedia.org/wiki/New_York_Institute_of_Technology","","","Active",""
"Xi Eta","1992","Commonwealth University-Mansfield","https://en.wikipedia.org/wiki/Commonwealth_University-Mansfield","Mansfield, PA","https://en.wikipedia.org/wiki/Mansfield,_PA","Inactive","Formerly known as Mansfield University, the institution merged in 2022 with Bloomsburg University and Lock Haven University to form Commonwealth University of Pennsylvania, with each institution representing a campus of the new university."
"Xi Theta","1992","","","Williamsburg, VA","https://en.wikipedia.org/wiki/Williamsburg,_VA","Active",""
"Xi Iota","1992","Saginaw Valley State University","https://en.wikipedia.org/wiki/Saginaw_Valley_State_University","University Center, MI","https://en.wikipedia.org/wiki/University_Center,_MI","Active",""
"Xi Kappa","1992","Bucknell University","https://en.wikipedia.org/wiki/Bucknell_University","Lewisburg, PA","https://en.wikipedia.org/wiki/Lewisburg,_PA","Active",""
"Xi Lambda","1992","University of North Florida","https://en.wikipedia.org/wiki/University_of_North_Florida","Jacksonville, FL","https://en.wikipedia.org/wiki/Jacksonville,_FL","Active",""
"Xi Mu","1992","Wesley College","https://en.wikipedia.org/wiki/Wesley_College_(Delaware)","Dover, DE","https://en.wikipedia.org/wiki/Dover,_DE","Inactive","The school was acquired by Delaware State University (DSU) in 2021 and is now the DSU Downtown campus."
"Xi Nu","1992","Tennessee Technological University","https://en.wikipedia.org/wiki/Tennessee_Technological_University","Cookeville, TN","https://en.wikipedia.org/wiki/Cookeville,_TN","Active",""
"Xi Xi","1993","University of Akron","https://en.wikipedia.org/wiki/University_of_Akron","Akron, OH","https://en.wikipedia.org/wiki/Akron,_OH","Active",""
"Xi Omicron","1993","LIU Post","https://en.wikipedia.org/wiki/LIU_Post","Brookville, NY","https://en.wikipedia.org/wiki/Brookville,_NY","Active",""
"Xi Pi","1993","Newberry College","https://en.wikipedia.org/wiki/Newberry_College","Newberry, SC","https://en.wikipedia.org/wiki/Newberry,_SC","Active",""
"Xi Rho","1993","DePauw University","https://en.wikipedia.org/wiki/DePauw_University","Greencastle, IN","https://en.wikipedia.org/wiki/Greencastle,_IN","Active","Originally operated under the Alpha chapter of Indiana University, before gaining its own charter. Collective chapter for DePauw University and Wabash College."
"Xi Sigma","1994","Baylor University","https://en.wikipedia.org/wiki/Baylor_University","Waco, TX","https://en.wikipedia.org/wiki/Waco,_TX","Active",""
"Xi Tau","1995","Wright State University","https://en.wikipedia.org/wiki/Wright_State_University","Dayton, OH","https://en.wikipedia.org/wiki/Dayton,_OH","Active",""
"Xi Upsilon","1995","University of Montevallo","https://en.wikipedia.org/wiki/University_of_Montevallo","Montevallo, AL","https://en.wikipedia.org/wiki/Montevallo,_AL","Active",""
"Xi Phi","1996","University of Nevada, Reno","https://en.wikipedia.org/wiki/University_of_Nevada,_Reno","Reno, NV","https://en.wikipedia.org/wiki/Reno,_NV","Active",""
"Xi Psi","1996","University of the Virgin Islands","https://en.wikipedia.org/wiki/University_of_the_Virgin_Islands","","","Active",""
"Xi Omega","1998","Furman University","https://en.wikipedia.org/wiki/Furman_University","Greenville, SC","https://en.wikipedia.org/wiki/Greenville,_SC","Active","From 1994 to 1998 operated at Furman University campus under the Gamma Nu chapter of Claflin College, before gaining its own charter.  During the 1970s several students at Furman were made at the Zeta Epsilon chapter of the University of South Carolina."
"Omicron Alpha","1998","Samford University","https://en.wikipedia.org/wiki/Samford_University","Homewood, AL","https://en.wikipedia.org/wiki/Homewood,_AL","Active",""
"Omicron Beta","1999","Georgia Southern University–Armstrong Campus","https://en.wikipedia.org/wiki/Georgia_Southern_University%E2%80%93Armstrong_Campus","Savannah, GA","https://en.wikipedia.org/wiki/Savannah,_GA","Active","In 2018, Armstrong State University merged with Georgia Southern University."
"Omicron Gamma","1999","Florida Atlantic University","https://en.wikipedia.org/wiki/Florida_Atlantic_University","Boca Raton, FL","https://en.wikipedia.org/wiki/Boca_Raton,_FL","Active",""
"Omicron Delta","1999","Jacksonville University","https://en.wikipedia.org/wiki/Jacksonville_University","Jacksonville, FL","https://en.wikipedia.org/wiki/Jacksonville,_FL","Active",""
"Omicron Epsilon","1999","Christian Brothers University","https://en.wikipedia.org/wiki/Christian_Brothers_University","Memphis, TN","https://en.wikipedia.org/wiki/Memphis,_TN","Active",""
"Omicron Zeta","1999","Colorado State University","https://en.wikipedia.org/wiki/Colorado_State_University","Fort Collins, CO","https://en.wikipedia.org/wiki/Fort_Collins,_CO","Active","Includes Denver Metropolitan area colleges."
"Omicron Eta","1999","Florida Southern College","https://en.wikipedia.org/wiki/Florida_Southern_College","Lakeland, FL","https://en.wikipedia.org/wiki/Lakeland,_FL","Inactive",""
"Omicron Theta","2000","Michigan Technological University","https://en.wikipedia.org/wiki/Michigan_Technological_University","Houghton, MI","https://en.wikipedia.org/wiki/Houghton,_MI","Active",""
"Omicron Iota","2001","Kennesaw State University","https://en.wikipedia.org/wiki/Kennesaw_State_University","Kennesaw, GA","https://en.wikipedia.org/wiki/Kennesaw,_GA","Active",""
"Omicron Kappa","2001","Lehigh University","https://en.wikipedia.org/wiki/Lehigh_University","","","Active","Originally established as a colony of Kappa Gamma in 1987, the Omicron Kappa chapter was charted in 2001 at Lehigh University"
"Omicron Lambda","2001","Auburn University at Montgomery","https://en.wikipedia.org/wiki/Auburn_University_at_Montgomery","Montgomery, AL","https://en.wikipedia.org/wiki/Montgomery,_AL","Active",""
"Omicron Mu","2001","Charleston Southern University","https://en.wikipedia.org/wiki/Charleston_Southern_University","Charleston, SC","https://en.wikipedia.org/wiki/Charleston,_SC","Active",""
"Omicron Nu","2001","Lander University","https://en.wikipedia.org/wiki/Lander_University","Greenwood, SC","https://en.wikipedia.org/wiki/Greenwood,_SC","Active",""
"Omicron Xi","2002","","","Houston, TX","https://en.wikipedia.org/wiki/Houston,_TX","Active",""
"Omicron Omicron","2002","Millsaps College","https://en.wikipedia.org/wiki/Millsaps_College","Jackson, MS","https://en.wikipedia.org/wiki/Jackson,_MS","Active",""
"Omicron Pi","2002","","","Colorado Springs, CO","https://en.wikipedia.org/wiki/Colorado_Springs,_CO","Active","Chapter also includes the , , and"
"Omicron Rho","2003","Midwestern State University","https://en.wikipedia.org/wiki/Midwestern_State_University","Wichita Falls, TX","https://en.wikipedia.org/wiki/Wichita_Falls,_TX","Active",""
"Omicron Sigma","2004","Wake Forest University","https://en.wikipedia.org/wiki/Wake_Forest_University","Winston-Salem, NC","https://en.wikipedia.org/wiki/Winston-Salem,_NC","Active",""
"Omicron Tau","2004","University of Texas at San Antonio","https://en.wikipedia.org/wiki/University_of_Texas_at_San_Antonio","San Antonio, TX","https://en.wikipedia.org/wiki/San_Antonio,_TX","Active",""
"Omicron Upsilon","2005","Loyola University New Orleans","https://en.wikipedia.org/wiki/Loyola_University_New_Orleans","New Orleans, LA","https://en.wikipedia.org/wiki/New_Orleans,_LA","Active",""
"Omicron Phi","2005","Georgia Southern University","https://en.wikipedia.org/wiki/Georgia_Southern_University","Statesboro, GA","https://en.wikipedia.org/wiki/Statesboro,_GA","Active","Formerly, the Iota Pi chapter (chartered 1978) was chartered at Georgia Southern College, later Georgia Southern University."
"Omicron Chi","2005","Florida International University","https://en.wikipedia.org/wiki/Florida_International_University","Miami, FL","https://en.wikipedia.org/wiki/Miami,_FL","Active",""
"Omicron Psi","2005","Florida Gulf Coast University","https://en.wikipedia.org/wiki/Florida_Gulf_Coast_University","Fort Myers, FL","https://en.wikipedia.org/wiki/Fort_Myers,_FL","Active",""
"Omicron Omega","2005","Clayton State University","https://en.wikipedia.org/wiki/Clayton_State_University","Morrow, GA","https://en.wikipedia.org/wiki/Morrow,_GA","Active",""
"Pi Alpha","2005","University of California, Santa Barbara","https://en.wikipedia.org/wiki/University_of_California,_Santa_Barbara","Santa Barbara, CA","https://en.wikipedia.org/wiki/Santa_Barbara,_CA","Active",""
"Pi Beta","2006","California State University, Fresno","https://en.wikipedia.org/wiki/California_State_University,_Fresno","Fresno, CA","https://en.wikipedia.org/wiki/Fresno,_CA","Active",""
"Pi Gamma","2006","Coastal Carolina University","https://en.wikipedia.org/wiki/Coastal_Carolina_University","Conway, SC","https://en.wikipedia.org/wiki/Conway,_SC","Active",""
"Pi Delta","2006","Louisiana Tech University","https://en.wikipedia.org/wiki/Louisiana_Tech_University","Ruston, LA","https://en.wikipedia.org/wiki/Ruston,_LA","Active","Formerly, the Theta Rho Chapter (chartered 1976)."
"Pi Epsilon","2006","Tulane University","https://en.wikipedia.org/wiki/Tulane_University","New Orleans, LA","https://en.wikipedia.org/wiki/New_Orleans,_LA","Inactive",""
"Pi Zeta","2006","Grand Valley State University","https://en.wikipedia.org/wiki/Grand_Valley_State_University","Allendale, MI","https://en.wikipedia.org/wiki/Allendale,_MI","Active",""
"Pi Eta","2007","Delaware State University","https://en.wikipedia.org/wiki/Delaware_State_University","Dover, DE","https://en.wikipedia.org/wiki/Dover,_DE","Active","Originally was the Beta Sigma Chapter, (chartered in 1947) until its letters were retired. Formerly, a part of the Xi Mu Chapter (established there in 1998)."
"Pi Theta","2007","High Point University","https://en.wikipedia.org/wiki/High_Point_University","High Point, NC","https://en.wikipedia.org/wiki/High_Point,_NC","Active",""
"Pi Iota","2007","Southern Polytechnic State University","https://en.wikipedia.org/wiki/Southern_Polytechnic_State_University","Marietta, GA","https://en.wikipedia.org/wiki/Marietta,_GA","Letters Retired","School closed and merged with Kennesaw State University.  Chapter letters retired and all new initiates are officially Omicron Iota."
"Pi Kappa","2008","Barry University","https://en.wikipedia.org/wiki/Barry_University","Miami, FL","https://en.wikipedia.org/wiki/Miami,_FL","Active",""
"Pi Lambda","2008","Arkansas Baptist College","https://en.wikipedia.org/wiki/Arkansas_Baptist_College","Little Rock, AR","https://en.wikipedia.org/wiki/Little_Rock,_AR","Active",""
"Pi Mu","2008","Davidson College","https://en.wikipedia.org/wiki/Davidson_College","Davidson, NC","https://en.wikipedia.org/wiki/Davidson,_NC","Active",""
"Pi Nu","2008","University of Maryland Eastern Shore","https://en.wikipedia.org/wiki/University_of_Maryland_Eastern_Shore","Princess Anne, MD","https://en.wikipedia.org/wiki/Princess_Anne,_MD","Active","Formerly, the Gamma Xi Chapter (chartered 1949) was based at Maryland State College, later University of Maryland Eastern Shore."
"Pi Xi","2009","Augusta State University","https://en.wikipedia.org/wiki/Augusta_State_University","Augusta, GA","https://en.wikipedia.org/wiki/Augusta,_GA","Active",""
"Pi Omicron","2009","University of South Carolina Upstate","https://en.wikipedia.org/wiki/University_of_South_Carolina_Upstate","Spartanburg, SC","https://en.wikipedia.org/wiki/Spartanburg,_SC","Active",""
"Pi Pi","2009","Northern Kentucky University","https://en.wikipedia.org/wiki/Northern_Kentucky_University","Highland Heights, KY","https://en.wikipedia.org/wiki/Highland_Heights,_KY","Active",""
"Pi Rho","2009","Stony Brook University","https://en.wikipedia.org/wiki/Stony_Brook_University","Stony Brook, NY","https://en.wikipedia.org/wiki/Stony_Brook,_NY","Active",""
"Pi Sigma","2009","Rutgers University–Newark","https://en.wikipedia.org/wiki/Rutgers_University%E2%80%93Newark","Newark, NJ","https://en.wikipedia.org/wiki/Newark,_NJ","Active",""
"Pi Tau","2009","Seton Hall University","https://en.wikipedia.org/wiki/Seton_Hall_University","South Orange, NJ","https://en.wikipedia.org/wiki/South_Orange,_NJ","Active",""
"Pi Upsilon","2010","Arkansas Tech University","https://en.wikipedia.org/wiki/Arkansas_Tech_University","Russellville, AR","https://en.wikipedia.org/wiki/Russellville,_AR","Inactive",""
"Pi Phi","2010","Nova Southeastern University","https://en.wikipedia.org/wiki/Nova_Southeastern_University","Fort Lauderdale, FL","https://en.wikipedia.org/wiki/Fort_Lauderdale,_FL","Active",""
"Pi Chi","2010","Huntingdon College","https://en.wikipedia.org/wiki/Huntingdon_College","Montgomery, AL","https://en.wikipedia.org/wiki/Montgomery,_AL","Active",""
"Pi Psi","2010","Penn State Harrisburg","https://en.wikipedia.org/wiki/Penn_State_Harrisburg","Harrisburg, PA","https://en.wikipedia.org/wiki/Harrisburg,_PA","Active",""
"Pi Omega","2010","","","Whitewater, WI","https://en.wikipedia.org/wiki/Whitewater,_WI","Active",""
"Rho Alpha","2011","New Jersey City University","https://en.wikipedia.org/wiki/New_Jersey_City_University","Jersey City, NJ","https://en.wikipedia.org/wiki/Jersey_City,_NJ","Active",""
"Rho Beta","2011","California State University, Monterey Bay","https://en.wikipedia.org/wiki/California_State_University,_Monterey_Bay","Seaside, CA","https://en.wikipedia.org/wiki/Seaside,_CA","Active",""
"Rho Gamma","2012","University of Bridgeport","https://en.wikipedia.org/wiki/University_of_Bridgeport","Bridgeport, CT","https://en.wikipedia.org/wiki/Bridgeport,_CT","Active","Metro chapter covering the following schools: University of Bridgeport (Primary location), University of New Haven, Southern Connecticut State University, Yale University and Quinnipiac University."
"Rho Delta","2012","Chowan University","https://en.wikipedia.org/wiki/Chowan_University","Murfreesboro, NC","https://en.wikipedia.org/wiki/Murfreesboro,_NC","Active",""
"Rho Epsilon","2013","","","Kutztown, PA","https://en.wikipedia.org/wiki/Kutztown,_PA","Active",""
"Rho Zeta","2013","Methodist University","https://en.wikipedia.org/wiki/Methodist_University","Fayetteville, NC","https://en.wikipedia.org/wiki/Fayetteville,_NC","Active",""
"Rho Eta","2013","Lincoln University","https://en.wikipedia.org/wiki/Lincoln_University_(Missouri)","Jefferson City, MO","https://en.wikipedia.org/wiki/Jefferson_City,_MO","Inactive","Formerly, the Alpha Mu Chapter. The Alpha Mu chapter was reactivated in 2023."
"Rho Theta","2014","Radford University","https://en.wikipedia.org/wiki/Radford_University","Radford, VA","https://en.wikipedia.org/wiki/Radford,_VA","Active",""
"Rho Iota","2016","University of New Mexico","https://en.wikipedia.org/wiki/University_of_New_Mexico","Albuquerque, NM","https://en.wikipedia.org/wiki/Albuquerque,_NM","Active",""
"Rho Kappa","2016","Virginia University of Lynchburg","https://en.wikipedia.org/wiki/Virginia_University_of_Lynchburg","Lynchburg, VA","https://en.wikipedia.org/wiki/Lynchburg,_VA","Active","Formerly, the Nu Lambda Colony. Includes Liberty University, Averett University, Hampden–Sydney College and Eastern Mennonite University."
"Rho Lambda","2018","University of West Florida","https://en.wikipedia.org/wiki/University_of_West_Florida","Pensacola, FL","https://en.wikipedia.org/wiki/Pensacola,_FL","Active","Formerly, the Eta Nu Colony."
"Rho Mu","2018","University of the Bahamas","https://en.wikipedia.org/wiki/University_of_the_Bahamas","","","Active","The first international undergraduate chapter"
"Rho Nu","2018","Rutgers University–Camden","https://en.wikipedia.org/wiki/Rutgers_University%E2%80%93Camden","Camden, NJ","https://en.wikipedia.org/wiki/Camden,_NJ","Active","Formerly, a part of the Xi Gamma colony."
"Rho Xi","2018","Rider University","https://en.wikipedia.org/wiki/Rider_University","Lawrenceville, NJ","https://en.wikipedia.org/wiki/Lawrenceville,_NJ","Active","Formerly, a part of Eta Delta Chapter."
"Rho Omicron","2018","Xavier University","https://en.wikipedia.org/wiki/Xavier_University","Cincinnati, OH","https://en.wikipedia.org/wiki/Cincinnati,_OH","Active","Formerly, a part of Beta Eta Chapter."
"Rho Pi","2019","Sam Houston State University","https://en.wikipedia.org/wiki/Sam_Houston_State_University","Huntsville, TX","https://en.wikipedia.org/wiki/Huntsville,_TX","Active","Formerly, Kappa Nu Chapter (chartered 1980)."
"Rho Rho","2019","Cumberland University","https://en.wikipedia.org/wiki/Cumberland_University","Lebanon, TN","https://en.wikipedia.org/wiki/Lebanon,_TN","Active","Formerly, the Xi Nu Colony."
"Rho Sigma","2019","Georgetown College","https://en.wikipedia.org/wiki/Georgetown_College","Georgetown, KY","https://en.wikipedia.org/wiki/Georgetown,_KY","Active","Formerly, the Alpha Upsilon Colony."
"Rho Tau","2019","Valparaiso University","https://en.wikipedia.org/wiki/Valparaiso_University","Valparaiso, IN","https://en.wikipedia.org/wiki/Valparaiso,_IN","Active",""
"Rho Upsilon","2019","Johns Hopkins University","https://en.wikipedia.org/wiki/Johns_Hopkins_University","Baltimore, MD","https://en.wikipedia.org/wiki/Baltimore,_MD","Active","Formerly, the Zeta Gamma Colony 1970 - 2015, Formerly the Lambda Zeta Colony 2016 - 2019"
"Rho Phi","2023","Widener University","https://en.wikipedia.org/wiki/Widener_University","Chester, PA","https://en.wikipedia.org/wiki/Chester,_PA","Active","Formerly, the Kappa Gamma Colony"
"Rho Chi","2023","Central Connecticut State University","https://en.wikipedia.org/wiki/Central_Connecticut_State_University","New Britain, CT","https://en.wikipedia.org/wiki/New_Britain,_CT","Active",""
"Rho Psi","2025","Southeast Missouri State University","https://en.wikipedia.org/wiki/Southeast_Missouri_State_University","Cape Girardeau, MO","https://en.wikipedia.org/wiki/Cape_Girardeau,_MO","Active","Formerly, Mu Zeta Chapter (chartered 1985)."