"reference","reference href","cite-bracket","cite-bracket 2","mw-heading","mw-editsection-bracket","mw-editsection href","mw-editsection","mw-editsection-bracket 2","headerSort","headerSort 2","headerSort 3","headerSort 4","headerSort 5","unsortable","unsortable 2","fn","vcard","category","note","fn 2","mw-redirect 2","mw-redirect href 2","category 2","fn 3","vcard 4","mw-redirect 3","mw-redirect href 3","category 3","fn 4","mw-redirect 4","mw-redirect href 4","fn 5","vcard 8","mw-redirect 6","mw-redirect href 6","category 5","fn 6","vcard 9","category 6","reference 2","reference href 2","cite-bracket 3","cite-bracket 4","fn 7","vcard 11","mw-redirect 7","mw-redirect href 7","reference 3","reference href 3","fn 8","vcard 13","mw-redirect 8","mw-redirect href 8","category 8","fn 9","vcard 15","mw-redirect 9","mw-redirect href 9","fn 10","vcard 17","mw-redirect 10","mw-redirect href 10","fn 11","vcard 19","mw-redirect 11","mw-redirect href 11","fn 12","mw-redirect 12","mw-redirect href 12","fn 13","mw-redirect 13","mw-redirect href 13","fn 14","vcard 25","mw-redirect 15","mw-redirect href 15","category 14","fn 15","vcard 26","mw-redirect 16","mw-redirect href 16","category 15","fn 16","mw-redirect 18","mw-redirect href 18","fn 17","vcard 28","mw-redirect 19","mw-redirect href 19","fn 18","mw-redirect 20","mw-redirect href 20","category 18","fn 19","vcard 32","mw-redirect 21","mw-redirect href 21","fn 20","vcard 34","mw-redirect 22","mw-redirect href 22","fn 21","mw-redirect 23","mw-redirect href 23","category 21","fn 22","vcard 38","mw-redirect 24","mw-redirect href 24","category 22","fn 23","vcard 40","vcard 41","mw-redirect 25","mw-redirect href 25","category 23","fn 24","vcard 42","vcard 43","mw-redirect 26","mw-redirect href 26","category 24","fn 25","vcard 44","mw-redirect 28","mw-redirect href 28","category 25","fn 26","mw-redirect 29","mw-redirect href 29","category 26","fn 27","vcard 46","mw-redirect 30","mw-redirect href 30","fn 28","vcard 48","mw-redirect 31","mw-redirect href 31","fn 29","vcard 50","mw-redirect 32","mw-redirect href 32","category 29","fn 30","vcard 52","mw-redirect 33","mw-redirect href 33","category 30","fn 31","vcard 54","mw-redirect 35","mw-redirect href 35","fn 32","vcard 55","mw-redirect 36","mw-redirect href 36","fn 33","vcard 57","mw-redirect 38","mw-redirect href 38","fn 34","mw-redirect 39","mw-redirect href 39","category 34","fn 35","fn 36","category 36","fn 37","mw-redirect 41","mw-redirect href 41","category 37","fn 38","mw-redirect 43","mw-redirect href 43","category 38","mw-redirect 45","mw-redirect href 45","mw-redirect 47","mw-redirect href 47","mw-redirect 48","mw-redirect href 48"
"","","","","","","","","","","","","","","","","","","","","","","","","","","","","","","","","","","","","","","","","","","","","","","","","","","","","","","","","","","","","","","","","","","","","","","","","","","","","","","","","","","","","","","","","","","","","","","","","","","","","","","","","","","","","","","","","","","","","","","","","","","","","","","","","","","","","","","","","","","","","","","","","","","","","","","","","","","","","","","","","","","","","","","","","","","","","","","","","","","","","","",""
"1","https://en.wikipedia.org/wiki/List_of_Phi_Beta_Sigma_chapters#cite_note-1","[","]","","","","","","","","","","","","","","","","","","","","","","","","","","","","","","","","","","","","","","","","","","","","","","","","","","","","","","","","","","","","","","","","","","","","","","","","","","","","","","","","","","","","","","","","","","","","","","","","","","","","","","","","","","","","","","","","","","","","","","","","","","","","","","","","","","","","","","","","","","","","","","","","","","","","","","","","","","","","","","","","","","","","","","","","","","","","","","","","","","",""
"","","","","Regions","[","https://en.wikipedia.org/w/index.php?title=List_of_Phi_Beta_Sigma_chapters&action=edit&section=1","edit","]","","","","","","","","","","","","","","","","","","","","","","","","","","","","","","","","","","","","","","","","","","","","","","","","","","","","","","","","","","","","","","","","","","","","","","","","","","","","","","","","","","","","","","","","","","","","","","","","","","","","","","","","","","","","","","","","","","","","","","","","","","","","","","","","","","","","","","","","","","","","","","","","","","","","","","","","","","","","","","","","","","","","","","","","","","","","","",""
"","","","","","","","","","","","","","","","","","","","","","","","","","","","","","","","","","","","","","","","","","","","","","","","","","","","","","","","","","","","","","","","","","","","","","","","","","","","","","","","","","","","","","","","","","","","","","","","","","","","","","","","","","","","","","","","","","","","","","","","","","","","","","","","","","","","","","","","","","","","","","","","","","","","","","","","","","","","","","","","","","","","","","","","","","","","","","","","","","","","","","",""
"","","","","","","","","","","","","","","","","","","","","","","","","","","","","","","","","","","","","","","","","","","","","","","","","","","","","","","","","","","","","","","","","","","","","","","","","","","","","","","","","","","","","","","","","","","","","","","","","","","","","","","","","","","","","","","","","","","","","","","","","","","","","","","","","","","","","","","","","","","","","","","","","","","","","","","","","","","","","","","","","","","","","","","","","","","","","","","","","","","","","","",""
"","","","","","","","","","","","","","","","","","","","","","","","","","","","","","","","","","","","","","","","","","","","","","","","","","","","","","","","","","","","","","","","","","","","","","","","","","","","","","","","","","","","","","","","","","","","","","","","","","","","","","","","","","","","","","","","","","","","","","","","","","","","","","","","","","","","","","","","","","","","","","","","","","","","","","","","","","","","","","","","","","","","","","","","","","","","","","","","","","","","","","",""
"","","","","Eastern","[","https://en.wikipedia.org/w/index.php?title=List_of_Phi_Beta_Sigma_chapters&action=edit&section=2","edit","]","","","","","","","","","","","","","","","","","","","","","","","","","","","","","","","","","","","","","","","","","","","","","","","","","","","","","","","","","","","","","","","","","","","","","","","","","","","","","","","","","","","","","","","","","","","","","","","","","","","","","","","","","","","","","","","","","","","","","","","","","","","","","","","","","","","","","","","","","","","","","","","","","","","","","","","","","","","","","","","","","","","","","","","","","","","","","",""
"","","","","","","","","","","","","","","","","","","","","","","","","","","","","","","","","","","","","","","","","","","","","","","","","","","","","","","","","","","","","","","","","","","","","","","","","","","","","","","","","","","","","","","","","","","","","","","","","","","","","","","","","","","","","","","","","","","","","","","","","","","","","","","","","","","","","","","","","","","","","","","","","","","","","","","","","","","","","","","","","","","","","","","","","","","","","","","","","","","","","","",""
"","","","","Collegiate chapters","[","https://en.wikipedia.org/w/index.php?title=List_of_Phi_Beta_Sigma_chapters&action=edit&section=3","edit","]","","","","","","","","","","","","","","","","","","","","","","","","","","","","","","","","","","","","","","","","","","","","","","","","","","","","","","","","","","","","","","","","","","","","","","","","","","","","","","","","","","","","","","","","","","","","","","","","","","","","","","","","","","","","","","","","","","","","","","","","","","","","","","","","","","","","","","","","","","","","","","","","","","","","","","","","","","","","","","","","","","","","","","","","","","","","","",""
"2","https://en.wikipedia.org/wiki/List_of_Phi_Beta_Sigma_chapters#cite_note-auto-2","[","]","","","","","","Name","Charter date and range","Institution","Location","Status","Notes","Ref.","Alpha","April 15, 1914","Active","The first established chapter of Phi Beta Sigma","Beta","Marshall, TX","https://en.wikipedia.org/wiki/Marshall,_TX","Active","Gamma","November 10, 1916","Baltimore, MD","https://en.wikipedia.org/wiki/Baltimore,_MD","Active","Alpha Alpha Alpha","Petersburg, VA","https://en.wikipedia.org/wiki/Petersburg,_VA","Alpha Alpha Gamma","1990","Lock Haven, PA","https://en.wikipedia.org/wiki/Lock_Haven,_PA","Active","Alpha Alpha Iota","1993","Active","3","https://en.wikipedia.org/wiki/List_of_Phi_Beta_Sigma_chapters#cite_note-NYSigmaLinks-3","[","]","Alpha Alpha Xi","1990","Binghamton, NY","https://en.wikipedia.org/wiki/Binghamton,_NY","3","https://en.wikipedia.org/wiki/List_of_Phi_Beta_Sigma_chapters#cite_note-NYSigmaLinks-3","Alpha Alpha Pi","1991","Newport News, VA","https://en.wikipedia.org/wiki/Newport_News,_VA","Active","Alpha Alpha Tau","December 6, 1993","Providence, RI","https://en.wikipedia.org/wiki/Providence,_RI","Alpha Alpha Phi","December 30, 1993","Brooklyn, NY","https://en.wikipedia.org/wiki/Brooklyn,_NY","Alpha Alpha Psi","May 6, 1994","Dover, DE","https://en.wikipedia.org/wiki/Dover,_DE","Alpha Beta Epsilon","Smithfield, RI","https://en.wikipedia.org/wiki/Smithfield,_RI","Alpha Delta","Harlem, NY","https://en.wikipedia.org/wiki/Harlem,_NY","Alpha Zeta Alpha","June 7, 1995","Slippery Rock, PA","https://en.wikipedia.org/wiki/Slippery_Rock,_PA","Active","Alpha Theta","1948","Institute, WV","https://en.wikipedia.org/wiki/Institute,_WV","Active","Alpha Iota","Bluefield, WV","https://en.wikipedia.org/wiki/Bluefield,_WV","Alpha Mu","1935","Princess Anne, MD","https://en.wikipedia.org/wiki/Princess_Anne,_MD","Alpha Mu Alpha","Swarthmore, PA","https://en.wikipedia.org/wiki/Swarthmore,_PA","Active","Alpha Nu Alpha","April 15, 1996","South Orange, NJ","https://en.wikipedia.org/wiki/South_Orange,_NJ","Alpha Omicron","1935","Columbia, SC","https://en.wikipedia.org/wiki/Columbia,_SC","Alpha Pi Alpha","Moon Township, PA","https://en.wikipedia.org/wiki/Moon_Township,_PA","Active","Alpha Chi Alpha","1998","Philadelphia, PA","https://en.wikipedia.org/wiki/Philadelphia,_PA","Active","Beta Alpha","1935","Boston Citywide","Boston, MA","https://en.wikipedia.org/wiki/Boston,_MA","Active","Beta Delta","1945","Texas Southern University","Houston, TX","https://en.wikipedia.org/wiki/Houston,_TX","Active","Beta Beta Pi","2006","Oneonta, NY","https://en.wikipedia.org/wiki/Oneonta,_NY","Active","Beta Beta Chi","Middletown, CT","https://en.wikipedia.org/wiki/Middletown,_CT","Active","Beta Beta Psi","2007","Amherst, MA","https://en.wikipedia.org/wiki/Amherst,_MA","Beta Gamma","1947","Hampton, VA","https://en.wikipedia.org/wiki/Hampton,_VA","Beta Iota","1940","Buffalo, NY","https://en.wikipedia.org/wiki/Buffalo,_NY","Active","Beta Lambda","1948","Brooklyn, NY","https://en.wikipedia.org/wiki/Brooklyn,_NY","Active","Beta Xi","February 28, 1948","Raleigh, NC","https://en.wikipedia.org/wiki/Raleigh,_NC","Gamma","November 1916","Baltimore, MD","https://en.wikipedia.org/wiki/Baltimore,_MD","Gamma Alpha Rho","2011","Shippensburg, PA","https://en.wikipedia.org/wiki/Shippensburg,_PA","Gamma Alpha Tau","West Haven, CT","https://en.wikipedia.org/wiki/West_Haven,_CT","Active","Gamma Alpha Phi","Gamma Alpha Psi","Active","Gamma Beta Alpha","Selinsgrove, PA","https://en.wikipedia.org/wiki/Selinsgrove,_PA","Active","Gamma Sigma Gamma","Plattsburgh, NY","https://en.wikipedia.org/wiki/Plattsburgh,_NY","Active","Chester County, PA","https://en.wikipedia.org/wiki/Chester_County,_PA","Dartmouth, MA","https://en.wikipedia.org/wiki/Dartmouth,_MA","Dover, DE","https://en.wikipedia.org/wiki/Dover,_DE"
"","","","","Alumni chapters","[","https://en.wikipedia.org/w/index.php?title=List_of_Phi_Beta_Sigma_chapters&action=edit&section=4","edit","]","","","","","","","","","","","","","","","","","","","","","","","","","","","","","","","","","","","","","","","","","","","","","","","","","","","","","","","","","","","","","","","","","","","","","","","","","","","","","","","","","","","","","","","","","","","","","","","","","","","","","","","","","","","","","","","","","","","","","","","","","","","","","","","","","","","","","","","","","","","","","","","","","","","","","","","","","","","","","","","","","","","","","","","","","","","","","",""
"11","https://en.wikipedia.org/wiki/List_of_Phi_Beta_Sigma_chapters#cite_note-11","[","]","","","","","","Name","Charter date and range","Institution","Location","Status","Notes","Ref.","Alpha Sigma","1915","Active","The first established Alumni Chapter","Alpha Alpha Eta Sigma","Virginia Beach, VA","https://en.wikipedia.org/wiki/Virginia_Beach,_VA","Active","Alpha Kappa Sigma","1940","Petersburg, VA","https://en.wikipedia.org/wiki/Petersburg,_VA","Active","Beta Sigma","Norfolk, VA","https://en.wikipedia.org/wiki/Norfolk,_VA","Beta Upsilon Sigma","1950","Monrovia, Liberia","https://en.wikipedia.org/wiki/Monrovia,_Liberia","Active","Beta Psi Sigma","1952","Active","12","https://en.wikipedia.org/wiki/List_of_Phi_Beta_Sigma_chapters#cite_note-12","[","]","Gamma Nu Sigma","1956","Westchester County NY","https://en.wikipedia.org/wiki/Westchester_County_NY","13","https://en.wikipedia.org/wiki/List_of_Phi_Beta_Sigma_chapters#cite_note-International-13","Gamma Rho Sigma","1956","Geneva, Switzerland","https://en.wikipedia.org/wiki/Geneva,_Switzerland","Active","Delta Gamma Sigma","","Queens, NY","https://en.wikipedia.org/wiki/Queens,_NY","Delta Iota Sigma","1987","Long Island, NY","https://en.wikipedia.org/wiki/Long_Island,_NY","Delta Pi Sigma","1964","Dover, DE","https://en.wikipedia.org/wiki/Dover,_DE","Epsilon Alpha Sigma","New Haven, CT","https://en.wikipedia.org/wiki/New_Haven,_CT","Epsilon Iota Sigma","Hartford, CT","https://en.wikipedia.org/wiki/Hartford,_CT","Epsilon Nu Sigma","1972","St. Thomas, Virgin Islands","https://en.wikipedia.org/wiki/St._Thomas,_Virgin_Islands","Active","Epsilon Pi Sigma","","St. Croix, Virgin Islands","https://en.wikipedia.org/wiki/St._Croix,_Virgin_Islands","Inactive","Epsilon Sigma","Baltimore County, MD","https://en.wikipedia.org/wiki/Baltimore_County,_MD","Zeta Rho Sigma","1978","Harlem, NY","https://en.wikipedia.org/wiki/Harlem,_NY","Zeta Sigma","Camden County, NJ","https://en.wikipedia.org/wiki/Camden_County,_NJ","Active","Zeta Alpha Sigma","1976","Baltimore, MD","https://en.wikipedia.org/wiki/Baltimore,_MD","Zeta Kappa Sigma","1977","Metropolitan Boston","https://en.wikipedia.org/wiki/Metropolitan_Boston","Zeta Lambda Sigma","Charleston, WV","https://en.wikipedia.org/wiki/Charleston,_WV","Inactive","Zeta Chi Sigma","1978","Prince George's County, MD","https://en.wikipedia.org/wiki/Prince_George%27s_County,_MD","Active","Zeta Psi Sigma","","1920","Washington, D.C. metropolitan area","https://en.wikipedia.org/wiki/Washington,_D.C._metropolitan_area","Active","Eta Gamma Sigma","1984","1923","Syracuse, NY","https://en.wikipedia.org/wiki/Syracuse,_NY","Active","Eta Phi Sigma","1984","Lagos, Nigeria","https://en.wikipedia.org/wiki/Lagos,_Nigeria","Active","Theta Sigma","Jersey City, NJ","https://en.wikipedia.org/wiki/Jersey_City,_NJ","Active","Theta Tau Sigma","1983","Buffalo, NY","https://en.wikipedia.org/wiki/Buffalo,_NY","Iota Gamma Sigma","1985","Richmond, VA","https://en.wikipedia.org/wiki/Richmond,_VA","Iota Sigma","","Brooklyn, NY","https://en.wikipedia.org/wiki/Brooklyn,_NY","Active","Kappa Beta Sigma","1928","Fayetteville, AR","https://en.wikipedia.org/wiki/Fayetteville,_AR","Active","Kappa Upsilon Sigma","1996","Suffolk County, NY","https://en.wikipedia.org/wiki/Suffolk_County,_NY","Kappa Omega Sigma","1999","Nassau County, NY","https://en.wikipedia.org/wiki/Nassau_County,_NY","Lambda Lambda Sigma","2001","Long Island, NY","https://en.wikipedia.org/wiki/Long_Island,_NY","Phi Sigma","Albany, NY","https://en.wikipedia.org/wiki/Albany,_NY","Active","Mu Delta Sigma","Mu Iota Sigma","Active","Nu Sigma","Philadelphia, PA","https://en.wikipedia.org/wiki/Philadelphia,_PA","Active","Omicron Delta Sigma","Prince William County, VA","https://en.wikipedia.org/wiki/Prince_William_County,_VA","Active","Cecil County, MD","https://en.wikipedia.org/wiki/Cecil_County,_MD","Chester County, PA","https://en.wikipedia.org/wiki/Chester_County,_PA","Montgomery County, PA","https://en.wikipedia.org/wiki/Montgomery_County,_PA"
"","","","","Great Lakes","[","https://en.wikipedia.org/w/index.php?title=List_of_Phi_Beta_Sigma_chapters&action=edit&section=5","edit","]","","","","","","","","","","","","","","","","","","","","","","","","","","","","","","","","","","","","","","","","","","","","","","","","","","","","","","","","","","","","","","","","","","","","","","","","","","","","","","","","","","","","","","","","","","","","","","","","","","","","","","","","","","","","","","","","","","","","","","","","","","","","","","","","","","","","","","","","","","","","","","","","","","","","","","","","","","","","","","","","","","","","","","","","","","","","","",""
"","","","","","","","","","","","","","","","","","","","","","","","","","","","","","","","","","","","","","","","","","","","","","","","","","","","","","","","","","","","","","","","","","","","","","","","","","","","","","","","","","","","","","","","","","","","","","","","","","","","","","","","","","","","","","","","","","","","","","","","","","","","","","","","","","","","","","","","","","","","","","","","","","","","","","","","","","","","","","","","","","","","","","","","","","","","","","","","","","","","","","",""
"","","","","Collegiate chapters","[","https://en.wikipedia.org/w/index.php?title=List_of_Phi_Beta_Sigma_chapters&action=edit&section=6","edit","]","","","","","","","","","","","","","","","","","","","","","","","","","","","","","","","","","","","","","","","","","","","","","","","","","","","","","","","","","","","","","","","","","","","","","","","","","","","","","","","","","","","","","","","","","","","","","","","","","","","","","","","","","","","","","","","","","","","","","","","","","","","","","","","","","","","","","","","","","","","","","","","","","","","","","","","","","","","","","","","","","","","","","","","","","","","","","",""
"32","https://en.wikipedia.org/wiki/List_of_Phi_Beta_Sigma_chapters#cite_note-IllinoisSigmas-32","[","]","","","","","","Name","Charter date and range","Institution","Location","Status","Notes","Ref.","Alpha Alpha","1927","Active","This chapter includes , , and","Alpha Alpha Beta","Wilberforce, OH","https://en.wikipedia.org/wiki/Wilberforce,_OH","Active","Alpha Alpha Kappa","1993","Chicago, IL","https://en.wikipedia.org/wiki/Chicago,_IL","Inactive","Alpha Alpha Nu","Waterloo, IA","https://en.wikipedia.org/wiki/Waterloo,_IA","Alpha Beta Kappa","April 24th, 2000","Morehead, KY","https://en.wikipedia.org/wiki/Morehead,_KY","Active","Alpha Beta Mu","February 4, 2000","Active","32","https://en.wikipedia.org/wiki/List_of_Phi_Beta_Sigma_chapters#cite_note-IllinoisSigmas-32","[","]","Alpha Beta Omicron","Indianapolis Citywide","Oxford, OH","https://en.wikipedia.org/wiki/Oxford,_OH","33","https://en.wikipedia.org/wiki/List_of_Phi_Beta_Sigma_chapters#cite_note-33","Alpha Beta Rho","April 28, 2000","Dayton, OH","https://en.wikipedia.org/wiki/Dayton,_OH","Active","Alpha Epsilon Alpha","April 15, 1995","Elmhurst, IL","https://en.wikipedia.org/wiki/Elmhurst,_IL","Alpha Rho Alpha","","Highland Heights, KY","https://en.wikipedia.org/wiki/Highland_Heights,_KY","Beta Beta Xi","2005","Indianapolis, IN","https://en.wikipedia.org/wiki/Indianapolis,_IN","Beta Nu","Gary, IN","https://en.wikipedia.org/wiki/Gary,_IN","Gamma Alpha Iota","Louisville, KY","https://en.wikipedia.org/wiki/Louisville,_KY","Gamma Alpha Omicron","2010","Cleveland, OH","https://en.wikipedia.org/wiki/Cleveland,_OH","Active","Gamma Eta Gamma","2015","Cincinnati, OH","https://en.wikipedia.org/wiki/Cincinnati,_OH","Active","Gamma Iota","Winona, MN","https://en.wikipedia.org/wiki/Winona,_MN","Gamma Mu Gamma","May 19, 2016","Quincy, IL","https://en.wikipedia.org/wiki/Quincy,_IL","Gamma Rho Eta","Detroit, MI","https://en.wikipedia.org/wiki/Detroit,_MI","Active","Delta Kappa","1967","Belleville, IL","https://en.wikipedia.org/wiki/Belleville,_IL","Delta Omicron","1969","Lebanon, IL","https://en.wikipedia.org/wiki/Lebanon,_IL","Delta Rho","East Lansing, MI","https://en.wikipedia.org/wiki/East_Lansing,_MI","Active","Delta Tau","1967","Columbus, OH","https://en.wikipedia.org/wiki/Columbus,_OH","Active","Delta Chi","1967","November 7, 1950","Ann Arbor, MI","https://en.wikipedia.org/wiki/Ann_Arbor,_MI","Suspended","Epsilon Gamma","May 1, 1970","1971","Carbondale, IL","https://en.wikipedia.org/wiki/Carbondale,_IL","Active","Epsilon Epsilon","1971","Charleston, IL","https://en.wikipedia.org/wiki/Charleston,_IL","Active","Epsilon Theta","DeKalb, IL","https://en.wikipedia.org/wiki/DeKalb,_IL","Active","Epsilon Iota","January 3, 1972","Kent, OH","https://en.wikipedia.org/wiki/Kent,_OH","Epsilon Mu","1972","Bowling Green, KY","https://en.wikipedia.org/wiki/Bowling_Green,_KY","Epsilon Xi","May 19, 1972","Bloomington, IN","https://en.wikipedia.org/wiki/Bloomington,_IN","Active","Epsilon Omicron","1972","Flint, MI","https://en.wikipedia.org/wiki/Flint,_MI","Active","Epsilon Pi","1972","Champaign, IL","https://en.wikipedia.org/wiki/Champaign,_IL","Epsilon Phi","1973","Athens, OH","https://en.wikipedia.org/wiki/Athens,_OH","Epsilon Chi","1973","Edwardsville, IL","https://en.wikipedia.org/wiki/Edwardsville,_IL","Zeta Delta","Bowling Green, OH","https://en.wikipedia.org/wiki/Bowling_Green,_OH","Active","Zeta Epsilon","Zeta Theta","Active","Zeta Mu","Normal, IL","https://en.wikipedia.org/wiki/Normal,_IL","Active","Zeta Phi","Kalamazoo, MI","https://en.wikipedia.org/wiki/Kalamazoo,_MI","Active","Ypsilanti, MI","https://en.wikipedia.org/wiki/Ypsilanti,_MI","Big Rapids, MI","https://en.wikipedia.org/wiki/Big_Rapids,_MI","Peoria, IL","https://en.wikipedia.org/wiki/Peoria,_IL"
"","","","","Alumni chapters","[","https://en.wikipedia.org/w/index.php?title=List_of_Phi_Beta_Sigma_chapters&action=edit&section=7","edit","]","","","","","","","","","","","","","","","","","","","","","","","","","","","","","","","","","","","","","","","","","","","","","","","","","","","","","","","","","","","","","","","","","","","","","","","","","","","","","","","","","","","","","","","","","","","","","","","","","","","","","","","","","","","","","","","","","","","","","","","","","","","","","","","","","","","","","","","","","","","","","","","","","","","","","","","","","","","","","","","","","","","","","","","","","","","","","",""
"42","https://en.wikipedia.org/wiki/List_of_Phi_Beta_Sigma_chapters#cite_note-42","[","]","","","","","","Name","Charter date and range","Institution","Location","Status","Notes","Ref.","Alpha Alpha Beta Sigma","1991","Active","First alumni chapter in the state of Illinois.","Alpha Rho Sigma","Detroit, MI","https://en.wikipedia.org/wiki/Detroit,_MI","Active","Beta Xi Sigma","May 20, 1949","Grand Rapids, MI","https://en.wikipedia.org/wiki/Grand_Rapids,_MI","Active","Beta Omicron Sigma","Dayton, OH","https://en.wikipedia.org/wiki/Dayton,_OH","Gamma Alpha Sigma","1951","Columbus, OH","https://en.wikipedia.org/wiki/Columbus,_OH","Active","Delta Theta Sigma","February 1, 1962","Active","43","https://en.wikipedia.org/wiki/List_of_Phi_Beta_Sigma_chapters#cite_note-43","[","]","Delta Xi Sigma","March 19, 1963","Cleveland, OH","https://en.wikipedia.org/wiki/Cleveland,_OH","44","https://en.wikipedia.org/wiki/List_of_Phi_Beta_Sigma_chapters#cite_note-44","Delta Rho Sigma","","Cincinnati, OH","https://en.wikipedia.org/wiki/Cincinnati,_OH","Active","Epsilon Beta Sigma","1928","Milwaukee, WI","https://en.wikipedia.org/wiki/Milwaukee,_WI","Epsilon Zeta Sigma","","Akron, OH","https://en.wikipedia.org/wiki/Akron,_OH","Epsilon Eta Sigma","","Louisville, KY","https://en.wikipedia.org/wiki/Louisville,_KY","Epsilon Lambda Sigma","Merrillville, IN","https://en.wikipedia.org/wiki/Merrillville,_IN","Epsilon Mu Sigma","Kankakee, IL","https://en.wikipedia.org/wiki/Kankakee,_IL","Epsilon Rho Sigma","","East St. Louis, IL","https://en.wikipedia.org/wiki/East_St._Louis,_IL","Inactive","Epsilon Tau Sigma","","Champaign, IL","https://en.wikipedia.org/wiki/Champaign,_IL","Active","Epsilon Upsilon Sigma","Peoria, IL","https://en.wikipedia.org/wiki/Peoria,_IL","Epsilon Chi Sigma","April 30, 1976","Lansing, MI","https://en.wikipedia.org/wiki/Lansing,_MI","Zeta Eta Sigma","Aurora, IL","https://en.wikipedia.org/wiki/Aurora,_IL","Active","Zeta Nu Sigma","September 27, 1977","Chicago, IL","https://en.wikipedia.org/wiki/Chicago,_IL","Eta Alpha Sigma","March 30, 1980","Fort Wayne, IN","https://en.wikipedia.org/wiki/Fort_Wayne,_IN","Eta Epsilon Sigma","St. Paul, MN","https://en.wikipedia.org/wiki/St._Paul,_MN","Active","Eta Psi Sigma","July 27, 1981","Frankfort","https://en.wikipedia.org/wiki/Frankfort,_KY","Active","Iota Nu Sigma","2000","","Lexington, KY","https://en.wikipedia.org/wiki/Lexington,_KY","Active","Iota Phi Sigma","July 21, 1987","May 25, 1989","Ames, IA","https://en.wikipedia.org/wiki/Ames,_IA","Active","Kappa Theta Sigma","","Springfield, IL","https://en.wikipedia.org/wiki/Springfield,_IL","Active","Kappa Mu Sigma","Chicago, IL","https://en.wikipedia.org/wiki/Chicago,_IL","Active","Kappa Rho Sigma","","Chicago, IL","https://en.wikipedia.org/wiki/Chicago,_IL","Nu Alpha Sigma","March 28, 2002","Terre Haute, IN","https://en.wikipedia.org/wiki/Terre_Haute,_IN","Nu Gamma Sigma","2002","Bloomington, IL","https://en.wikipedia.org/wiki/Bloomington,_IL","Active","Nu Delta Sigma","","Madison, WI","https://en.wikipedia.org/wiki/Madison,_WI","Active","Nu Zeta Sigma","","Detroit, MI","https://en.wikipedia.org/wiki/Detroit,_MI","Nu Kappa Sigma","","Belleville, IL","https://en.wikipedia.org/wiki/Belleville,_IL","Nu Lambda Sigma","February 26, 2005","Milwaukee, WI","https://en.wikipedia.org/wiki/Milwaukee,_WI","Nu Pi Sigma","Indianapolis, IN","https://en.wikipedia.org/wiki/Indianapolis,_IN","Active","Nu Upsilon Sigma","Nu Phi Sigma","Active","Xi Sigma","DeKalb, IL","https://en.wikipedia.org/wiki/DeKalb,_IL","Active","Xi Beta Sigma","Lake County, IL","https://en.wikipedia.org/wiki/Lake_County,_IL","Active","Rockford, IL","https://en.wikipedia.org/wiki/Rockford,_IL","South Bend, IN","https://en.wikipedia.org/wiki/South_Bend,_IN","Dayton, OH","https://en.wikipedia.org/wiki/Dayton,_OH"
"","","","","Gulf Coast","[","https://en.wikipedia.org/w/index.php?title=List_of_Phi_Beta_Sigma_chapters&action=edit&section=8","edit","]","","","","","","","","","","","","","","","","","","","","","","","","","","","","","","","","","","","","","","","","","","","","","","","","","","","","","","","","","","","","","","","","","","","","","","","","","","","","","","","","","","","","","","","","","","","","","","","","","","","","","","","","","","","","","","","","","","","","","","","","","","","","","","","","","","","","","","","","","","","","","","","","","","","","","","","","","","","","","","","","","","","","","","","","","","","","","",""
"","","","","","","","","","","","","","","","","","","","","","","","","","","","","","","","","","","","","","","","","","","","","","","","","","","","","","","","","","","","","","","","","","","","","","","","","","","","","","","","","","","","","","","","","","","","","","","","","","","","","","","","","","","","","","","","","","","","","","","","","","","","","","","","","","","","","","","","","","","","","","","","","","","","","","","","","","","","","","","","","","","","","","","","","","","","","","","","","","","","","","",""
"","","","","Collegiate chapters","[","https://en.wikipedia.org/w/index.php?title=List_of_Phi_Beta_Sigma_chapters&action=edit&section=9","edit","]","","","","","","","","","","","","","","","","","","","","","","","","","","","","","","","","","","","","","","","","","","","","","","","","","","","","","","","","","","","","","","","","","","","","","","","","","","","","","","","","","","","","","","","","","","","","","","","","","","","","","","","","","","","","","","","","","","","","","","","","","","","","","","","","","","","","","","","","","","","","","","","","","","","","","","","","","","","","","","","","","","","","","","","","","","","","","",""
"50","https://en.wikipedia.org/wiki/List_of_Phi_Beta_Sigma_chapters#cite_note-50","[","]","","","","","","Name","Charter date and range","Institution","Location","Status","Notes","Ref.","Alpha Beta Pi","","Active","In 1994, the school became coeducational.","Alpha Kappa","Las Cruces, NM","https://en.wikipedia.org/wiki/Las_Cruces,_NM","Deactivated","Alpha Lambda","1940","Austin, TX","https://en.wikipedia.org/wiki/Austin,_TX","Active","Alpha Lambda Alpha","New Orleans, LA","https://en.wikipedia.org/wiki/New_Orleans,_LA","Beta","November 15, 1915","College Station, TX","https://en.wikipedia.org/wiki/College_Station,_TX","Active","Beta Beta Mu","December 18, 2004","Active","51","https://en.wikipedia.org/wiki/List_of_Phi_Beta_Sigma_chapters#cite_note-51","[","]","Beta Beta Omicron","2006","Marshall, TX","https://en.wikipedia.org/wiki/Marshall,_TX","52","https://en.wikipedia.org/wiki/List_of_Phi_Beta_Sigma_chapters#cite_note-52","Beta Delta","March 13, 1945","Fort Worth, TX","https://en.wikipedia.org/wiki/Fort_Worth,_TX","Active","Beta Phi","January 19, 1949","San Antonio, TX","https://en.wikipedia.org/wiki/San_Antonio,_TX","Gamma Alpha Kappa","2009","Houston, TX","https://en.wikipedia.org/wiki/Houston,_TX","Gamma Alpha Nu","2010","Tyler, TX","https://en.wikipedia.org/wiki/Tyler,_TX","Gamma Kappa","Denton, TX","https://en.wikipedia.org/wiki/Denton,_TX","Gamma Mu","Las Vegas, NM","https://en.wikipedia.org/wiki/Las_Vegas,_NM","Delta Eta","November 5, 1966","Dallas, TX","https://en.wikipedia.org/wiki/Dallas,_TX","Active","Delta Theta","1966","Marshall, TX","https://en.wikipedia.org/wiki/Marshall,_TX","Active","Epsilon Alpha","New Orleans, LA","https://en.wikipedia.org/wiki/New_Orleans,_LA","Epsilon Zeta","1971","Prairie View, TX","https://en.wikipedia.org/wiki/Prairie_View,_TX","Epsilon Eta","New Orleans, LA","https://en.wikipedia.org/wiki/New_Orleans,_LA","Active","Epsilon Nu","March 17, 1972","Hawkins, TX","https://en.wikipedia.org/wiki/Hawkins,_TX","Epsilon Upsilon","1973","Shreveport, LA","https://en.wikipedia.org/wiki/Shreveport,_LA","Zeta Beta","Beaumont, TX","https://en.wikipedia.org/wiki/Beaumont,_TX","Active","Zeta Zeta","April 6, 1974","Nacogdoches, TX","https://en.wikipedia.org/wiki/Nacogdoches,_TX","Active","Zeta Iota","November 13, 1973","March 9, 1937","Denton, TX","https://en.wikipedia.org/wiki/Denton,_TX","Active","Zeta Rho","","December 30, 1952","Houston, TX","https://en.wikipedia.org/wiki/Houston,_TX","Inactive","Eta Zeta","October 13, 1975","Natchitoches, LA","https://en.wikipedia.org/wiki/Natchitoches,_LA","Active","Theta","Texas City, TX","https://en.wikipedia.org/wiki/Texas_City,_TX","Active","Theta Pi","1976","Commerce, TX","https://en.wikipedia.org/wiki/Commerce,_TX","Theta Rho","1977","Austin, TX","https://en.wikipedia.org/wiki/Austin,_TX","Theta Chi","1976","Ruston, LA","https://en.wikipedia.org/wiki/Ruston,_LA","Active","Iota Iota","1976","Huntsville, TX","https://en.wikipedia.org/wiki/Huntsville,_TX","Active","Iota Lambda","March 20, 1978","Arlington, TX","https://en.wikipedia.org/wiki/Arlington,_TX","Iota Tau","1976","Lafayette, LA","https://en.wikipedia.org/wiki/Lafayette,_LA","Kappa Kappa","April 7, 1978","New Orleans, LA","https://en.wikipedia.org/wiki/New_Orleans,_LA","Kappa Tau","Baton Rouge, LA","https://en.wikipedia.org/wiki/Baton_Rouge,_LA","Active","Mu Rho","Nu Alpha","Active","Nu Zeta","Monroe, LA","https://en.wikipedia.org/wiki/Monroe,_LA","Active","Nu Omicron","Dallas, TX","https://en.wikipedia.org/wiki/Dallas,_TX","Active","Austin, TX","https://en.wikipedia.org/wiki/Austin,_TX","Thibodaux, LA","https://en.wikipedia.org/wiki/Thibodaux,_LA","Waco, TX","https://en.wikipedia.org/wiki/Waco,_TX"
"","","","","Alumni chapters","[","https://en.wikipedia.org/w/index.php?title=List_of_Phi_Beta_Sigma_chapters&action=edit&section=10","edit","]","","","","","","","","","","","","","","","","","","","","","","","","","","","","","","","","","","","","","","","","","","","","","","","","","","","","","","","","","","","","","","","","","","","","","","","","","","","","","","","","","","","","","","","","","","","","","","","","","","","","","","","","","","","","","","","","","","","","","","","","","","","","","","","","","","","","","","","","","","","","","","","","","","","","","","","","","","","","","","","","","","","","","","","","","","","","","",""
"","","","","","","","","","Name","Charter date and range","Institution","Location","Status","Notes","Ref.","Alpha Alpha Sigma","November 18, 1933","Active","Fort Hood, TX  (Phantom Warrior Chapter)","Alpha Beta Sigma","Beaumont, TX","https://en.wikipedia.org/wiki/Beaumont,_TX","Active","Alpha Gamma Sigma","?","Houston, TX","https://en.wikipedia.org/wiki/Houston,_TX","Active","Alpha Zeta Sigma","Marshall, TX","https://en.wikipedia.org/wiki/Marshall,_TX","Alpha Theta Sigma","March 4, 1939","Tyler, TX","https://en.wikipedia.org/wiki/Tyler,_TX","Active","Alpha Xi Sigma","?","Active","","","","","Alpha Sigma Sigma","1953","Fort Worth, TX","https://en.wikipedia.org/wiki/Fort_Worth,_TX","","","Alpha Tau Sigma","?","Shreveport, LA","https://en.wikipedia.org/wiki/Shreveport,_LA","Active","Beta Beta Sigma","December 26, 1926","Prairie View, TX","https://en.wikipedia.org/wiki/Prairie_View,_TX","Beta Eta Sigma","?","Sherman, TX","https://en.wikipedia.org/wiki/Sherman,_TX","Beta Tau Sigma","?","San Antonio, TX","https://en.wikipedia.org/wiki/San_Antonio,_TX","Gamma Iota Sigma","Grambling, LA","https://en.wikipedia.org/wiki/Grambling,_LA","Gamma Omicron Sigma","Texarkana, TX","https://en.wikipedia.org/wiki/Texarkana,_TX","Gamma Tau Sigma","?","Lake Charles, LA","https://en.wikipedia.org/wiki/Lake_Charles,_LA","Active","Delta Chi Sigma","?","Waco, TX","https://en.wikipedia.org/wiki/Waco,_TX","Active","Epsilon Kappa Sigma","Amarillo, TX","https://en.wikipedia.org/wiki/Amarillo,_TX","Zeta Xi Sigma","1978","Alexandria, LA","https://en.wikipedia.org/wiki/Alexandria,_LA","Eta Pi Sigma","La Marque, TX","https://en.wikipedia.org/wiki/La_Marque,_TX","Inactive","Eta Rho Sigma","1981","Missouri City, TX","https://en.wikipedia.org/wiki/Missouri_City,_TX","Theta Beta Sigma","?","Baton Rouge, LA","https://en.wikipedia.org/wiki/Baton_Rouge,_LA","Theta Delta Sigma","Huntsville, TX","https://en.wikipedia.org/wiki/Huntsville,_TX","Active","Theta Theta Sigma","?","New Orleans, LA","https://en.wikipedia.org/wiki/New_Orleans,_LA","Active","Theta Mu Sigma","?","?","Killeen, TX","https://en.wikipedia.org/wiki/Killeen,_TX","Active","Theta Pi Sigma","?","?","El Paso, TX","https://en.wikipedia.org/wiki/El_Paso,_TX","Active","Theta Psi Sigma","?","Dallas, TX","https://en.wikipedia.org/wiki/Dallas,_TX","Active","Iota Epsilon Sigma","Monroe, LA","https://en.wikipedia.org/wiki/Monroe,_LA","Active","Iota Mu Sigma","?","Longview, TX","https://en.wikipedia.org/wiki/Longview,_TX","Iota Xi Sigma","?","Opelousas, LA","https://en.wikipedia.org/wiki/Opelousas,_LA","Iota Sigma Sigma","?","Arlington, TX","https://en.wikipedia.org/wiki/Arlington,_TX","Active","Iota Upsilon Sigma","?","Lafayette, LA","https://en.wikipedia.org/wiki/Lafayette,_LA","Active","Kappa Psi Sigma","February 3, 1999","Leesville, LA","https://en.wikipedia.org/wiki/Leesville,_LA","Nu Nu Sigma","?","Many, LA","https://en.wikipedia.org/wiki/Many,_LA","Omicron Sigma","1933","Hammond, LA","https://en.wikipedia.org/wiki/Hammond,_LA","Omicron Beta Sigma","Albuquerque, NM","https://en.wikipedia.org/wiki/Albuquerque,_NM","Active","Sigma Theta Sigma","Psi Beta Sigma","Active","","Lewisville, TX","https://en.wikipedia.org/wiki/Lewisville,_TX","","","Baton Rouge, LA","https://en.wikipedia.org/wiki/Baton_Rouge,_LA","","The Woodlands, TX","https://en.wikipedia.org/wiki/The_Woodlands,_TX","Austin, TX","https://en.wikipedia.org/wiki/Austin,_TX","",""
"","","","","Southeastern","[","https://en.wikipedia.org/w/index.php?title=List_of_Phi_Beta_Sigma_chapters&action=edit&section=11","edit","]","","","","","","","","","","","","","","","","","","","","","","","","","","","","","","","","","","","","","","","","","","","","","","","","","","","","","","","","","","","","","","","","","","","","","","","","","","","","","","","","","","","","","","","","","","","","","","","","","","","","","","","","","","","","","","","","","","","","","","","","","","","","","","","","","","","","","","","","","","","","","","","","","","","","","","","","","","","","","","","","","","","","","","","","","","","","","",""
"","","","","","","","","","","","","","","","","","","","","","","","","","","","","","","","","","","","","","","","","","","","","","","","","","","","","","","","","","","","","","","","","","","","","","","","","","","","","","","","","","","","","","","","","","","","","","","","","","","","","","","","","","","","","","","","","","","","","","","","","","","","","","","","","","","","","","","","","","","","","","","","","","","","","","","","","","","","","","","","","","","","","","","","","","","","","","","","","","","","","","",""
"","","","","Collegiate chapters","[","https://en.wikipedia.org/w/index.php?title=List_of_Phi_Beta_Sigma_chapters&action=edit&section=12","edit","]","","","","","","","","","","","","","","","","","","","","","","","","","","","","","","","","","","","","","","","","","","","","","","","","","","","","","","","","","","","","","","","","","","","","","","","","","","","","","","","","","","","","","","","","","","","","","","","","","","","","","","","","","","","","","","","","","","","","","","","","","","","","","","","","","","","","","","","","","","","","","","","","","","","","","","","","","","","","","","","","","","","","","","","","","","","","","",""
"53","https://en.wikipedia.org/wiki/List_of_Phi_Beta_Sigma_chapters#cite_note-pbs1914se-53","[","]","","","","","","Name","Charter date and range","Institution","Location","Status","Notes","Ref.","Alpha Alpha Rho","1992","Active","Chapter was reactivated in 2009","Alpha Alpha Chi","Boone, NC","https://en.wikipedia.org/wiki/Boone,_NC","Active","Alpha Beta Beta","July 31, 1999","Durham, NC","https://en.wikipedia.org/wiki/Durham,_NC","Active","Alpha Beta Zeta","Elon, NC","https://en.wikipedia.org/wiki/Elon,_NC","Alpha Beta Lambda","1999","Wingate, NC","https://en.wikipedia.org/wiki/Wingate,_NC","Active","Alpha Beta Xi","1999","Active","53","https://en.wikipedia.org/wiki/List_of_Phi_Beta_Sigma_chapters#cite_note-pbs1914se-53","[","]","Alpha Beta Psi","June 19, 2001","Rocky Mount, NC","https://en.wikipedia.org/wiki/Rocky_Mount,_NC","54","https://en.wikipedia.org/wiki/List_of_Phi_Beta_Sigma_chapters#cite_note-54","Alpha Epsilon","October 27, 1927","Cookeville, TN","https://en.wikipedia.org/wiki/Cookeville,_TN","Active","Alpha Xi Alpha","April 1, 1996","Newberry, SC","https://en.wikipedia.org/wiki/Newberry,_SC","Alpha Omicron","1935","Charlotte, NC","https://en.wikipedia.org/wiki/Charlotte,_NC","Alpha Tau Alpha","1998","Columbia, SC","https://en.wikipedia.org/wiki/Columbia,_SC","Beta Beta Zeta","Greenwood, SC","https://en.wikipedia.org/wiki/Greenwood,_SC","Beta Beta Iota","Hickory, NC","https://en.wikipedia.org/wiki/Hickory,_NC","Beta Eta","1947","Myrtle Beach, SC","https://en.wikipedia.org/wiki/Myrtle_Beach,_SC","Active","Beta Xi","1948","Knoxville, TN","https://en.wikipedia.org/wiki/Knoxville,_TN","Active","Gamma Alpha Gamma","Raleigh, NC","https://en.wikipedia.org/wiki/Raleigh,_NC","Gamma Gamma","1949","Spartanburg, SC","https://en.wikipedia.org/wiki/Spartanburg,_SC","Gamma Lambda Gamma","Durham, NC","https://en.wikipedia.org/wiki/Durham,_NC","Active","Gamma Rho","1961","Columbia, SC","https://en.wikipedia.org/wiki/Columbia,_SC","Delta Alpha","April 24, 1932","Elizabeth City, NC","https://en.wikipedia.org/wiki/Elizabeth_City,_NC","Zeta Gamma","Winston-Salem, NC","https://en.wikipedia.org/wiki/Winston-Salem,_NC","Active","Eta","1919","Denmark, SC","https://en.wikipedia.org/wiki/Denmark,_SC","Active","Eta Alpha","1937","2007","Greensboro, NC","https://en.wikipedia.org/wiki/Greensboro,_NC","Active","Iota","1919","1978","Orangeburg, SC","https://en.wikipedia.org/wiki/Orangeburg,_SC","Active","Iota Zeta","December 1977","Raleigh, NC","https://en.wikipedia.org/wiki/Raleigh,_NC","Active","Kappa Iota","Sumter, SC","https://en.wikipedia.org/wiki/Sumter,_SC","Active","Kappa Chi","1979","Columbia, SC","https://en.wikipedia.org/wiki/Columbia,_SC","Lambda Psi","1980","Knoxville, TN","https://en.wikipedia.org/wiki/Knoxville,_TN","Nu Theta","2001","Charleston, SC","https://en.wikipedia.org/wiki/Charleston,_SC","Inactive","Nu Iota","December 7, 1980","Clinton, SC","https://en.wikipedia.org/wiki/Clinton,_SC","Active","Nu Chi","1987","Pembroke, NC","https://en.wikipedia.org/wiki/Pembroke,_NC","Xi Gamma","1982","Rock Hill, SC","https://en.wikipedia.org/wiki/Rock_Hill,_SC","Xi Zeta","1982","Chapel Hill, NC","https://en.wikipedia.org/wiki/Chapel_Hill,_NC","Xi Nu","Raleigh, NC","https://en.wikipedia.org/wiki/Raleigh,_NC","Active","Xi Upsilon","Omicron","Active","Omicron Lambda","Greenville, NC","https://en.wikipedia.org/wiki/Greenville,_NC","Active","Pi","Chattanooga, TN","https://en.wikipedia.org/wiki/Chattanooga,_TN","Active","Orangeburg, SC","https://en.wikipedia.org/wiki/Orangeburg,_SC","Clemson, SC","https://en.wikipedia.org/wiki/Clemson,_SC","Fayetteville, NC","https://en.wikipedia.org/wiki/Fayetteville,_NC"
"","","","","Alumni chapters","[","https://en.wikipedia.org/w/index.php?title=List_of_Phi_Beta_Sigma_chapters&action=edit&section=13","edit","]","","","","","","","","","","","","","","","","","","","","","","","","","","","","","","","","","","","","","","","","","","","","","","","","","","","","","","","","","","","","","","","","","","","","","","","","","","","","","","","","","","","","","","","","","","","","","","","","","","","","","","","","","","","","","","","","","","","","","","","","","","","","","","","","","","","","","","","","","","","","","","","","","","","","","","","","","","","","","","","","","","","","","","","","","","","","","",""
"53","https://en.wikipedia.org/wiki/List_of_Phi_Beta_Sigma_chapters#cite_note-pbs1914se-53","[","]","","","","","","Name","Charter date and range","Institution","Location","Status","Notes","Ref.","Alpha Alpha Alpha Sigma","?","Active","2013 Philadelphia, PA Conclave ""International Alumni Chapter of the Year""","Alpha Lambda Sigma","Rocky Mount, NC","https://en.wikipedia.org/wiki/Rocky_Mount,_NC","Active","Alpha Upsilon Sigma","?","Greenville, SC","https://en.wikipedia.org/wiki/Greenville,_SC","Active","Alpha Psi Sigma","Elizabeth City, NC","https://en.wikipedia.org/wiki/Elizabeth_City,_NC","Beta Theta Sigma","?","Asheville, NC","https://en.wikipedia.org/wiki/Asheville,_NC","Active","Beta Kappa Sigma","June 21, 1948","Active","53","https://en.wikipedia.org/wiki/List_of_Phi_Beta_Sigma_chapters#cite_note-pbs1914se-53","[","]","Beta Mu Sigma","?","Darlington, SC","https://en.wikipedia.org/wiki/Darlington,_SC","53","https://en.wikipedia.org/wiki/List_of_Phi_Beta_Sigma_chapters#cite_note-pbs1914se-53","Beta Rho Sigma","1950","Farmville, NC","https://en.wikipedia.org/wiki/Farmville,_NC","Active","Beta Chi Sigma","1950","Charleston, SC","https://en.wikipedia.org/wiki/Charleston,_SC","Gamma Beta Sigma","?","Charlotte, NC","https://en.wikipedia.org/wiki/Charlotte,_NC","Gamma Upsilon Sigma","?","Columbia, SC","https://en.wikipedia.org/wiki/Columbia,_SC","Delta Sigma","Greensboro, NC","https://en.wikipedia.org/wiki/Greensboro,_NC","Delta Zeta Sigma","Lumberton, NC","https://en.wikipedia.org/wiki/Lumberton,_NC","Delta Kappa Sigma","March 24, 1946","Winston-Salem, NC","https://en.wikipedia.org/wiki/Winston-Salem,_NC","Active","Delta Nu Sigma","1962","Durham, NC","https://en.wikipedia.org/wiki/Durham,_NC","Active","Epsilon Xi Sigma","Sumter, SC","https://en.wikipedia.org/wiki/Sumter,_SC","Zeta Beta Sigma","1938–1954","Wilmington, NC","https://en.wikipedia.org/wiki/Wilmington,_NC","Zeta Theta Sigma","Chattanooga, TN","https://en.wikipedia.org/wiki/Chattanooga,_TN","Active","Eta Sigma","?","Fayetteville, NC","https://en.wikipedia.org/wiki/Fayetteville,_NC","Eta Theta Sigma","?","Rock Hill, SC","https://en.wikipedia.org/wiki/Rock_Hill,_SC","Eta Iota Sigma","Raleigh, NC","https://en.wikipedia.org/wiki/Raleigh,_NC","Active","Eta Omicron Sigma","?","Jacksonville, NC","https://en.wikipedia.org/wiki/Jacksonville,_NC","Active","Theta Kappa Sigma","?","1972","Georgetown, SC","https://en.wikipedia.org/wiki/Georgetown,_SC","Active","Iota Delta Sigma","?","?","Orangeburg, SC","https://en.wikipedia.org/wiki/Orangeburg,_SC","Active","Iota Theta Sigma","December 31, 1986","Halifax, NC","https://en.wikipedia.org/wiki/Halifax,_NC","Active","Kappa Iota Sigma","Concord, NC","https://en.wikipedia.org/wiki/Concord,_NC","Active","Kappa Phi Sigma","?","Dorchester County, SC","https://en.wikipedia.org/wiki/Dorchester_County,_SC","Nu Omicron Sigma","?","Beaufort, SC","https://en.wikipedia.org/wiki/Beaufort,_SC","Xi Alpha Sigma","?","Berkeley County, SC","https://en.wikipedia.org/wiki/Berkeley_County,_SC","Active","Omicron Gamma Sigma","2009","West Columbia, SC","https://en.wikipedia.org/wiki/West_Columbia,_SC","Active","Pi Sigma","?","Decatur, TN","https://en.wikipedia.org/wiki/Decatur,_TN","Phi Sigma","1931","Greenville, NC","https://en.wikipedia.org/wiki/Greenville,_NC","Upsilon Beta Sigma","?","Kingstree, SC","https://en.wikipedia.org/wiki/Kingstree,_SC","","Knoxville, TN","https://en.wikipedia.org/wiki/Knoxville,_TN","","","","","","Salisbury, NC","https://en.wikipedia.org/wiki/Salisbury,_NC","","","","","","","","","","",""
"","","","","Southern","[","https://en.wikipedia.org/w/index.php?title=List_of_Phi_Beta_Sigma_chapters&action=edit&section=14","edit","]","","","","","","","","","","","","","","","","","","","","","","","","","","","","","","","","","","","","","","","","","","","","","","","","","","","","","","","","","","","","","","","","","","","","","","","","","","","","","","","","","","","","","","","","","","","","","","","","","","","","","","","","","","","","","","","","","","","","","","","","","","","","","","","","","","","","","","","","","","","","","","","","","","","","","","","","","","","","","","","","","","","","","","","","","","","","","",""
"","","","","","","","","","","","","","","","","","","","","","","","","","","","","","","","","","","","","","","","","","","","","","","","","","","","","","","","","","","","","","","","","","","","","","","","","","","","","","","","","","","","","","","","","","","","","","","","","","","","","","","","","","","","","","","","","","","","","","","","","","","","","","","","","","","","","","","","","","","","","","","","","","","","","","","","","","","","","","","","","","","","","","","","","","","","","","","","","","","","","","",""
"","","","","Collegiate chapters","[","https://en.wikipedia.org/w/index.php?title=List_of_Phi_Beta_Sigma_chapters&action=edit&section=15","edit","]","","","","","","","","","","","","","","","","","","","","","","","","","","","","","","","","","","","","","","","","","","","","","","","","","","","","","","","","","","","","","","","","","","","","","","","","","","","","","","","","","","","","","","","","","","","","","","","","","","","","","","","","","","","","","","","","","","","","","","","","","","","","","","","","","","","","","","","","","","","","","","","","","","","","","","","","","","","","","","","","","","","","","","","","","","","","","",""
"80","https://en.wikipedia.org/wiki/List_of_Phi_Beta_Sigma_chapters#cite_note-pbs1914alabama-80","[","]","","","","","","Name","Charter date and range","Institution","Location","Status","Notes","Ref.","Alpha Alpha Lambda","November 21, 1992","Active","Rolling Stone","Alpha Beta","Troy, AL","https://en.wikipedia.org/wiki/Troy,_AL","Active","Alpha Beta Gamma","November 21, 1998","Jackson, MS","https://en.wikipedia.org/wiki/Jackson,_MS","Active","Alpha Beta Theta","Tampa, FL","https://en.wikipedia.org/wiki/Tampa,_FL","Alpha Beta Tau","2000","Kennesaw, GA","https://en.wikipedia.org/wiki/Kennesaw,_GA","Inactive","Alpha Beta Iota","1998","Active","81","https://en.wikipedia.org/wiki/List_of_Phi_Beta_Sigma_chapters#cite_note-floridasigmas-81","[","]","Alpha Zeta","1946","Kennesaw, GA","https://en.wikipedia.org/wiki/Kennesaw,_GA","82","https://en.wikipedia.org/wiki/List_of_Phi_Beta_Sigma_chapters#cite_note-82","Alpha Eta","December 6, 1935","Boca Raton, FL","https://en.wikipedia.org/wiki/Boca_Raton,_FL","Active","Alpha Pi","1942","Lorman, MS","https://en.wikipedia.org/wiki/Lorman,_MS","Alpha Sigma Alpha","2007","Tallahassee, FL","https://en.wikipedia.org/wiki/Tallahassee,_FL","Alpha Omicron Alpha","1996","Fort Valley, GA","https://en.wikipedia.org/wiki/Fort_Valley,_GA","Alpha Psi Alpha","Huntsville, AL","https://en.wikipedia.org/wiki/Huntsville,_AL","Beta Beta Alpha","Columbus, MS","https://en.wikipedia.org/wiki/Columbus,_MS","Beta Beta Beta","November 16, 2001","Montgomery, AL","https://en.wikipedia.org/wiki/Montgomery,_AL","Active","Beta Beta Gamma","November 11, 2001","Florence, AL","https://en.wikipedia.org/wiki/Florence,_AL","Active","Beta Beta Kappa","Morrow, GA","https://en.wikipedia.org/wiki/Morrow,_GA","Beta Beta Lambda","2004","Augusta, GA","https://en.wikipedia.org/wiki/Augusta,_GA","Beta Beta Tau","Jacksonville, FL","https://en.wikipedia.org/wiki/Jacksonville,_FL","Active","Beta Beta Phi","April 8, 2007","LaGrange, GA","https://en.wikipedia.org/wiki/LaGrange,_GA","Beta Kappa","1948","Pensacola, FL","https://en.wikipedia.org/wiki/Pensacola,_FL","Beta Pi","Tuskegee, AL","https://en.wikipedia.org/wiki/Tuskegee,_AL","Active","Beta Rho","1948","Miami Gardens, FL","https://en.wikipedia.org/wiki/Miami_Gardens,_FL","Active","Beta Psi","1949","2004","Tougaloo, MS","https://en.wikipedia.org/wiki/Tougaloo,_MS","Active","Gamma Alpha Delta","2006","1949","Albany, GA","https://en.wikipedia.org/wiki/Albany,_GA","Active","Gamma Alpha Chi","2012","Fort Lauderdale, FL","https://en.wikipedia.org/wiki/Fort_Lauderdale,_FL","Active","Gamma Beta","Fort Myers, FL","https://en.wikipedia.org/wiki/Fort_Myers,_FL","Active","Gamma Beta Beta","2011","Montgomery, AL","https://en.wikipedia.org/wiki/Montgomery,_AL","Gamma Beta Gamma","2013","Selma, AL","https://en.wikipedia.org/wiki/Selma,_AL","Gamma Epsilon","1949","Atlanta, GA","https://en.wikipedia.org/wiki/Atlanta,_GA","Active","Gamma Zeta","October 31, 1949","Normal, AL","https://en.wikipedia.org/wiki/Normal,_AL","Active","Gamma Iota Gamma","April 13, 2014","Savannah, GA","https://en.wikipedia.org/wiki/Savannah,_GA","Gamma Pi","1960","Macon, GA","https://en.wikipedia.org/wiki/Macon,_GA","Gamma Rho Delta","September 14, 2018","Jacksonville, FL","https://en.wikipedia.org/wiki/Jacksonville,_FL","Gamma Rho Zeta","Macon, GA","https://en.wikipedia.org/wiki/Macon,_GA","Active","Gamma Rho Mu","Gamma Chi","Active","Gamma Psi","Montgomery, AL","https://en.wikipedia.org/wiki/Montgomery,_AL","Active","Delta Pi","Tuscaloosa, AL","https://en.wikipedia.org/wiki/Tuscaloosa,_AL","Inactive","Holly Springs, MS","https://en.wikipedia.org/wiki/Holly_Springs,_MS","Selma, AL","https://en.wikipedia.org/wiki/Selma,_AL","Itta Bena, MS","https://en.wikipedia.org/wiki/Itta_Bena,_MS"
"","","","","Alumni chapters","[","https://en.wikipedia.org/w/index.php?title=List_of_Phi_Beta_Sigma_chapters&action=edit&section=16","edit","]","","","","","","","","","","","","","","","","","","","","","","","","","","","","","","","","","","","","","","","","","","","","","","","","","","","","","","","","","","","","","","","","","","","","","","","","","","","","","","","","","","","","","","","","","","","","","","","","","","","","","","","","","","","","","","","","","","","","","","","","","","","","","","","","","","","","","","","","","","","","","","","","","","","","","","","","","","","","","","","","","","","","","","","","","","","","","",""
"101","https://en.wikipedia.org/wiki/List_of_Phi_Beta_Sigma_chapters#cite_note-101","[","]","","","","","","Name","Charter date and range","Institution","Location","Status","Notes","Ref.","Alpha Alpha Theta Sigma","February 7, 1994","Active","Represents Escambia & Santa Rosa County","Alpha Eta Sigma","Pensacola, FL","https://en.wikipedia.org/wiki/Pensacola,_FL","Active","Alpha Iota Sigma","","Montgomery, AL","https://en.wikipedia.org/wiki/Montgomery,_AL","Active","Alpha Phi Sigma","Lorman, MS","https://en.wikipedia.org/wiki/Lorman,_MS","Alpha Chi Sigma","1950","Columbus, GA","https://en.wikipedia.org/wiki/Columbus,_GA","Active","Alpha Omega Sigma","","Active","80","https://en.wikipedia.org/wiki/List_of_Phi_Beta_Sigma_chapters#cite_note-pbs1914alabama-80","[","]","Beta Delta Sigma","","Dothan, AL","https://en.wikipedia.org/wiki/Dothan,_AL","80","https://en.wikipedia.org/wiki/List_of_Phi_Beta_Sigma_chapters#cite_note-pbs1914alabama-80","Beta Epsilon Sigma","","Hinesville, GA","https://en.wikipedia.org/wiki/Hinesville,_GA","Active","Beta Zeta Sigma","?","Fort Valley, GA","https://en.wikipedia.org/wiki/Fort_Valley,_GA","Beta Lambda Sigma","[1949]","Huntsville, AL","https://en.wikipedia.org/wiki/Huntsville,_AL","Beta Nu Sigma","","Daytona Beach, FL","https://en.wikipedia.org/wiki/Daytona_Beach,_FL","Beta Pi Sigma","Tallahassee, FL","https://en.wikipedia.org/wiki/Tallahassee,_FL","Beta Sigma Sigma","Albany, GA","https://en.wikipedia.org/wiki/Albany,_GA","Gamma Sigma","1918","Tuscaloosa, AL","https://en.wikipedia.org/wiki/Tuscaloosa,_AL","Active","Gamma Gamma Sigma","?","Mobile, AL","https://en.wikipedia.org/wiki/Mobile,_AL","Active","Gamma Delta Sigma","Tuskegee, AL","https://en.wikipedia.org/wiki/Tuskegee,_AL","Gamma Epsilon Sigma","","Ft. Lauderdale, FL","https://en.wikipedia.org/wiki/Ft._Lauderdale,_FL","Gamma Zeta Sigma","Orlando, FL","https://en.wikipedia.org/wiki/Orlando,_FL","Active","Gamma Eta Sigma","1946","Meridian, MS","https://en.wikipedia.org/wiki/Meridian,_MS","Gamma Mu Sigma","April 5, 1955","Riviera Beach, FL","https://en.wikipedia.org/wiki/Riviera_Beach,_FL","Gamma Xi Sigma","Tampa, FL","https://en.wikipedia.org/wiki/Tampa,_FL","","Gamma Pi Sigma","January 8, 1956","Biloxi, MS","https://en.wikipedia.org/wiki/Biloxi,_MS","Active","Delta Alpha Sigma","September 29, 1958","1951","Greenwood, MS","https://en.wikipedia.org/wiki/Greenwood,_MS","Active","Delta Epsilon Sigma","May 19, 1978","","Macon, GA","https://en.wikipedia.org/wiki/Macon,_GA","Active","Delta Lambda Sigma","?","Hattiesburg, MS","https://en.wikipedia.org/wiki/Hattiesburg,_MS","Active","Delta Mu Sigma","Ft. Pierce, FL","https://en.wikipedia.org/wiki/Ft._Pierce,_FL","Active","Delta Omicron Sigma","?","Athens, GA","https://en.wikipedia.org/wiki/Athens,_GA","Delta Tau Sigma","1965","St. Petersburg, FL","https://en.wikipedia.org/wiki/St._Petersburg,_FL","Delta Upsilon Sigma","1960","Holly Springs, MS","https://en.wikipedia.org/wiki/Holly_Springs,_MS","Active","Delta Phi Sigma","?","Starkville, MS","https://en.wikipedia.org/wiki/Starkville,_MS","","Epsilon Gamma Sigma","","Itta Bena, MS","https://en.wikipedia.org/wiki/Itta_Bena,_MS","Epsilon Theta Sigma","","Augusta, GA","https://en.wikipedia.org/wiki/Augusta,_GA","Epsilon Omicron Sigma","?","Selma, AL","https://en.wikipedia.org/wiki/Selma,_AL","Zeta Iota Sigma","Gainesville, FL","https://en.wikipedia.org/wiki/Gainesville,_FL","Active","Zeta Mu Sigma","Zeta Upsilon Sigma","Inactive","Zeta Phi Sigma","Delray Beach, FL","https://en.wikipedia.org/wiki/Delray_Beach,_FL","Active","Eta Delta Sigma","Anniston, AL","https://en.wikipedia.org/wiki/Anniston,_AL","Active","Jackson, AL","https://en.wikipedia.org/wiki/Jackson,_AL","Greenville, AL","https://en.wikipedia.org/wiki/Greenville,_AL","Muscle Shoals, AL","https://en.wikipedia.org/wiki/Muscle_Shoals,_AL"
"","","","","Southwestern","[","https://en.wikipedia.org/w/index.php?title=List_of_Phi_Beta_Sigma_chapters&action=edit&section=17","edit","]","","","","","","","","","","","","","","","","","","","","","","","","","","","","","","","","","","","","","","","","","","","","","","","","","","","","","","","","","","","","","","","","","","","","","","","","","","","","","","","","","","","","","","","","","","","","","","","","","","","","","","","","","","","","","","","","","","","","","","","","","","","","","","","","","","","","","","","","","","","","","","","","","","","","","","","","","","","","","","","","","","","","","","","","","","","","","",""
"","","","","","","","","","","","","","","","","","","","","","","","","","","","","","","","","","","","","","","","","","","","","","","","","","","","","","","","","","","","","","","","","","","","","","","","","","","","","","","","","","","","","","","","","","","","","","","","","","","","","","","","","","","","","","","","","","","","","","","","","","","","","","","","","","","","","","","","","","","","","","","","","","","","","","","","","","","","","","","","","","","","","","","","","","","","","","","","","","","","","","",""
"","","","","Collegiate chapters","[","https://en.wikipedia.org/w/index.php?title=List_of_Phi_Beta_Sigma_chapters&action=edit&section=18","edit","]","","","","","","","","","","","","","","","","","","","","","","","","","","","","","","","","","","","","","","","","","","","","","","","","","","","","","","","","","","","","","","","","","","","","","","","","","","","","","","","","","","","","","","","","","","","","","","","","","","","","","","","","","","","","","","","","","","","","","","","","","","","","","","","","","","","","","","","","","","","","","","","","","","","","","","","","","","","","","","","","","","","","","","","","","","","","","",""
"111","https://en.wikipedia.org/wiki/List_of_Phi_Beta_Sigma_chapters#cite_note-SouthwestRegion-111","[","]","","","","","","Name","Charter date and range","Institution","Location","Status","Notes","Ref.","Alpha Alpha Delta","April 4, 1990","Active","Membership drawn from ,  and/or","Alpha Beta Delta","Omaha, NE","https://en.wikipedia.org/wiki/Omaha,_NE","Active","Alpha Beta Eta","March 3, 1999","Memphis, TN","https://en.wikipedia.org/wiki/Memphis,_TN","Active","Alpha Beta Nu","Little Rock, AR","https://en.wikipedia.org/wiki/Little_Rock,_AR","Alpha Gamma","October 10, 1927","St. Joseph, MO","https://en.wikipedia.org/wiki/St._Joseph,_MO","Active","Alpha Gamma Alpha","1994","Active","112","https://en.wikipedia.org/wiki/List_of_Phi_Beta_Sigma_chapters#cite_note-Alpha_Beta_Delta-112","[","]","Alpha Rho","May 20, 1982","Nashville, TN","https://en.wikipedia.org/wiki/Nashville,_TN","111","https://en.wikipedia.org/wiki/List_of_Phi_Beta_Sigma_chapters#cite_note-SouthwestRegion-111","Beta Beta Rho","Omaha City-wide Chapters","Nashville, TN","https://en.wikipedia.org/wiki/Nashville,_TN","Inactive","Beta Epsilon","May 6, 1947","Clarksville, TN","https://en.wikipedia.org/wiki/Clarksville,_TN","Beta Zeta","April 17, 1947","Russellville, AR","https://en.wikipedia.org/wiki/Russellville,_AR","","August 21, 1947","Langston, OK","https://en.wikipedia.org/wiki/Langston,_OK","Beta Chi","Memphis, TN","https://en.wikipedia.org/wiki/Memphis,_TN","Gamma Alpha Eta","Pine Bluff, AR","https://en.wikipedia.org/wiki/Pine_Bluff,_AR","Gamma Alpha Mu","February 28, 2010","Jefferson City, MO","https://en.wikipedia.org/wiki/Jefferson_City,_MO","Active","Gamma Eta","May 4, 1964","Nashville, TN","https://en.wikipedia.org/wiki/Nashville,_TN","Active","Gamma Gamma Gamma","McKenzie, TN","https://en.wikipedia.org/wiki/McKenzie,_TN","Gamma Theta Gamma","January 28, 2015","St. Louis, MO","https://en.wikipedia.org/wiki/St._Louis,_MO","Gamma Nu","Maryville, MO","https://en.wikipedia.org/wiki/Maryville,_MO","Inactive","Delta","April 9, 1917","Wichita, KS","https://en.wikipedia.org/wiki/Wichita,_KS","Delta Epsilon","1966","Manhattan, KS","https://en.wikipedia.org/wiki/Manhattan,_KS","Delta Nu","Jackson, TN","https://en.wikipedia.org/wiki/Jackson,_TN","Active","Epsilon Lambda","1972","Memphis, TN","https://en.wikipedia.org/wiki/Memphis,_TN","Active","Zeta Alpha","May 1, 1931","","Warrensburg, MO","https://en.wikipedia.org/wiki/Warrensburg,_MO","Active","Zeta Omicron","1979","","Nashville, TN","https://en.wikipedia.org/wiki/Nashville,_TN","Active","Eta Gamma","1973","Lawrence, KS","https://en.wikipedia.org/wiki/Lawrence,_KS","Active","Theta","Columbia, MO","https://en.wikipedia.org/wiki/Columbia,_MO","Defunct","Theta Alpha","October 3, 1975","Sedalia, MO","https://en.wikipedia.org/wiki/Sedalia,_MO","Theta Nu","1975","Arkadelphia, AR","https://en.wikipedia.org/wiki/Arkadelphia,_AR","Iota Kappa","","Magnolia, AR","https://en.wikipedia.org/wiki/Magnolia,_AR","Inactive","Iota Mu","1978","St. Louis, MO","https://en.wikipedia.org/wiki/St._Louis,_MO","Active","Iota Pi","1980","Murfreesboro, TN","https://en.wikipedia.org/wiki/Murfreesboro,_TN","Kappa","1920","Conway, AR","https://en.wikipedia.org/wiki/Conway,_AR","Kappa Omicron","1979","Nashville, TN","https://en.wikipedia.org/wiki/Nashville,_TN","Kappa Upsilon","Martin, TN","https://en.wikipedia.org/wiki/Martin,_TN","Active","Lambda Alpha","Lambda Zeta","Active","Lambda Eta","Fayetteville, AR","https://en.wikipedia.org/wiki/Fayetteville,_AR","Active","Lambda Pi","Kansas City, MO","https://en.wikipedia.org/wiki/Kansas_City,_MO","Active","Monticello, AR","https://en.wikipedia.org/wiki/Monticello,_AR","Jonesboro, AR","https://en.wikipedia.org/wiki/Jonesboro,_AR","Edmond, OK","https://en.wikipedia.org/wiki/Edmond,_OK"
"","","","","Alumni chapters","[","https://en.wikipedia.org/w/index.php?title=List_of_Phi_Beta_Sigma_chapters&action=edit&section=19","edit","]","","","","","","","","","","","","","","","","","","","","","","","","","","","","","","","","","","","","","","","","","","","","","","","","","","","","","","","","","","","","","","","","","","","","","","","","","","","","","","","","","","","","","","","","","","","","","","","","","","","","","","","","","","","","","","","","","","","","","","","","","","","","","","","","","","","","","","","","","","","","","","","","","","","","","","","","","","","","","","","","","","","","","","","","","","","","","",""
"111","https://en.wikipedia.org/wiki/List_of_Phi_Beta_Sigma_chapters#cite_note-SouthwestRegion-111","[","]","","","","","","Name","Charter date and range","Institution","Location","Status","Notes","Ref.","Alpha Delta Sigma","","Active","Founding Members: Lowell Sanders, Larry Stapleton, Fred Lilly II, Mark Green, Xavier Broughton, Joseph Jordan","Alpha Pi Sigma","Kansas City, MO","https://en.wikipedia.org/wiki/Kansas_City,_MO","Active","Gamma Psi Sigma","March 27, 1958","Omaha, NE","https://en.wikipedia.org/wiki/Omaha,_NE","Active","Delta Beta Sigma","Pine Bluff, AR","https://en.wikipedia.org/wiki/Pine_Bluff,_AR","Epsilon Sigma Sigma","","Oklahoma City, OK","https://en.wikipedia.org/wiki/Oklahoma_City,_OK","Active","","1927","Active","111","https://en.wikipedia.org/wiki/List_of_Phi_Beta_Sigma_chapters#cite_note-SouthwestRegion-111","[","]","Theta Chi Sigma","","Osceola, AR","https://en.wikipedia.org/wiki/Osceola,_AR","111","https://en.wikipedia.org/wiki/List_of_Phi_Beta_Sigma_chapters#cite_note-SouthwestRegion-111","Kappa Sigma","","Nashville, TN","https://en.wikipedia.org/wiki/Nashville,_TN","Active","Kappa Nu Sigma","","Lawton, OK","https://en.wikipedia.org/wiki/Lawton,_OK","Kappa Tau Sigma","1995","St. Louis, MO","https://en.wikipedia.org/wiki/St._Louis,_MO","Lambda Alpha Sigma","1999","Wichita, KS","https://en.wikipedia.org/wiki/Wichita,_KS","Lambda Gamma Sigma","Tulsa, OK","https://en.wikipedia.org/wiki/Tulsa,_OK","Mu Beta Sigma","Clarksville, TN","https://en.wikipedia.org/wiki/Clarksville,_TN","Nu Epsilon Sigma","June 8, 2003","Conway, AR","https://en.wikipedia.org/wiki/Conway,_AR","Active","Nu Tau Sigma","March 29, 2007","Little Rock, AR","https://en.wikipedia.org/wiki/Little_Rock,_AR","Active","Nu Theta Sigma","Dyersburg, TN","https://en.wikipedia.org/wiki/Dyersburg,_TN","Nu Xi Sigma","","Jonesboro, AR","https://en.wikipedia.org/wiki/Jonesboro,_AR","Omicron Omicron Sigma","Columbia, MO","https://en.wikipedia.org/wiki/Columbia,_MO","Inactive","Rho Phi Sigma","","Magnolia, AR","https://en.wikipedia.org/wiki/Magnolia,_AR","Rho Upsilon Sigma","February 23, 2018","Monticello, AR","https://en.wikipedia.org/wiki/Monticello,_AR","Tau Iota Sigma","Camden, AR","https://en.wikipedia.org/wiki/Camden,_AR","Active","","","Lincoln, NE","https://en.wikipedia.org/wiki/Lincoln,_NE","","","","2004","Memphis, TN","https://en.wikipedia.org/wiki/Memphis,_TN","","","","","","","","","","","","","","","","","","","","","","","","","","","","","","","","","","","","","","","","","","","","","","","","","","","","","","","","","","","","","","","","","","",""
"","","","","Western","[","https://en.wikipedia.org/w/index.php?title=List_of_Phi_Beta_Sigma_chapters&action=edit&section=20","edit","]","","","","","","","","","","","","","","","","","","","","","","","","","","","","","","","","","","","","","","","","","","","","","","","","","","","","","","","","","","","","","","","","","","","","","","","","","","","","","","","","","","","","","","","","","","","","","","","","","","","","","","","","","","","","","","","","","","","","","","","","","","","","","","","","","","","","","","","","","","","","","","","","","","","","","","","","","","","","","","","","","","","","","","","","","","","","","",""
"","","","","","","","","","","","","","","","","","","","","","","","","","","","","","","","","","","","","","","","","","","","","","","","","","","","","","","","","","","","","","","","","","","","","","","","","","","","","","","","","","","","","","","","","","","","","","","","","","","","","","","","","","","","","","","","","","","","","","","","","","","","","","","","","","","","","","","","","","","","","","","","","","","","","","","","","","","","","","","","","","","","","","","","","","","","","","","","","","","","","","",""
"","","","","Collegiate chapters","[","https://en.wikipedia.org/w/index.php?title=List_of_Phi_Beta_Sigma_chapters&action=edit&section=21","edit","]","","","","","","","","","","","","","","","","","","","","","","","","","","","","","","","","","","","","","","","","","","","","","","","","","","","","","","","","","","","","","","","","","","","","","","","","","","","","","","","","","","","","","","","","","","","","","","","","","","","","","","","","","","","","","","","","","","","","","","","","","","","","","","","","","","","","","","","","","","","","","","","","","","","","","","","","","","","","","","","","","","","","","","","","","","","","","",""
"","","","","","","","","","Name","Charter date and range","Institution","Location","Status","Notes","Ref.","Alpha Alpha Epsilon","1990","Active","","Alpha Alpha Zeta","Tucson, AZ","https://en.wikipedia.org/wiki/Tucson,_AZ","Inactive","Alpha Alpha Eta","1992","Moscow, ID","https://en.wikipedia.org/wiki/Moscow,_ID","Inactive","Alpha Alpha Omicron","Sonoma, CA","https://en.wikipedia.org/wiki/Sonoma,_CA","Alpha Beta Alpha","1999","Logan, UT","https://en.wikipedia.org/wiki/Logan,_UT","Inactive","Alpha Iota Alpha","","Inactive","","","","","Alpha Theta Alpha","","Pullman, WA","https://en.wikipedia.org/wiki/Pullman,_WA","","","Alpha Upsilon","1946","Missoula, MT","https://en.wikipedia.org/wiki/Missoula,_MT","Active","Beta Beta Epsilon","","Eugene, OR","https://en.wikipedia.org/wiki/Eugene,_OR","Beta Omicron","1948","Los Angeles, CA","https://en.wikipedia.org/wiki/Los_Angeles,_CA","Beta Tau","Re-Chartered in 2004","Bakersfield, CA","https://en.wikipedia.org/wiki/Bakersfield,_CA","Gamma Alpha Lambda","Seattle, WA","https://en.wikipedia.org/wiki/Seattle,_WA","Gamma Delta","Stanford, CA","https://en.wikipedia.org/wiki/Stanford,_CA","Gamma Epsilon Gamma","2014","Reno, NV","https://en.wikipedia.org/wiki/Reno,_NV","Active","Gamma Xi","1957","Denver, CO","https://en.wikipedia.org/wiki/Denver,_CO","Active","Gamma Rho Iota","Honolulu, HI","https://en.wikipedia.org/wiki/Honolulu,_HI","Gamma Rho Nu","2020","Fresno, CA","https://en.wikipedia.org/wiki/Fresno,_CA","Gamma Upsilon Gamma","Flagstaff, AZ","https://en.wikipedia.org/wiki/Flagstaff,_AZ","Active","Delta Beta","1965","Riverside, CA","https://en.wikipedia.org/wiki/Riverside,_CA","Delta Gamma","1964","Corvallis, OR","https://en.wikipedia.org/wiki/Corvallis,_OR","Delta Lambda","Hayward, CA","https://en.wikipedia.org/wiki/Hayward,_CA","Inactive","Zeta Pi","1974","Los Angeles, CA","https://en.wikipedia.org/wiki/Los_Angeles,_CA","Inactive","Zeta Tau","1975","2020","Redlands, CA","https://en.wikipedia.org/wiki/Redlands,_CA","Inactive","Theta Upsilon","1976","1978","Los Angeles, CA","https://en.wikipedia.org/wiki/Los_Angeles,_CA","Inactive","Iota Psi","","Long Beach, CA","https://en.wikipedia.org/wiki/Long_Beach,_CA","Active","Kappa Alpha","Fullerton, CA","https://en.wikipedia.org/wiki/Fullerton,_CA","Active","Kappa Lambda","1978","Greeley, CO","https://en.wikipedia.org/wiki/Greeley,_CO","Lambda Iota","1979","Northridge, CA","https://en.wikipedia.org/wiki/Northridge,_CA","Lambda Kappa","1979","Seattle, WA","https://en.wikipedia.org/wiki/Seattle,_WA","Active","Lambda Xi","1980","San Diego, CA","https://en.wikipedia.org/wiki/San_Diego,_CA","Active","Mu Lambda","1980","Davis, CA","https://en.wikipedia.org/wiki/Davis,_CA","Mu Mu","1980","Phoenix, AZ","https://en.wikipedia.org/wiki/Phoenix,_AZ","Mu Xi","1981","San Jose, CA","https://en.wikipedia.org/wiki/San_Jose,_CA","Nu Delta","Boulder, CO","https://en.wikipedia.org/wiki/Boulder,_CO","Active","Nu Upsilon","Nu Xi","Inactive","Omicron Zeta","San Bernardino, CA","https://en.wikipedia.org/wiki/San_Bernardino,_CA","Active","Omicron Eta","Los Angeles, CA","https://en.wikipedia.org/wiki/Los_Angeles,_CA","Active","Los Angeles, CA","https://en.wikipedia.org/wiki/Los_Angeles,_CA","Fort Collins, CO","https://en.wikipedia.org/wiki/Fort_Collins,_CO","San Francisco, CA","https://en.wikipedia.org/wiki/San_Francisco,_CA"
"","","","","Alumni chapters","[","https://en.wikipedia.org/w/index.php?title=List_of_Phi_Beta_Sigma_chapters&action=edit&section=22","edit","]","","","","","","","","","","","","","","","","","","","","","","","","","","","","","","","","","","","","","","","","","","","","","","","","","","","","","","","","","","","","","","","","","","","","","","","","","","","","","","","","","","","","","","","","","","","","","","","","","","","","","","","","","","","","","","","","","","","","","","","","","","","","","","","","","","","","","","","","","","","","","","","","","","","","","","","","","","","","","","","","","","","","","","","","","","","","","",""
"","","","","","","","","","Name","Charter date and range","Institution","Location","Status","Notes","Ref.","Alpha Alpha Epsilon Sigma","","Active","","Alpha Epsilon Sigma","Inland Empire","https://en.wikipedia.org/wiki/Inland_Empire_(California)","Active","Alpha Nu Sigma","1947","Phoenix, AZ","https://en.wikipedia.org/wiki/Phoenix,_AZ","Active","Alpha Omega Sigma","San Francisco Bay Area, CA","https://en.wikipedia.org/wiki/San_Francisco_Bay_Area,_CA","Gamma Phi Sigma","","San Francisco, CA","https://en.wikipedia.org/wiki/San_Francisco,_CA","Active","Gamma Sigma Sigma","2003","Active","","","","","Delta Delta Sigma","1959","Stockton, CA","https://en.wikipedia.org/wiki/Stockton,_CA","","","Delta Psi Sigma","1967","Denver, CO","https://en.wikipedia.org/wiki/Denver,_CO","Active","Epsilon Delta Sigma","1968","San Fernando Valley, CA","https://en.wikipedia.org/wiki/San_Fernando_Valley,_CA","Epsilon Epsilon Sigma","1968","Fresno, CA","https://en.wikipedia.org/wiki/Fresno,_CA","Epsilon Psi Sigma","","Seattle, WA","https://en.wikipedia.org/wiki/Seattle,_WA","Zeta Pi Sigma","Paradise, NV","https://en.wikipedia.org/wiki/Paradise,_NV","Eta Nu Sigma","Honolulu, HI","https://en.wikipedia.org/wiki/Honolulu,_HI","Theta Alpha Sigma","1981","Colorado Springs, CO","https://en.wikipedia.org/wiki/Colorado_Springs,_CO","Active","Theta Gamma Sigma","","Long Beach, CA","https://en.wikipedia.org/wiki/Long_Beach,_CA","Active","Theta Zeta Sigma","Sacramento, CA","https://en.wikipedia.org/wiki/Sacramento,_CA","Theta Lambda Sigma","","Anchorage, AK","https://en.wikipedia.org/wiki/Anchorage,_AK","Iota Alpha Sigma","San Jose, CA","https://en.wikipedia.org/wiki/San_Jose,_CA","Active","Kappa Delta Sigma","","San Francisco Bay Area, CA","https://en.wikipedia.org/wiki/San_Francisco_Bay_Area,_CA","Kappa Eta Sigma","1988","Carson, CA","https://en.wikipedia.org/wiki/Carson,_CA","Lambda Iota Sigma","Palo Alto, CA","https://en.wikipedia.org/wiki/Palo_Alto,_CA","Active","Lambda Kappa Sigma","2000","San Diego, CA","https://en.wikipedia.org/wiki/San_Diego,_CA","Active","Nu Eta Sigma","2004","","Tucson, AZ","https://en.wikipedia.org/wiki/Tucson,_AZ","Active","Omicron Theta Sigma","2010","2012","Tokyo, Japan","https://en.wikipedia.org/wiki/Tokyo,_Japan","Active","Omicron Iota Sigma","2010","Portland, OR","https://en.wikipedia.org/wiki/Portland,_OR","Active","Omicron Upsilon Sigma","San Diego, CA","https://en.wikipedia.org/wiki/San_Diego,_CA","Active","Pi Xi Sigma","2014","Beverly Hills, CA","https://en.wikipedia.org/wiki/Beverly_Hills,_CA","Pi Pi Sigma","2014","Manama, Bahrain","https://en.wikipedia.org/wiki/Manama,_Bahrain","Rho Mu Sigma","2017","Aurora, CO","https://en.wikipedia.org/wiki/Aurora,_CO","Active","Rho Pi Sigma","2017","Abu Dhabi, United Arab Emirates","https://en.wikipedia.org/wiki/Abu_Dhabi,_United_Arab_Emirates","Active","Rho Rho Sigma","2017","Reno, NV","https://en.wikipedia.org/wiki/Reno,_NV","Rho Psi Sigma","2018","Bakersfield, CA","https://en.wikipedia.org/wiki/Bakersfield,_CA","Rho Psi Sigma","2018","Okinawa, Japan","https://en.wikipedia.org/wiki/Okinawa,_Japan","Sigma Zeta Sigma","Okinawa, Japan","https://en.wikipedia.org/wiki/Okinawa,_Japan","Active","Tau Theta Sigma","Tau Omicron Sigma","Active","Upsilon Psi Sigma","Tacoma, WA","https://en.wikipedia.org/wiki/Tacoma,_WA","Active","Phi Beta Sigma","Scottsdale, AZ","https://en.wikipedia.org/wiki/Scottsdale,_AZ","Active","Sierra Vista, AZ","https://en.wikipedia.org/wiki/Sierra_Vista,_AZ","Altadena, CA","https://en.wikipedia.org/wiki/Altadena,_CA","Los Angeles, CA","https://en.wikipedia.org/wiki/Los_Angeles,_CA"
"","","","","References","[","https://en.wikipedia.org/w/index.php?title=List_of_Phi_Beta_Sigma_chapters&action=edit&section=23","edit","]","","","","","","","","","","","","","","","","","","","","","","","","","","","","","","","","","","","","","","","","","","","","","","","","","","","","","","","","","","","","","","","","","","","","","","","","","","","","","","","","","","","","","","","","","","","","","","","","","","","","","","","","","","","","","","","","","","","","","","","","","","","","","","","","","","","","","","","","","","","","","","","","","","","","","","","","","","","","","","","","","","","","","","","","","","","","","",""
"","","","","","","","","","","","","","","","","","","","","","","","","","","","","","","","","","","","","","","","","","","","","","","","","","","","","","","","","","","","","","","","","","","","","","","","","","","","","","","","","","","","","","","","","","","","","","","","","","","","","","","","","","","","","","","","","","","","","","","","","","","","","","","","","","","","","","","","","","","","","","","","","","","","","","","","","","","","","","","","","","","","","","","","","","","","","","","","","","","","","","",""
"","","","","","","","","","","","","","","","","","","","","","","","","","","","","","","","","","","","","","","","","","","","","","","","","","","","","","","","","","","","","","","","","","","","","","","","","","","","","","","","","","","","","","","","","","","","","","","","","","","","","","","","","","","","","","","","","","","","","","","","","","","","","","","","","","","","","","","","","","","","","","","","","","","","","","","","","","","","","","","","","","","","","","","","","","","","","","","","","","","","","","",""
"","","","","","","","","","","","","","","","","","","","","","","","","","","","","","","","","","","","","","","","","","","","","","","","","","","","","","","","","","","","","","","","","","","","","","","","","","","","","","","","","","","","","","","","","","","","","","","","","","","","","","","","","","","","","","","","","","","","","","","","","","","","","","","","","","","","","","","","","","","","","","","","","","","","","","","","","","","","","","","","","","","","","","","","","","","","","","","","","","","","","","",""