"tablescraper-selected-row","tablescraper-selected-row 3","tablescraper-selected-row href","tablescraper-selected-row 4","tablescraper-selected-row href 2","tablescraper-selected-row 5","tablescraper-selected-row 7","tablescraper-selected-row 8"
"Alpha","Howard University","https://en.wikipedia.org/wiki/Howard_University","Washington","https://en.wikipedia.org/wiki/Washington,_D.C.","Active","",""
"Beta","Chicago","https://en.wikipedia.org/wiki/Chicago","","","Active","Illinois",""
"Gamma","University of Illinois Urbana-Champaign","https://en.wikipedia.org/wiki/University_of_Illinois_Urbana-Champaign","Champaign","https://en.wikipedia.org/wiki/Champaign,_Illinois","Active","Illinois",""
"Delta","University of Kansas","https://en.wikipedia.org/wiki/University_of_Kansas","Lawrence","https://en.wikipedia.org/wiki/Lawrence,_Kansas","Active","Kansas",""
"Epsilon","Boston","https://en.wikipedia.org/wiki/Boston","","","Active","Massachusetts",""
"Zeta","Wilberforce University","https://en.wikipedia.org/wiki/Wilberforce_University","Wilberforce","https://en.wikipedia.org/wiki/Wilberforce,_Ohio","Active","Ohio","1916"
"Theta (First)","","","","","Reissued","",""
"Iota","University of Pittsburgh","https://en.wikipedia.org/wiki/University_of_Pittsburgh","Pittsburgh","https://en.wikipedia.org/wiki/Pittsburgh","Active","Pennsylvania",""
"Theta (Second)","Ohio State University","https://en.wikipedia.org/wiki/Ohio_State_University","Columbus","https://en.wikipedia.org/wiki/Columbus,_Ohio","Active","Ohio",""
"Kappa","Indianapolis","https://en.wikipedia.org/wiki/Indianapolis","","","Active","Indiana",""
"Xi (First)","Detroit","https://en.wikipedia.org/wiki/Detroit","","","Inactive, Reissued","Michigan","– 1949"
"Omicron","University of Cincinnati","https://en.wikipedia.org/wiki/University_of_Cincinnati","Cincinnati","https://en.wikipedia.org/wiki/Cincinnati","Active","Ohio",""
"Pi","Fisk University","https://en.wikipedia.org/wiki/Fisk_University","Nashville","https://en.wikipedia.org/wiki/Nashville,_Tennessee","Active","Tennessee",""
"Rho","University of California, Berkeley","https://en.wikipedia.org/wiki/University_of_California,_Berkeley","Berkeley","https://en.wikipedia.org/wiki/Berkeley,_California","Active","California",""
"Tau","Indiana University Bloomington","https://en.wikipedia.org/wiki/Indiana_University_Bloomington","Bloomington","https://en.wikipedia.org/wiki/Bloomington,_Indiana","Active","Indiana",""
"Eta (Second)","University of Minnesota","https://en.wikipedia.org/wiki/University_of_Minnesota","Minneapolis","https://en.wikipedia.org/wiki/Minneapolis","Inactive, Reissued","Minnesota","1922–19xx ?"
"Lambda (Second)","New York City","https://en.wikipedia.org/wiki/New_York_City","","","Active","New York",""
"Mu (Second)","Temple University","https://en.wikipedia.org/wiki/Temple_University","Philadelphia","https://en.wikipedia.org/wiki/Philadelphia","Inactive, Reissued","Pennsylvania","1922–1945"
"Nu (Second)","West Virginia State University","https://en.wikipedia.org/wiki/West_Virginia_State_University","Institute","https://en.wikipedia.org/wiki/Institute,_West_Virginia","Active","West Virginia",""
"Sigma (Second)","University of Southern California","https://en.wikipedia.org/wiki/University_of_Southern_California","Los Angeles","https://en.wikipedia.org/wiki/Los_Angeles","Inactive","California","1922–19xx ?"
"Upsilon","Washburn University","https://en.wikipedia.org/wiki/Washburn_University","Topeka","https://en.wikipedia.org/wiki/Topeka,_Kansas","Active","Kansas",""
"Phi","Marshall","https://en.wikipedia.org/wiki/Marshall,_Texas","","","Active","Texas",""
"Chi","Talladega College","https://en.wikipedia.org/wiki/Talladega_College","Talladega","https://en.wikipedia.org/wiki/Talladega,_Alabama","Active","Alabama","1925"
"Omega","Cleveland","https://en.wikipedia.org/wiki/Cleveland","","","Active","Ohio",""
"Psi (First)","University of Pennsylvania","https://en.wikipedia.org/wiki/University_of_Pennsylvania","Philadelphia","https://en.wikipedia.org/wiki/Philadelphia","Inactive, Reissued","Pennsylvania","1925–1947"
"Alpha Alpha","","","","","Inactive ?","",""
"Alpha Beta (First)","","","","","Reissued","",""
"Alpha Gamma","University of California, Los Angeles","https://en.wikipedia.org/wiki/University_of_California,_Los_Angeles","Los Angeles","https://en.wikipedia.org/wiki/Los_Angeles","Active","California",""
"Alpha Delta","Morgan State University","https://en.wikipedia.org/wiki/Morgan_State_University","Baltimore","https://en.wikipedia.org/wiki/Baltimore","Active","Maryland",""
"Alpha Epsilon","Virginia State University","https://en.wikipedia.org/wiki/Virginia_State_University","Ettrick","https://en.wikipedia.org/wiki/Ettrick,_Virginia","Active","Virginia","1926"
"Alpha Zeta (First)","Atlanta","https://en.wikipedia.org/wiki/Atlanta","","","Inactive, Reissued","Georgia","1925–1933"
"Alpha Eta","Virginia Union University","https://en.wikipedia.org/wiki/Virginia_Union_University","Richmond","https://en.wikipedia.org/wiki/Richmond,_Virginia","Active","Virginia","1927"
"Alpha Theta (First)","University of Nebraska–Lincoln","https://en.wikipedia.org/wiki/University_of_Nebraska%E2%80%93Lincoln","Lincoln","https://en.wikipedia.org/wiki/Lincoln,_Nebraska","Inactive, Reissued","Nebraska","1927–19xx ?"
"Alpha Iota (First)","","","","","Inactive, Reissued","",""
"Alpha Kappa","Denver","https://en.wikipedia.org/wiki/Denver","","","Active","Colorado",""
"Alpha Lambda","University of Toledo","https://en.wikipedia.org/wiki/University_of_Toledo","Toledo","https://en.wikipedia.org/wiki/Toledo,_Ohio","Active","Ohio","1928"
"Alpha Iota (Second)","Lincoln University","https://en.wikipedia.org/wiki/Lincoln_University_(Missouri)","Jefferson City","https://en.wikipedia.org/wiki/Jefferson_City,_Missouri","Active","Missouri","1930"
"Alpha Mu (First)","Austin","https://en.wikipedia.org/wiki/Austin,_Texas","","","Inactive, Reissued","Texas","1930–19xx ?"
"Alpha Nu (First)","Eastern Michigan University","https://en.wikipedia.org/wiki/Eastern_Michigan_University","Ypsilanti","https://en.wikipedia.org/wiki/Ypsilanti,_Michigan","Inactive, Reissued","Michigan","1931–193x ?"
"Alpha Pi","Clark Atlanta University","https://en.wikipedia.org/wiki/Clark_Atlanta_University","Atlanta","https://en.wikipedia.org/wiki/Atlanta","Active","Georgia","1930"
"Alpha Xi","Livingstone College","https://en.wikipedia.org/wiki/Livingstone_College","Salisbury","https://en.wikipedia.org/wiki/Salisbury,_North_Carolina","Active","North Carolina","1930 (April 18, 1930)"
"Alpha Omicron (First)","San Francisco State University","https://en.wikipedia.org/wiki/San_Francisco_State_University","San Francisco","https://en.wikipedia.org/wiki/San_Francisco","Inactive, Reissued","California","1931–1940"
"Alpha Rho (First)","Wichita","https://en.wikipedia.org/wiki/Wichita,_Kansas","","","Inactive, Reissued","Kansas","1931–19xx ?"
"Alpha Sigma (First)","Phoenix","https://en.wikipedia.org/wiki/Phoenix,_Arizona","","","Inactive, Reissue","Arizona","1931–-1946"
"Alpha Tau (First)","Dayton","https://en.wikipedia.org/wiki/Dayton,_Ohio","","","Inactive, Reissued","Ohio","1931–193x ?"
"Alpha Upsilon (First)","Pittsburgh","https://en.wikipedia.org/wiki/Pittsburgh","","","Inactive, Reissued","Pennsylvania","1931–19xx ?"
"Alpha Phi","North Carolina A&T State University","https://en.wikipedia.org/wiki/North_Carolina_A%26T_State_University","Greensboro","https://en.wikipedia.org/wiki/Greensboro,_North_Carolina","Active","North Carolina","1931"
"Alpha Chi","North Carolina Central University","https://en.wikipedia.org/wiki/North_Carolina_Central_University","Durham","https://en.wikipedia.org/wiki/Durham,_North_Carolina","Active","North Carolina","1932"
"Alpha Psi","Tennessee State University","https://en.wikipedia.org/wiki/Tennessee_State_University","Nashville","https://en.wikipedia.org/wiki/Nashville,_Tennessee","Active","Tennessee","1931"
"Beta Alpha","Florida A&M University","https://en.wikipedia.org/wiki/Florida_A%26M_University","Tallahassee","https://en.wikipedia.org/wiki/Tallahassee,_Florida","Active","Florida","1932"
"Beta Beta (First)","Akron","https://en.wikipedia.org/wiki/Akron,_Ohio","","","Inactive, Reissued","Ohio","1932–195x ?"
"Beta Gamma (First)","Des Moines","https://en.wikipedia.org/wiki/Des_Moines,_Iowa","","","Inactive, Reissued","Iowa","– 1971"
"Beta Delta","St. Louis","https://en.wikipedia.org/wiki/St._Louis","","","Active","Missiouri",""
"Beta Epsilon","Louisville","https://en.wikipedia.org/wiki/Louisville,_Kentucky","","","Active","Kentucky","1932"
"Beta Zeta","Kentucky State University","https://en.wikipedia.org/wiki/Kentucky_State_University","Frankfort","https://en.wikipedia.org/wiki/Frankfort,_Kentucky","Active","Kentucky","1932"
"Beta Eta","University of Michigan","https://en.wikipedia.org/wiki/University_of_Michigan","Ann Arbor","https://en.wikipedia.org/wiki/Ann_Arbor,_Michigan","Active","Michigan","1932"
"Beta Theta","Seattle University","https://en.wikipedia.org/wiki/Seattle_University","Seattle","https://en.wikipedia.org/wiki/Seattle","Active","Washington",""
"","University of Washington","https://en.wikipedia.org/wiki/University_of_Washington","","","","",""
"Beta Iota (First)","Portsmouth","https://en.wikipedia.org/wiki/Portsmouth,_Ohio","","","Inactive, Reissued","Ohio","1934–19xx ?"
"Beta Kappa (First)","San Diego","https://en.wikipedia.org/wiki/San_Diego","","","Inactive, Reissued","California","1935–19xx ?"
"Beta Lambda","University of the District of Columbia","https://en.wikipedia.org/wiki/University_of_the_District_of_Columbia","Washington","https://en.wikipedia.org/wiki/Washington,_D.C.","Active","",""
"Beta Mu","Wayne State University","https://en.wikipedia.org/wiki/Wayne_State_University","Detroit","https://en.wikipedia.org/wiki/Detroit","Inactive","Michigan","1936–xxxx ?"
"Beta Nu","Pittsburg State University","https://en.wikipedia.org/wiki/Pittsburg_State_University","Pittsburg","https://en.wikipedia.org/wiki/Pittsburg,_Kansas","Inactive","Kansas","1937–xxxx ?"
"Beta Xi (First)","Cornell University","https://en.wikipedia.org/wiki/Cornell_University","Ithaca","https://en.wikipedia.org/wiki/Ithaca,_New_York","Inactive, Reissued","New York","1937–1940"
"Beta Omicron","Bluefield State University","https://en.wikipedia.org/wiki/Bluefield_State_University","Bluefield","https://en.wikipedia.org/wiki/Bluefield,_West_Virginia","Active","West Virginia","1938"
"Beta Pi","Alabama State University","https://en.wikipedia.org/wiki/Alabama_State_University","Montgomery","https://en.wikipedia.org/wiki/Montgomery,_Alabama","Active","Alabama","1938"
"Beta Rho","Shaw University","https://en.wikipedia.org/wiki/Shaw_University","Raleigh","https://en.wikipedia.org/wiki/Raleigh,_North_Carolina","Active","North Carolina","1938"
"Beta Sigma","South Carolina State University","https://en.wikipedia.org/wiki/South_Carolina_State_University","Orangeburg","https://en.wikipedia.org/wiki/Orangeburg,_South_Carolina","Active","South Carolina","1938"
"Beta Tau","LeMoyne–Owen College","https://en.wikipedia.org/wiki/LeMoyne%E2%80%93Owen_College","Memphis","https://en.wikipedia.org/wiki/Memphis,_Tennessee","Active","Tennessee","1938"
"Beta Upsilon","Dillard University","https://en.wikipedia.org/wiki/Dillard_University","New Orleans","https://en.wikipedia.org/wiki/New_Orleans","Active","Louisiana","1938"
"Beta Phi (First)","Xavier University of Louisiana","https://en.wikipedia.org/wiki/Xavier_University_of_Louisiana","New Orleans","https://en.wikipedia.org/wiki/New_Orleans","Inactive, Reissued","Louisiana","1938–1953"
"Alpha Zeta (Second)","Langston University","https://en.wikipedia.org/wiki/Langston_University","Langston","https://en.wikipedia.org/wiki/Langston,_Oklahoma","Inactive","Oklahoma","1939–xxxx ?"
"Alpha Nu (Second)","Huston–Tillotson College","https://en.wikipedia.org/wiki/Huston%E2%80%93Tillotson_University","Austin","https://en.wikipedia.org/wiki/Austin,_Texas","Inactive, Reissued","Texas","1939–1953"
"Alpha Tau","Texas College","https://en.wikipedia.org/wiki/Texas_College","Tyler","https://en.wikipedia.org/wiki/Tyler,_Texas","Inactive","Texas","1939–xxxx ?"
"Beta Chi","Lane College","https://en.wikipedia.org/wiki/Lane_College","Jackson","https://en.wikipedia.org/wiki/Jackson,_Tennessee","Active","Tennessee","1939"
"Beta Psi","Southern University","https://en.wikipedia.org/wiki/Southern_University","Baton Rouge","https://en.wikipedia.org/wiki/Baton_Rouge,_Louisiana","Active","Louisiana",""
"Gamma Alpha","Little Rock","https://en.wikipedia.org/wiki/Little_Rock,_Arkansas","","","Inactive","Arkansas","– xxxx ?"
"Gamma Beta","Omaha","https://en.wikipedia.org/wiki/Omaha,_Nebraska","","","Active","Nebraska",""
"Gamma Gamma","Morris Brown College","https://en.wikipedia.org/wiki/Morris_Brown_College","Atlanta","https://en.wikipedia.org/wiki/Atlanta","Active","Georgia","1942–xxxx ?"
"Alpha Beta","Fort Valley State University","https://en.wikipedia.org/wiki/Fort_Valley_State_University","Fort Valley","https://en.wikipedia.org/wiki/Fort_Valley,_Georgia","Active","Georgia","1943"
"Gamma Delta","Johnson C. Smith University","https://en.wikipedia.org/wiki/Johnson_C._Smith_University","Charlotte","https://en.wikipedia.org/wiki/Charlotte,_North_Carolina","Active","North Carolina","1944"
"Gamma Epsilon","Philadelphia","https://en.wikipedia.org/wiki/Philadelphia","","","Active","Pennsylvania",""
"Gamma Eta","Knoxville College","https://en.wikipedia.org/wiki/Knoxville_College","Knoxville","https://en.wikipedia.org/wiki/Knoxville,_Tennessee","Inactive","Tennessee","1946–xxxx ?"
"Gamma Theta","Hampton University","https://en.wikipedia.org/wiki/Hampton_University","Hampton","https://en.wikipedia.org/wiki/Hampton,_Virginia","Active","Virginia",""
"Mu (Third)","Allen University","https://en.wikipedia.org/wiki/Allen_University","Columbia","https://en.wikipedia.org/wiki/Columbia,_South_Carolina","Active","South Carolina","1947"
"Psi (Second)","Benedict College","https://en.wikipedia.org/wiki/Benedict_College","Columbia","https://en.wikipedia.org/wiki/Columbia,_South_Carolina","Inactive","South Carolina","1947–19xx ?"
"Gamma Zeta","Rutgers University–Newark","https://en.wikipedia.org/wiki/Rutgers_University%E2%80%93Newark","Newark","https://en.wikipedia.org/wiki/Newark,_New_Jersey","Active","New Jersey",""
"","New Jersey Institute of Technology","https://en.wikipedia.org/wiki/New_Jersey_Institute_of_Technology","","","","",""
"Gamma Iota","Buffalo","https://en.wikipedia.org/wiki/Buffalo,_New_York","","","Active","New York","1948"
"Gamma Kappa","Tuskegee University","https://en.wikipedia.org/wiki/Tuskegee_University","Tuskegee","https://en.wikipedia.org/wiki/Tuskegee,_Alabama","Active","Alabama","1948"
"Xi (Second)","Eastern Michigan University","https://en.wikipedia.org/wiki/Eastern_Michigan_University","Ypsilanti","https://en.wikipedia.org/wiki/Ypsilanti,_Michigan","Active","Michigan","1949"
"Gamma Lambda","Winston-Salem State University","https://en.wikipedia.org/wiki/Winston-Salem_State_University","Winston-Salem","https://en.wikipedia.org/wiki/Winston-Salem,_North_Carolina","Active","North Carolina","1949"
"Gamma Mu","Alabama A&M University","https://en.wikipedia.org/wiki/Alabama_A%26M_University","Normal","https://en.wikipedia.org/wiki/Normal,_Alabama","Active","Alabama","1949"
"Gamma Nu","Claflin University","https://en.wikipedia.org/wiki/Claflin_University","Orangeburg","https://en.wikipedia.org/wiki/Orangeburg,_South_Carolina","Active","South Carolina","1949"
"Gamma Xi","St. Augustine's University","https://en.wikipedia.org/wiki/St._Augustine%27s_University_(North_Carolina)","Raleigh","https://en.wikipedia.org/wiki/Raleigh,_North_Carolina","Inactive","North Carolina","1949–xxxx ?"
"Gamma Omicron","Tougaloo College","https://en.wikipedia.org/wiki/Tougaloo_College","Jackson","https://en.wikipedia.org/wiki/Jackson,_Mississippi","Active","Mississippi","1949"
"Gamma Pi (First)","Iowa State University","https://en.wikipedia.org/wiki/Iowa_State_University","Ames","https://en.wikipedia.org/wiki/Ames,_Iowa","Inactive","Iowa","1949–19xx ?"
"Gamma Rho","Jackson State University","https://en.wikipedia.org/wiki/Jackson_State_University","Jackson","https://en.wikipedia.org/wiki/Jackson,_Mississippi","Inactive","Mississippi","1949–xxxx ?"
"Gamma Sigma","Albany State University","https://en.wikipedia.org/wiki/Albany_State_University","Albany","https://en.wikipedia.org/wiki/Albany,_Georgia","Active","Georgia","1949"
"Gamma Tau","Bethune–Cookman University","https://en.wikipedia.org/wiki/Bethune%E2%80%93Cookman_University","Daytona Beach","https://en.wikipedia.org/wiki/Daytona_Beach,_Florida","Inactive","Florida","– xxxx ?"
"Gamma Upsilon","Savannah State University","https://en.wikipedia.org/wiki/Savannah_State_University","Savannah","https://en.wikipedia.org/wiki/Savannah,_Georgia","Active","Georgia","1949"
"Gamma Phi (First)","Alcorn State University","https://en.wikipedia.org/wiki/Alcorn_State_University","Lorman","https://en.wikipedia.org/wiki/Lorman,_Mississippi","Active","Mississippi","1950–xxxx ?, xxxx ?"
"Gamma Chi (First)","Dayton","https://en.wikipedia.org/wiki/Dayton,_Ohio","","","Inactive, Reissued","Ohio","1950–19xx ?"
"Gamma Psi","Texas Southern University","https://en.wikipedia.org/wiki/Texas_Southern_University","Houston","https://en.wikipedia.org/wiki/Houston","Active","Texas","1950"
"Alpha Theta (Second)","Grambling State University","https://en.wikipedia.org/wiki/Grambling_State_University","Grambling","https://en.wikipedia.org/wiki/Grambling,_Louisiana","Active","Louisiana","1951"
"Alpha Omicron (Second)","University of Maryland Eastern Shore","https://en.wikipedia.org/wiki/University_of_Maryland_Eastern_Shore","Princess Anne","https://en.wikipedia.org/wiki/Princess_Anne,_Maryland","Inactive","Maryland","1951–xxxx ?"
"Alpha Rho (Second)","University of Arkansas at Pine Bluff","https://en.wikipedia.org/wiki/University_of_Arkansas_at_Pine_Bluff","Pine Bluff","https://en.wikipedia.org/wiki/Pine_Bluff,_Arkansas","Active","Arkansas","1951"
"Beta Iota (Second)","University of Evansville","https://en.wikipedia.org/wiki/University_of_Evansville","Evansville","https://en.wikipedia.org/wiki/Evansville,_Indiana","Inactive, Reissued","Indiana","1951–19xx ?"
"Alpha Upsilon (Second)","","https://en.wikipedia.org/wiki/Saint_Paul%27s_College_(Virginia)","Lawrenceville","https://en.wikipedia.org/wiki/Lawrenceville,_Virginia","Inactive","Virginia","1952–xxxx ?"
"Beta Xi (Second)","Central State University","https://en.wikipedia.org/wiki/Central_State_University","Wilberforce","https://en.wikipedia.org/wiki/Wilberforce,_Ohio","Active","Ohio","1952"
"Delta Alpha","Fayetteville State College","https://en.wikipedia.org/wiki/Fayetteville_State_University","Fayetteville","https://en.wikipedia.org/wiki/Fayetteville,_North_Carolina","Active","North Carolina","1952–xxxx ?"
"Delta Beta","Southern Illinois University Carbondale","https://en.wikipedia.org/wiki/Southern_Illinois_University_Carbondale","Carbondale","https://en.wikipedia.org/wiki/Carbondale,_Illinois","Active","Illinois","1952"
"Delta Gamma","Pennsylvania State University","https://en.wikipedia.org/wiki/Pennsylvania_State_University","","","Inactive","Pennsylvania","1953"
"Beta Kappa (Second)","Huston–Tillotson University","https://en.wikipedia.org/wiki/Huston%E2%80%93Tillotson_University","Houston","https://en.wikipedia.org/wiki/Houston","Active","Texas","1953"
"Delta Delta","Youngstown State University","https://en.wikipedia.org/wiki/Youngstown_State_University","Youngstown","https://en.wikipedia.org/wiki/Youngstown,_Ohio","Active","Ohio","1953"
"Delta Epsilon (First)","Detroit","https://en.wikipedia.org/wiki/Detroit","","","Inactive, Reissued","Michigan","1953–19xx ?"
"Delta Zeta","Michigan State University","https://en.wikipedia.org/wiki/Michigan_State_University","East Lansing","https://en.wikipedia.org/wiki/East_Lansing,_Michigan","Active","Michigan","1954"
"Delta Eta","Florida Memorial University","https://en.wikipedia.org/wiki/Florida_Memorial_University","Miami Gardens","https://en.wikipedia.org/wiki/Miami_Gardens,_Florida","Active","Florida","1954"
"Delta Theta","Elizabeth City State University","https://en.wikipedia.org/wiki/Elizabeth_City_State_University","Elizabeth City","https://en.wikipedia.org/wiki/Elizabeth_City,_North_Carolina","Active","North Carolina","1954"
"Delta Iota","Cheyney","https://en.wikipedia.org/wiki/Cheyney,_Pennsylvania","","","Active","Pennsylvania","1954"
"Delta Kappa","Bishop College","https://en.wikipedia.org/wiki/Bishop_College","Marshall","https://en.wikipedia.org/wiki/Marshall,_Texas","Inactive","Texas","1955–19xx ?"
"Delta Lambda","Delaware State University","https://en.wikipedia.org/wiki/Delaware_State_University","Dover","https://en.wikipedia.org/wiki/Dover,_Delaware","Active","Delaware","1955"
"Delta Mu","Temple University","https://en.wikipedia.org/wiki/Temple_University","Philadelphia","https://en.wikipedia.org/wiki/Philadelphia","Active","Pennsylvania","1955"
"Alpha Mu (Second)","Brooklyn","https://en.wikipedia.org/wiki/Brooklyn","","","Active","New York","1955"
"Delta Nu","","","","","Inactive ?","",""
"Delta Xi","University of Texas at Austin","https://en.wikipedia.org/wiki/University_of_Texas_at_Austin","Austin","https://en.wikipedia.org/wiki/Austin,_Texas","Active","Texas","1959"
"Alpha Nu (Third)","Fresno","https://en.wikipedia.org/wiki/Fresno,_California","","","Moved","California","1959–1972"
"Alpha Sigma (Second)","Pittsburgh","https://en.wikipedia.org/wiki/Pittsburgh","","","Active","Pennsylvania","1959"
"Delta Omicron","Northern Illinois University","https://en.wikipedia.org/wiki/Northern_Illinois_University","DeKalb","https://en.wikipedia.org/wiki/DeKalb,_Illinois","Active","Illinois","1960–19xx ?, March 28, 1981"
"Delta Pi","University of Akron","https://en.wikipedia.org/wiki/University_of_Akron","Akron","https://en.wikipedia.org/wiki/Akron,_Ohio","Active","Ohio","1961"
"Delta Rho","San Antonio","https://en.wikipedia.org/wiki/San_Antonio","","","Active","Texas","1961"
"Delta Epsilon (Second)","Norfolk State University","https://en.wikipedia.org/wiki/Norfolk_State_University","Norfolk","https://en.wikipedia.org/wiki/Norfolk,_Virginia","Inactive","Virginia","1961–xxxx ?"
"Beta Beta (Second)","Oklahoma City","https://en.wikipedia.org/wiki/Oklahoma_City","","","Inactive","Oklahoma","1962–xxxx ?"
"Delta Sigma","Stillman College","https://en.wikipedia.org/wiki/Stillman_College","Tuscaloosa","https://en.wikipedia.org/wiki/Tuscaloosa,_Alabama","Active","Alabama",""
"Delta Tau","University of Missouri","https://en.wikipedia.org/wiki/University_of_Missouri","Columbia","https://en.wikipedia.org/wiki/Columbia,_Missouri","Active","Missouri","1964"
"Delta Upsilon","Kansas City","https://en.wikipedia.org/wiki/Kansas_City,_Kansas","","","Inactive","Kansas","1964–xxxx ?"
"Delta Phi","Ohio University","https://en.wikipedia.org/wiki/Ohio_University","Athens","https://en.wikipedia.org/wiki/Athens,_Ohio","Active","Ohio","1964"
"Delta Chi","Western Michigan University","https://en.wikipedia.org/wiki/Western_Michigan_University","Kalamazoo","https://en.wikipedia.org/wiki/Kalamazoo,_Michigan","Active","Michigan","1965"
"Delta Psi","Barber–Scotia College","https://en.wikipedia.org/wiki/Barber%E2%80%93Scotia_College","Concord","https://en.wikipedia.org/wiki/Concord,_North_Carolina","Inactive","North Carolina","1966–xxxx ?"
"Epsilon Alpha","Wichita State University","https://en.wikipedia.org/wiki/Wichita_State_University","Wichita","https://en.wikipedia.org/wiki/Wichita,_Kansas","Active","Kansas","1967"
"Epsilon Beta","University of Louisiana at Lafayette","https://en.wikipedia.org/wiki/University_of_Louisiana_at_Lafayette","Lafayette","https://en.wikipedia.org/wiki/Lafayette,_Louisiana","Active","Louisiana","1967"
"Epsilon Gamma","Kent State University","https://en.wikipedia.org/wiki/Kent_State_University","Kent","https://en.wikipedia.org/wiki/Kent,_Ohio","Inactive","Ohio","1968–xxxx ?"
"Epsilon Delta","University of Wisconsin–Madison","https://en.wikipedia.org/wiki/University_of_Wisconsin%E2%80%93Madison","Madison","https://en.wikipedia.org/wiki/Madison,_Wisconsin","Active","Wisconsin","1968"
"Epsilon Epsilon","University of Memphis","https://en.wikipedia.org/wiki/University_of_Memphis","Memphis","https://en.wikipedia.org/wiki/Memphis,_Tennessee","Active","Tennessee","1968"
"Epsilon Zeta","Western Kentucky University","https://en.wikipedia.org/wiki/Western_Kentucky_University","Bowling Green","https://en.wikipedia.org/wiki/Bowling_Green,_Kentucky","Active","Kentucky","1968"
"Epsilon Eta","Bradley University","https://en.wikipedia.org/wiki/Bradley_University","Peoria","https://en.wikipedia.org/wiki/Peoria,_Illinois","Active","Illinois","1968"
"Beta Phi (Second)","Ball State University","https://en.wikipedia.org/wiki/Ball_State_University","Muncie","https://en.wikipedia.org/wiki/Muncie,_Indiana","Active","Indiana","1968"
"Gamma Chi (Second)","Northwestern University","https://en.wikipedia.org/wiki/Northwestern_University","Evanston","https://en.wikipedia.org/wiki/Evanston,_Illinois","Inactive","Illinois","1968–xxxx ?"
"Epsilon Theta","University of Iowa","https://en.wikipedia.org/wiki/University_of_Iowa","Iowa City","https://en.wikipedia.org/wiki/Iowa_City,_Iowa","Active","Iowa","1969"
"Epsilon Iota","Southern Illinois University Edwardsville","https://en.wikipedia.org/wiki/Southern_Illinois_University_Edwardsville","Edwardsville","https://en.wikipedia.org/wiki/Edwardsville,_Illinois","Active","Illinois","1969"
"Epsilon Kappa","Coppin State University","https://en.wikipedia.org/wiki/Coppin_State_University","Baltimore","https://en.wikipedia.org/wiki/Baltimore","Active","Maryland","1969"
"Epsilon Lambda","University of Houston","https://en.wikipedia.org/wiki/University_of_Houston","Houston","https://en.wikipedia.org/wiki/Houston","Active","Texas","1969"
"Epsilon Mu","University of North Texas","https://en.wikipedia.org/wiki/University_of_North_Texas","Denton","https://en.wikipedia.org/wiki/Denton,_Texas","Active","Texas","1969"
"Epsilon Nu","Lincoln University","https://en.wikipedia.org/wiki/Lincoln_University_(Pennsylvania)","Oxford","https://en.wikipedia.org/wiki/Oxford","Active","Pennsylvania","1969"
"Epsilon Xi","Indiana State University","https://en.wikipedia.org/wiki/Indiana_State_University","Terre Haute","https://en.wikipedia.org/wiki/Terre_Haute,_Indiana","Active","Indiana","1969"
"Epsilon Omicron","Stetson University","https://en.wikipedia.org/wiki/Stetson_University","DeLand","https://en.wikipedia.org/wiki/DeLand,_Florida","Inactive","Florida","1969–xxxx ?"
"Epsilon Pi","Mississippi Valley State University","https://en.wikipedia.org/wiki/Mississippi_Valley_State_University","","","Active","Mississippi","1969"
"Eta (Third)","Bowie State University","https://en.wikipedia.org/wiki/Bowie_State_University","Prince George's County","https://en.wikipedia.org/wiki/Prince_George%27s_County,_Maryland","Active","Maryland","1969"
"Beta Iota (Third)","Northern Michigan University","https://en.wikipedia.org/wiki/Northern_Michigan_University","Marquette","https://en.wikipedia.org/wiki/Marquette,_Michigan","Inactive, Reissued","Michigan","1969–xxxx ?"
"Epsilon Rho","Purdue University","https://en.wikipedia.org/wiki/Purdue_University","West Lafayette","https://en.wikipedia.org/wiki/West_Lafayette,_Indiana","Active","Indiana","1969"
"Gamma Phi (Second)","Miles College","https://en.wikipedia.org/wiki/Miles_College","Fairfield","https://en.wikipedia.org/wiki/Fairfield,_Alabama","Inactive, Reissued","Alabama","– xxxx ?"
"Epsilon Sigma","East Texas A&M University","https://en.wikipedia.org/wiki/East_Texas_A%26M_University","Commerce","https://en.wikipedia.org/wiki/Commerce,_Texas","Active","Texas","1970"
"Epsilon Tau","Xavier University of Louisiana","https://en.wikipedia.org/wiki/Xavier_University_of_Louisiana","New Orleans","https://en.wikipedia.org/wiki/New_Orleans","Active","Louisiana","1970"
"Epsilon Upsilon","University of South Alabama","https://en.wikipedia.org/wiki/University_of_South_Alabama","Mobile","https://en.wikipedia.org/wiki/Mobile,_Alabama","Active","Alabama","1970"
"Epsilon Phi","University of Arkansas at Little Rock","https://en.wikipedia.org/wiki/University_of_Arkansas_at_Little_Rock","Little Rock","https://en.wikipedia.org/wiki/Little_Rock,_Arkansas","Active","Arkansas",""
"Epsilon Chi","University of Dayton","https://en.wikipedia.org/wiki/University_of_Dayton","Dayton","https://en.wikipedia.org/wiki/Dayton,_Ohio","Active","Ohio","1970"
"","Wright State University","https://en.wikipedia.org/wiki/Wright_State_University","Fairborn","https://en.wikipedia.org/wiki/Fairborn,_Ohio","","",""
"Epsilon Psi","PennWest Edinboro","https://en.wikipedia.org/wiki/PennWest_Edinboro","Edinboro","https://en.wikipedia.org/wiki/Edinboro,_Pennsylvania","Inactive","Pennsylvania","1970–xxxx ?"
"Zeta Alpha","Arizona State University","https://en.wikipedia.org/wiki/Arizona_State_University","Tempe","https://en.wikipedia.org/wiki/Tempe,_Arizona","Active","Arizona","1970"
"Zeta Beta","Lamar University","https://en.wikipedia.org/wiki/Lamar_University","Beaumont","https://en.wikipedia.org/wiki/Beaumont,_Texas","Active","Texas","1970"
"Zeta Gamma","Prairie View A&M University","https://en.wikipedia.org/wiki/Prairie_View_A%26M_University","Prairie View","https://en.wikipedia.org/wiki/Prairie_View,_Texas","Inactive","Texas","1970–xxxx ?"
"Zeta Delta","University of Tennessee","https://en.wikipedia.org/wiki/University_of_Tennessee","Knoxville","https://en.wikipedia.org/wiki/Knoxville,_Tennessee","Active","Tennessee","1970"
"Zeta Epsilon","Ferris State University","https://en.wikipedia.org/wiki/Ferris_State_University","Big Rapids","https://en.wikipedia.org/wiki/Big_Rapids,_Michigan","Active","Michigan","1971"
"Zeta Zeta","Murray State University","https://en.wikipedia.org/wiki/Murray_State_University","Murray","https://en.wikipedia.org/wiki/Murray,_Kentucky","Active","Kentucky","1971"
"Zeta Eta","Paine College","https://en.wikipedia.org/wiki/Paine_College","Augusta","https://en.wikipedia.org/wiki/Augusta,_Georgia","Active","Georgia","1971"
"Zeta Theta","Southern University at New Orleans","https://en.wikipedia.org/wiki/Southern_University_at_New_Orleans","New Orleans","https://en.wikipedia.org/wiki/New_Orleans","Active","Louisiana","1971"
"Zeta Iota","Western Illinois University","https://en.wikipedia.org/wiki/Western_Illinois_University","Macomb","https://en.wikipedia.org/wiki/Macomb,_Illinois","Inactive","Illinois","1971–xxxx ?"
"Zeta Kappa","University of Tennessee at Chattanooga","https://en.wikipedia.org/wiki/University_of_Tennessee_at_Chattanooga","Chattanooga","https://en.wikipedia.org/wiki/Chattanooga,_Tennessee","Active","Tennessee","1971"
"Zeta Lambda","University of Tennessee at Martin","https://en.wikipedia.org/wiki/University_of_Tennessee_at_Martin","Martin","https://en.wikipedia.org/wiki/Martin,_Tennessee","Active","Tennessee","1971"
"Zeta Mu","University of Texas at Arlington","https://en.wikipedia.org/wiki/University_of_Texas_at_Arlington","Arlington","https://en.wikipedia.org/wiki/Arlington,_Texas","Active","Texas","1971"
"Zeta Nu","Eastern Kentucky University","https://en.wikipedia.org/wiki/Eastern_Kentucky_University","Richmond","https://en.wikipedia.org/wiki/Richmond,_Kentucky","Active","Kentucky","1971"
"Zeta Xi","Bennett College","https://en.wikipedia.org/wiki/Bennett_College","Greensboro","https://en.wikipedia.org/wiki/Greensboro,_North_Carolina","Active","North Carolina","1971"
"Zeta Omicron","Florida State University","https://en.wikipedia.org/wiki/Florida_State_University","Tallahassee","https://en.wikipedia.org/wiki/Tallahassee,_Florida","Active","Florida","1971"
"Zeta Pi","McNeese State University","https://en.wikipedia.org/wiki/McNeese_State_University","Lake Charles","https://en.wikipedia.org/wiki/Lake_Charles,_Louisiana","Active","Louisiana","1971"
"Zeta Rho","Central Michigan University","https://en.wikipedia.org/wiki/Central_Michigan_University","Mount Pleasant","https://en.wikipedia.org/wiki/Mount_Pleasant,_Michigan","Inactive","Michigan","1971–xxxx ?"
"Zeta Sigma","The College of New Jersey","https://en.wikipedia.org/wiki/The_College_of_New_Jersey","Ewing Township","https://en.wikipedia.org/wiki/Ewing_Township,_New_Jersey","Active","New Jersey","1971"
"Zeta Tau","Texas Tech University","https://en.wikipedia.org/wiki/Texas_Tech_University","Lubbock","https://en.wikipedia.org/wiki/Lubbock,_Texas","Active","Texas","1971"
"Zeta Upsilon","University of South Florida","https://en.wikipedia.org/wiki/University_of_South_Florida","Tampa","https://en.wikipedia.org/wiki/Tampa,_Florida","Active","Florida","1971"
"Zeta Phi","Indiana University Northwest","https://en.wikipedia.org/wiki/Indiana_University_Northwest","Gary","https://en.wikipedia.org/wiki/Gary,_Indiana","Inactive","Indiana","1971–xxxx ?"
"Zeta Chi","Jarvis Christian University","https://en.wikipedia.org/wiki/Jarvis_Christian_University","Wood County","https://en.wikipedia.org/wiki/Wood_County,_Texas","Active","Texas","1972"
"Zeta Psi","San Jose State University","https://en.wikipedia.org/wiki/San_Jose_State_University","San Jose","https://en.wikipedia.org/wiki/San_Jose,_California","Active","California","1972"
"Alpha Nu (Fourth)","California State University, Fresno","https://en.wikipedia.org/wiki/California_State_University,_Fresno","Fresno","https://en.wikipedia.org/wiki/Fresno,_California","Active","California","1972"
"Eta Alpha","Illinois State University","https://en.wikipedia.org/wiki/Illinois_State_University","Normal","https://en.wikipedia.org/wiki/Normal,_Illinois","Inactive","Illinois","1972–xxxx ?"
"Eta Beta","Vanderbilt University","https://en.wikipedia.org/wiki/Vanderbilt_University","Nashville","https://en.wikipedia.org/wiki/Nashville,_Tennessee","Inactive","Tennessee","1972–xxxx ?"
"Eta Gamma","Eastern Illinois University","https://en.wikipedia.org/wiki/Eastern_Illinois_University","Charleston","https://en.wikipedia.org/wiki/Charleston,_Illinois","Inactive","Illinois","1972–xxxx ?"
"Eta Delta","University of Texas at El Paso","https://en.wikipedia.org/wiki/University_of_Texas_at_El_Paso","El Paso","https://en.wikipedia.org/wiki/El_Paso,_Texas","Active","Texas","1972"
"Eta Epsilon","Stephen F. Austin State University","https://en.wikipedia.org/wiki/Stephen_F._Austin_State_University","Nacogdoches","https://en.wikipedia.org/wiki/Nacogdoches,_Texas","Active","Texas","1972"
"Eta Zeta","Marshall University","https://en.wikipedia.org/wiki/Marshall_University","Huntington","https://en.wikipedia.org/wiki/Huntington,_West_Virginia","Active","West Virginia","1972"
"Eta Eta","University of New Orleans","https://en.wikipedia.org/wiki/University_of_New_Orleans","New Orleans","https://en.wikipedia.org/wiki/New_Orleans","Active","Louisiana","1972"
"Eta Theta","Loyola University New Orleans","https://en.wikipedia.org/wiki/Loyola_University_New_Orleans","New Orleans","https://en.wikipedia.org/wiki/New_Orleans","Active","Louisiana","1972"
"Eta Iota","Columbus State University","https://en.wikipedia.org/wiki/Columbus_State_University","Columbus","https://en.wikipedia.org/wiki/Columbus,_Georgia","Active","Georgia","1972"
"Eta Kappa","Louisiana State University","https://en.wikipedia.org/wiki/Louisiana_State_University","Baton Rouge","https://en.wikipedia.org/wiki/Baton_Rouge,_Louisiana","Active","Louisiana","1972"
"Eta Lambda","California State University, Sacramento","https://en.wikipedia.org/wiki/California_State_University,_Sacramento","Sacramento","https://en.wikipedia.org/wiki/Sacramento,_California","Active","California","1972"
"Eta Mu","Georgia State University","https://en.wikipedia.org/wiki/Georgia_State_University","Atlanta","https://en.wikipedia.org/wiki/Atlanta","Active","Georgia","1972"
"Eta Nu","Voorhees College","https://en.wikipedia.org/wiki/Voorhees_University","Denmark","https://en.wikipedia.org/wiki/Denmark,_South_Carolina","Inactive","South Carolina","1973–xxxx ?"
"Eta Xi","University of Georgia","https://en.wikipedia.org/wiki/University_of_Georgia","Athens","https://en.wikipedia.org/wiki/Athens,_Georgia","Active","Georgia","1973"
"Eta Omicron","West Virginia University","https://en.wikipedia.org/wiki/West_Virginia_University","Morgantown","https://en.wikipedia.org/wiki/Morgantown,_West_Virginia","Active","West Virginia","1973"
"Eta Pi","University of Central Oklahoma","https://en.wikipedia.org/wiki/University_of_Central_Oklahoma","Edmond","https://en.wikipedia.org/wiki/Edmond,_Oklahoma","Inactive","Oklahoma","1973–xxxx ?"
"Eta Rho","Morehead State University","https://en.wikipedia.org/wiki/Morehead_State_University","Morehead","https://en.wikipedia.org/wiki/Morehead,_Kentucky","Active","Kentucky","1973"
"Eta Sigma","San Francisco State University","https://en.wikipedia.org/wiki/San_Francisco_State_University","San Francisco","https://en.wikipedia.org/wiki/San_Francisco","Active","California",""
"","University of San Francisco","https://en.wikipedia.org/wiki/University_of_San_Francisco","","","","",""
"Eta Tau","Drake University","https://en.wikipedia.org/wiki/Drake_University","Des Moines","https://en.wikipedia.org/wiki/Des_Moines,_Iowa","Active","Iowa","1973"
"","Iowa State University","https://en.wikipedia.org/wiki/Iowa_State_University","Ames","https://en.wikipedia.org/wiki/Ames,_Iowa","","",""
"Eta Upsilon","Arkansas State University","https://en.wikipedia.org/wiki/Arkansas_State_University","Jonesboro","https://en.wikipedia.org/wiki/Jonesboro,_Arkansas","Active","Arkansas","1973"
"Eta Phi","Texas A&M University–Kingsville","https://en.wikipedia.org/wiki/Texas_A%26M_University%E2%80%93Kingsville","Kingsville","https://en.wikipedia.org/wiki/Kingsville,_Texas","Active","Texas","1973"
"Eta Chi","University of Louisiana at Monroe","https://en.wikipedia.org/wiki/University_of_Louisiana_at_Monroe","Monroe","https://en.wikipedia.org/wiki/Monroe,_Louisiana","Active","Louisiana","1973"
"Eta Psi","Middle Tennessee State University","https://en.wikipedia.org/wiki/Middle_Tennessee_State_University","Murfreesboro","https://en.wikipedia.org/wiki/Murfreesboro,_Tennessee","Active","Tennessee","1973"
"Theta Alpha","East Carolina University","https://en.wikipedia.org/wiki/East_Carolina_University","Greenville","https://en.wikipedia.org/wiki/Greenville,_North_Carolina","Active","North Carolina","1973"
"Theta Beta","Stillwater","https://en.wikipedia.org/wiki/Stillwater,_Oklahoma","","","Active","Oklahoma","1973"
"Theta Gamma","University of South Carolina","https://en.wikipedia.org/wiki/University_of_South_Carolina","Columbia","https://en.wikipedia.org/wiki/Columbia,_South_Carolina","Active","South Carolina","1973"
"Theta Delta","Texas State University","https://en.wikipedia.org/wiki/Texas_State_University","San Marcos","https://en.wikipedia.org/wiki/San_Marcos,_Texas","Inactive","Texas","1973–xxxx ?"
"Theta Epsilon","Sam Houston State University","https://en.wikipedia.org/wiki/Sam_Houston_State_University","Huntsville","https://en.wikipedia.org/wiki/Huntsville,_Texas","Active","Texas","1973"
"Theta Zeta","University of Louisiana at Monroe","https://en.wikipedia.org/wiki/University_of_Louisiana_at_Monroe","Monroe","https://en.wikipedia.org/wiki/Monroe,_Louisiana","Active","Louisiana","1973"
"Theta Eta","Henderson State University","https://en.wikipedia.org/wiki/Henderson_State_University","Arkadelphia","https://en.wikipedia.org/wiki/Arkadelphia,_Arkansas","Active","Arkansas","1973"
"Theta Theta","Paul Quinn College","https://en.wikipedia.org/wiki/Paul_Quinn_College","Dallas","https://en.wikipedia.org/wiki/Dallas","Active","Texas","1973"
"Theta Iota","West Chester University","https://en.wikipedia.org/wiki/West_Chester_University","West Chester","https://en.wikipedia.org/wiki/West_Chester,_Pennsylvania","Inactive","Pennsylvania","1973–xxxx ?"
"Theta Kappa","University of Virginia","https://en.wikipedia.org/wiki/University_of_Virginia","Charlottesville","https://en.wikipedia.org/wiki/Charlottesville,_Virginia","Active","Virginia","1974"
"Theta Lambda","Louisiana Tech University","https://en.wikipedia.org/wiki/Louisiana_Tech_University","Ruston","https://en.wikipedia.org/wiki/Ruston,_Louisiana","Active","Louisiana","1974"
"Theta Mu","University of Central Arkansas","https://en.wikipedia.org/wiki/University_of_Central_Arkansas","Conway","https://en.wikipedia.org/wiki/Conway,_Arkansas","Active","Arkansas",""
"Theta Nu","University of Maryland, College Park","https://en.wikipedia.org/wiki/University_of_Maryland,_College_Park","College Park","https://en.wikipedia.org/wiki/College_Park,_Maryland","Active","Maryland","1974"
"Theta Xi","University of Tulsa","https://en.wikipedia.org/wiki/University_of_Tulsa","Tulsa","https://en.wikipedia.org/wiki/Tulsa,_Oklahoma","Active","Oklahoma","1974"
"Theta Omicron","Eureka College","https://en.wikipedia.org/wiki/Eureka_College","Eureka","https://en.wikipedia.org/wiki/Eureka,_Illinois","Inactive","Illinois","1974–xxxx ?"
"Theta Pi","University of North Carolina at Chapel Hill","https://en.wikipedia.org/wiki/University_of_North_Carolina_at_Chapel_Hill","Chapel Hill","https://en.wikipedia.org/wiki/Chapel_Hill,_North_Carolina","Active","North Carolina","1974"
"Theta Rho","Virginia Commonwealth University","https://en.wikipedia.org/wiki/Virginia_Commonwealth_University","Richmond","https://en.wikipedia.org/wiki/Richmond,_Virginia","Active","Virginia","1974"
"Theta Sigma","University of Alabama","https://en.wikipedia.org/wiki/University_of_Alabama","Tuscaloosa","https://en.wikipedia.org/wiki/Tuscaloosa,_Alabama","Active","Alabama","1974"
"Theta Tau","Detroit","https://en.wikipedia.org/wiki/Detroit","","","Active","Michigan","1974"
"Theta Upsilon","Rust College","https://en.wikipedia.org/wiki/Rust_College","Holly Springs","https://en.wikipedia.org/wiki/Holly_Springs,_Mississippi","Active","Mississippi","1974"
"Theta Phi","Virginia Tech","https://en.wikipedia.org/wiki/Virginia_Tech","Blacksburg","https://en.wikipedia.org/wiki/Blacksburg,_Virginia","Active","Virginia","1974"
"Theta Chi","Radford University","https://en.wikipedia.org/wiki/Radford_University","Radford","https://en.wikipedia.org/wiki/Radford,_Virginia","Inactive","Virginia","1974–xxxx ?"
"Theta Psi","University of Mississippi","https://en.wikipedia.org/wiki/University_of_Mississippi","Oxford","https://en.wikipedia.org/wiki/Oxford,_Mississippi","Active","Mississippi","1974"
"Iota Alpha","Brown University","https://en.wikipedia.org/wiki/Brown_University","Providence","https://en.wikipedia.org/wiki/Providence,_Rhode_Island","Inactive","Rhode Island","1974–xxxx ?"
"Iota Beta","University of Southern California","https://en.wikipedia.org/wiki/University_of_Southern_California","Los Angeles","https://en.wikipedia.org/wiki/Los_Angeles","Active","California","1974"
"Iota Gamma","Northeastern University","https://en.wikipedia.org/wiki/Northeastern_University","Boston","https://en.wikipedia.org/wiki/Boston","Active","Massachusetts","1974"
"Iota Delta","University of Wisconsin–Milwaukee","https://en.wikipedia.org/wiki/University_of_Wisconsin%E2%80%93Milwaukee","Milwaukee","https://en.wikipedia.org/wiki/Milwaukee","Active","Wisconsin","1974"
"Iota Epsilon","National College of Education","https://en.wikipedia.org/wiki/National_Louis_University","Chicago","https://en.wikipedia.org/wiki/Chicago","Inactive","Illinois","1974–1982"
"Iota Zeta","Southern Arkansas University","https://en.wikipedia.org/wiki/Southern_Arkansas_University","Magnolia","https://en.wikipedia.org/wiki/Magnolia,_Arkansas","Active","Arkansas","1974"
"Beta Gamma (Second)","University of West Florida","https://en.wikipedia.org/wiki/University_of_West_Florida","Pensacola","https://en.wikipedia.org/wiki/Pensacola,_Florida","Active","Florida","1974"
"Iota Eta","Mercer University","https://en.wikipedia.org/wiki/Mercer_University","Macon","https://en.wikipedia.org/wiki/Macon,_Georgia","Active","Georgia","1975"
"Iota Theta","Kettering University","https://en.wikipedia.org/wiki/Kettering_University","Flint","https://en.wikipedia.org/wiki/Flint,_Michigan","Inactive","Michigan","1975–xxxx ?"
"Iota Iota","Bowling Green State University","https://en.wikipedia.org/wiki/Bowling_Green_State_University","Bowling Green","https://en.wikipedia.org/wiki/Bowling_Green,_Ohio","Active","Ohio","1975"
"Iota Kappa","University of Southern Mississippi","https://en.wikipedia.org/wiki/University_of_Southern_Mississippi","Hattiesburg","https://en.wikipedia.org/wiki/Hattiesburg,_Mississippi","Active","Mississippi",""
"Iota Lambda","University of Florida","https://en.wikipedia.org/wiki/University_of_Florida","Gainesville","https://en.wikipedia.org/wiki/Gainesville,_Florida","Active","Florida","1975"
"Iota Mu","Duke University","https://en.wikipedia.org/wiki/Duke_University","Durham","https://en.wikipedia.org/wiki/Durham,_North_Carolina","Active","North Carolina","1975"
"Iota Nu","University of Miami","https://en.wikipedia.org/wiki/University_of_Miami","Coral Gables","https://en.wikipedia.org/wiki/Coral_Gables,_Florida","Inactive","Florida","1975–xxxx ?"
"Iota Xi","Francis Marion University","https://en.wikipedia.org/wiki/Francis_Marion_University","Florence","https://en.wikipedia.org/wiki/Florence,_South_Carolina","Active","South Carolina","1975"
"Iota Omicron","College of Charleston","https://en.wikipedia.org/wiki/College_of_Charleston","Charleston","https://en.wikipedia.org/wiki/Charleston,_South_Carolina","Active","South Carolina","1975"
"Iota Pi","","","","","Inactive","","1975–xxxx ?"
"Iota Rho","Utica College","https://en.wikipedia.org/wiki/Utica_University","Utica","https://en.wikipedia.org/wiki/Utica,_New_York","Active","New York","1975"
"Iota Sigma","University of Kentucky","https://en.wikipedia.org/wiki/University_of_Kentucky","Lexington","https://en.wikipedia.org/wiki/Lexington,_Kentucky","Active","Kentucky","1975"
"Iota Tau","University of Arizona","https://en.wikipedia.org/wiki/University_of_Arizona","Tucson","https://en.wikipedia.org/wiki/Tucson,_Arizona","Active","Arizona","1975"
"Iota Upsilon","Syracuse University","https://en.wikipedia.org/wiki/Syracuse_University","Syracuse","https://en.wikipedia.org/wiki/Syracuse,_New_York","Active","New York","1975"
"Iota Phi","University of Alabama at Birmingham","https://en.wikipedia.org/wiki/University_of_Alabama_at_Birmingham","Birmingham","https://en.wikipedia.org/wiki/Birmingham,_Alabama","Active","Alabama",""
"Iota Chi","Millersville","https://en.wikipedia.org/wiki/Millersville,_Pennsylvania","","","Inactive","Pennsylvania","1975–xxxx ?"
"Iota Psi","Rutgers University","https://en.wikipedia.org/wiki/Rutgers_University%E2%80%93New_Brunswick","New Brunswick","https://en.wikipedia.org/wiki/New_Brunswick,_New_Jersey","Inactive","New Jersey","1975–xxxx ?"
"Kappa Alpha","Western Carolina University","https://en.wikipedia.org/wiki/Western_Carolina_University","Cullowhee","https://en.wikipedia.org/wiki/Cullowhee,_North_Carolina","Active","North Carolina","1975"
"Kappa Beta","PennWest California","https://en.wikipedia.org/wiki/PennWest_California","California","https://en.wikipedia.org/wiki/California,_Pennsylvania","Active","Pennsylvania","1975"
"Kappa Gamma","Old Dominion University","https://en.wikipedia.org/wiki/Old_Dominion_University","Norfolk","https://en.wikipedia.org/wiki/Norfolk,_Virginia","Active","Virginia","1975"
"Kappa Delta","LIU Post","https://en.wikipedia.org/wiki/LIU_Post","Brookville","https://en.wikipedia.org/wiki/Brookville,_New_York","Inactive","New York","1975–xxxx ?"
"Kappa Epsilon","Adelphi University","https://en.wikipedia.org/wiki/Adelphi_University","Garden City","https://en.wikipedia.org/wiki/Garden_City,_New_York","Active","New York","1975"
"Kappa Zeta","Clarion","https://en.wikipedia.org/wiki/Clarion,_Pennsylvania","","","Inactive","Pennsylvania","1976–xxxx ?"
"Kappa Eta","Georgia College & State University","https://en.wikipedia.org/wiki/Georgia_College_%26_State_University","Milledgeville","https://en.wikipedia.org/wiki/Milledgeville,_Georgia","Active","Georgia","1976"
"Kappa Theta","University of California, Riverside","https://en.wikipedia.org/wiki/University_of_California,_Riverside","Riverside","https://en.wikipedia.org/wiki/Riverside,_California","Active","California","1976"
"Kappa Iota","University of Arkansas","https://en.wikipedia.org/wiki/University_of_Arkansas","Fayetteville","https://en.wikipedia.org/wiki/Fayetteville,_Arkansas","Active","Arkansas",""
"Kappa Kappa","University of North Carolina at Charlotte","https://en.wikipedia.org/wiki/University_of_North_Carolina_at_Charlotte","Charlotte","https://en.wikipedia.org/wiki/Charlotte,_North_Carolina","Active","North Carolina","1976"
"Kappa Lambda","Texas Christian University","https://en.wikipedia.org/wiki/Texas_Christian_University","Fort Worth","https://en.wikipedia.org/wiki/Fort_Worth,_Texas","Active","Texas","1976"
"Kappa Mu","Southern Methodist University","https://en.wikipedia.org/wiki/Southern_Methodist_University","Dallas","https://en.wikipedia.org/wiki/Dallas","Active","Texas","1976"
"Kappa Nu","Texas Woman's University","https://en.wikipedia.org/wiki/Texas_Woman%27s_University","Denton","https://en.wikipedia.org/wiki/Denton,_Texas","Active","Texas","1976"
"Kappa Xi","University of Nevada, Las Vegas","https://en.wikipedia.org/wiki/University_of_Nevada,_Las_Vegas","Paradise","https://en.wikipedia.org/wiki/Paradise,_Nevada","Active","Nevada","1976"
"Kappa Omicron","North Carolina State University","https://en.wikipedia.org/wiki/North_Carolina_State_University","Raleigh","https://en.wikipedia.org/wiki/Raleigh,_North_Carolina","Active","North Carolina","1976"
"Kappa Pi","Kansas State University","https://en.wikipedia.org/wiki/Kansas_State_University","Manhattan","https://en.wikipedia.org/wiki/Manhattan,_Kansas","Active","Kansas","1976"
"Kappa Rho","Austin Peay State University","https://en.wikipedia.org/wiki/Austin_Peay_State_University","Clarksville","https://en.wikipedia.org/wiki/Clarksville,_Tennessee","Active","Tennessee","1976"
"Kappa Sigma","Washington State University","https://en.wikipedia.org/wiki/Washington_State_University","Pullman","https://en.wikipedia.org/wiki/Pullman,_Washington","Active","Washington","1976"
"Kappa Tau","University of West Georgia","https://en.wikipedia.org/wiki/University_of_West_Georgia","Carrollton","https://en.wikipedia.org/wiki/Carrollton,_Georgia","Active","Georgia","1976"
"Kappa Upsilon","Valdosta State University","https://en.wikipedia.org/wiki/Valdosta_State_University","Valdosta","https://en.wikipedia.org/wiki/Valdosta,_Georgia","Active","Georgia",""
"Kappa Phi","Hofstra University","https://en.wikipedia.org/wiki/Hofstra_University","Nassau County","https://en.wikipedia.org/wiki/Nassau_County,_New_York","Active","New York",""
"Kappa Chi","Auburn University","https://en.wikipedia.org/wiki/Auburn_University","Auburn","https://en.wikipedia.org/wiki/Auburn,_Alabama","Active","Alabama","1976"
"Kappa Psi","University of Oklahoma","https://en.wikipedia.org/wiki/University_of_Oklahoma","Norman","https://en.wikipedia.org/wiki/Norman,_Oklahoma","Active","Oklahoma","1976"
"Lambda Alpha","California State University, Long Beach","https://en.wikipedia.org/wiki/California_State_University,_Long_Beach","Long Beach","https://en.wikipedia.org/wiki/Long_Beach,_California","Active","California","1976"
"Lambda Beta","Towson University","https://en.wikipedia.org/wiki/Towson_University","Towson","https://en.wikipedia.org/wiki/Towson,_Maryland","Active","Maryland","1977"
"Lambda Gamma","University of Delaware","https://en.wikipedia.org/wiki/University_of_Delaware","Newark","https://en.wikipedia.org/wiki/Newark,_Delaware","Active","Delaware","1977"
"Lambda Delta","Longwood University","https://en.wikipedia.org/wiki/Longwood_University","Farmville","https://en.wikipedia.org/wiki/Farmville,_Virginia","Active","Virginia","1977"
"Lambda Epsilon","Frostburg State University","https://en.wikipedia.org/wiki/Frostburg_State_University","Frostburg","https://en.wikipedia.org/wiki/Frostburg,_Maryland","Inactive","Maryland","1977–xxxx ?"
"Lambda Zeta","American University","https://en.wikipedia.org/wiki/American_University","Washington","https://en.wikipedia.org/wiki/Washington,_D.C.","Active","","1977"
"Lambda Eta","Mississippi State University","https://en.wikipedia.org/wiki/Mississippi_State_University","Starkville","https://en.wikipedia.org/wiki/Starkville,_Mississippi","Active","Mississippi",""
"Lambda Theta","Clemson University","https://en.wikipedia.org/wiki/Clemson_University","Clemson","https://en.wikipedia.org/wiki/Clemson,_South_Carolina","Active","South Carolina","1977"
"Lambda Iota","Millsaps College","https://en.wikipedia.org/wiki/Millsaps_College","Jackson","https://en.wikipedia.org/wiki/Jackson,_Mississippi","Active","Mississippi","1977"
"Lambda Kappa","Georgia Southern University","https://en.wikipedia.org/wiki/Georgia_Southern_University","Statesboro","https://en.wikipedia.org/wiki/Statesboro,_Georgia","Active","Georgia","1977"
"Lambda Lambda","Lander University","https://en.wikipedia.org/wiki/Lander_University","Greenwood","https://en.wikipedia.org/wiki/Greenwood,_South_Carolina","Active","South Carolina","1977"
"Lambda Mu","Miami University","https://en.wikipedia.org/wiki/Miami_University","Oxford","https://en.wikipedia.org/wiki/Oxford,_Ohio","Active","Ohio","1977"
"Lambda Nu","California Polytechnic State University, San Luis Obispo","https://en.wikipedia.org/wiki/California_Polytechnic_State_University,_San_Luis_Obispo","San Luis Obispo County","https://en.wikipedia.org/wiki/San_Luis_Obispo_County,_California","Inactive","California","1977–xxxx ?"
"Lambda Xi","University of Wisconsin–Whitewater","https://en.wikipedia.org/wiki/University_of_Wisconsin%E2%80%93Whitewater","Whitewater","https://en.wikipedia.org/wiki/Whitewater,_Wisconsin","Active","Wisconsin","1977"
"Lambda Omicron","Southeastern Louisiana University","https://en.wikipedia.org/wiki/Southeastern_Louisiana_University","Hammond","https://en.wikipedia.org/wiki/Hammond,_Louisiana","Active","Louisiana","1977"
"Lambda Pi","Jacksonville State University","https://en.wikipedia.org/wiki/Jacksonville_State_University","Jacksonville","https://en.wikipedia.org/wiki/Jacksonville,_Alabama","Active","Alabama","1977"
"Lambda Rho","Rowan University","https://en.wikipedia.org/wiki/Rowan_University","Glassboro","https://en.wikipedia.org/wiki/Glassboro,_New_Jersey","Active","New Jersey","1977"
"Lambda Sigma","University of California, Irvine","https://en.wikipedia.org/wiki/University_of_California,_Irvine","Irvine","https://en.wikipedia.org/wiki/Irvine,_California","Active","California","1977"
"Lambda Tau","Hartford","https://en.wikipedia.org/wiki/Hartford,_Connecticut","","","Inactive","Connecticut","1977–xxxx ?"
"Lambda Upsilon","Cambridge","https://en.wikipedia.org/wiki/Cambridge,_Massachusetts","","","Active","Massachusetts","1977"
"Lambda Phi","University of Maryland, Baltimore County","https://en.wikipedia.org/wiki/University_of_Maryland,_Baltimore_County","Baltimore County","https://en.wikipedia.org/wiki/Baltimore_County,_Maryland","Active","Maryland","1977"
"Lambda Chi","James Madison University","https://en.wikipedia.org/wiki/James_Madison_University","Harrisonburg","https://en.wikipedia.org/wiki/Harrisonburg,_Virginia","Active","Virginia","1978"
"Lambda Psi","Lewis University","https://en.wikipedia.org/wiki/Lewis_University","Romeoville","https://en.wikipedia.org/wiki/Romeoville,_Illinois","Active","Illinois","1978"
"Mu Alpha","Troy University","https://en.wikipedia.org/wiki/Troy_University","Troy","https://en.wikipedia.org/wiki/Troy,_Alabama","Active","Alabama","1978"
"Mu Beta","Marquette University","https://en.wikipedia.org/wiki/Marquette_University","Milwaukee","https://en.wikipedia.org/wiki/Milwaukee","Active","Wisconsin","1978"
"Mu Gamma","Delta State University","https://en.wikipedia.org/wiki/Delta_State_University","Cleveland","https://en.wikipedia.org/wiki/Cleveland,_Mississippi","Active","Mississippi","1978"
"Mu Delta","George Washington University","https://en.wikipedia.org/wiki/George_Washington_University","Washington","https://en.wikipedia.org/wiki/Washington,_D.C.","Active","","1978"
"Mu Epsilon","Christian Brothers University","https://en.wikipedia.org/wiki/Christian_Brothers_University","Memphis","https://en.wikipedia.org/wiki/Memphis,_Tennessee","Active","Tennessee","1978"
"Mu Zeta","Augusta","https://en.wikipedia.org/wiki/Augusta,_Georgia","","https://en.wikipedia.org/wiki/Augusta_State_University","Inactive","Georgia","1978–xxxx ?"
"Mu Eta","University of West Alabama","https://en.wikipedia.org/wiki/University_of_West_Alabama","Livingston","https://en.wikipedia.org/wiki/Livingston,_Alabama","Active","Alabama",""
"Mu Theta","University of North Florida","https://en.wikipedia.org/wiki/University_of_North_Florida","Jacksonville","https://en.wikipedia.org/wiki/Jacksonville,_Florida","Active","Florida","1978"
"Mu Iota","San Diego","https://en.wikipedia.org/wiki/San_Diego","","","Active","California","1978"
"Mu Kappa","University of California, Davis","https://en.wikipedia.org/wiki/University_of_California,_Davis","Davis","https://en.wikipedia.org/wiki/Davis,_California","Active","California","1978"
"Mu Lambda","University of South Carolina Aiken","https://en.wikipedia.org/wiki/University_of_South_Carolina_Aiken","Aiken","https://en.wikipedia.org/wiki/Aiken,_South_Carolina","Active","South Carolina","1978"
"Mu Mu","University of Montevallo","https://en.wikipedia.org/wiki/University_of_Montevallo","Montevallo","https://en.wikipedia.org/wiki/Montevallo,_Alabama","Inactive","Alabama","– xxxx ?"
"Mu Nu","University of the Pacific","https://en.wikipedia.org/wiki/University_of_the_Pacific_(United_States)","Stockton","https://en.wikipedia.org/wiki/Stockton,_California","Inactive","California","1978–xxxx ?"
"Mu Xi","Winthrop University","https://en.wikipedia.org/wiki/Winthrop_University","Rock Hill","https://en.wikipedia.org/wiki/Rock_Hill,_South_Carolina","Active","South Carolina","1978"
"Mu Omicron","Slippery Rock University","https://en.wikipedia.org/wiki/Slippery_Rock_University","Slippery Rock","https://en.wikipedia.org/wiki/Slippery_Rock,_Pennsylvania","Active","Pennsylvania","1978"
"Mu Pi","Spelman College","https://en.wikipedia.org/wiki/Spelman_College","Atlanta","https://en.wikipedia.org/wiki/Atlanta","Active","Georgia","1978"
"Mu Rho","University of Minnesota","https://en.wikipedia.org/wiki/University_of_Minnesota","Minneapolis","https://en.wikipedia.org/wiki/Minneapolis","Active","Minnesota","1979"
"Mu Sigma","Emporia State University","https://en.wikipedia.org/wiki/Emporia_State_University","Emporia","https://en.wikipedia.org/wiki/Emporia,_Kansas","Inactive","Kansas","1979–xxxx ?"
"Mu Tau","Truman State University","https://en.wikipedia.org/wiki/Truman_State_University","Kirksvillei","https://en.wikipedia.org/wiki/Kirksville,_Missouri","Inactive","Missouri","1979–xxxx ?"
"Mu Upsilon","Cornell University","https://en.wikipedia.org/wiki/Cornell_University","Ithaca","https://en.wikipedia.org/wiki/Ithaca,_New_York","Active","New York","1979"
"Mu Phi","Saginaw Valley State University","https://en.wikipedia.org/wiki/Saginaw_Valley_State_University","University Center","https://en.wikipedia.org/wiki/University_Center,_Michigan","Active","Michigan","1979"
"Mu Chi","Salisbury University","https://en.wikipedia.org/wiki/Salisbury_University","Salisbury","https://en.wikipedia.org/wiki/Salisbury,_Maryland","Active","Michigan","1979"
"Mu Psi","Texas Wesleyan College","https://en.wikipedia.org/wiki/Texas_Wesleyan_University","Fort Worth","https://en.wikipedia.org/wiki/Fort_Worth,_Texas","Inactive","Texas","1979–xxxx ?"
"Nu Alpha","Emory University","https://en.wikipedia.org/wiki/Emory_University","Atlanta","https://en.wikipedia.org/wiki/Atlanta","Active","Georgia","1979"
"Nu Beta","Georgia Tech","https://en.wikipedia.org/wiki/Georgia_Tech","Atlanta","https://en.wikipedia.org/wiki/Atlanta","Active","Georgia","1979"
"Nu Gamma","Morris College","https://en.wikipedia.org/wiki/Morris_College","Sumter","https://en.wikipedia.org/wiki/Sumter,_South_Carolina","Active","South Carolina","1979"
"Nu Delta","Birmingham–Southern College","https://en.wikipedia.org/wiki/Birmingham%E2%80%93Southern_College","Birmingham","https://en.wikipedia.org/wiki/Birmingham,_Alabama","Active","Alabama",""
"Nu Epsilon","Christopher Newport University","https://en.wikipedia.org/wiki/Christopher_Newport_University","Newport News","https://en.wikipedia.org/wiki/Newport_News,_Virginia","Inactive","Virginia","1980–xxxx ?"
"Nu Zeta","Georgia Southwestern State University","https://en.wikipedia.org/wiki/Georgia_Southwestern_State_University","Americus","https://en.wikipedia.org/wiki/Americus,_Georgia","Active","Georgia","1980"
"Nu Eta","Rider University","https://en.wikipedia.org/wiki/Rider_University","Lawrence Township","https://en.wikipedia.org/wiki/Lawrence_Township,_Mercer_County,_New_Jersey","Active","New Jersey","1980"
"Nu Theta","Grand Valley State University","https://en.wikipedia.org/wiki/Grand_Valley_State_University","Allendale","https://en.wikipedia.org/wiki/Allendale,_Michigan","Active","Michigan","1980"
"Nu Iota","Edward Waters University","https://en.wikipedia.org/wiki/Edward_Waters_University","Jacksonville","https://en.wikipedia.org/wiki/Jacksonville,_Florida","Active","Florida","1980"
"Nu Kappa","Fairleigh Dickinson University","https://en.wikipedia.org/wiki/Fairleigh_Dickinson_University","Teaneck","https://en.wikipedia.org/wiki/Teaneck,_New_Jersey","Active","New Jersey","1980"
"Nu Lambda","Indiana University Northwest","https://en.wikipedia.org/wiki/Indiana_University_Northwest","Gary","https://en.wikipedia.org/wiki/Gary,_Indiana","Active","Indiana","1980"
"Nu Mu","St. John's University","https://en.wikipedia.org/wiki/St._John%27s_University_(New_York_City)","New York City","https://en.wikipedia.org/wiki/New_York_City","Active","New York","1980"
"Nu Nu","University of California, Santa Barbara","https://en.wikipedia.org/wiki/University_of_California,_Santa_Barbara","Santa Barbara","https://en.wikipedia.org/wiki/Santa_Barbara,_California","Active","California","1980"
"Nu Xi","Auburn University at Montgomery","https://en.wikipedia.org/wiki/Auburn_University_at_Montgomery","Montgomery","https://en.wikipedia.org/wiki/Montgomery,_Alabama","Active","Alabama","1980"
"Nu Omicron","University of North Alabama","https://en.wikipedia.org/wiki/University_of_North_Alabama","Florence","https://en.wikipedia.org/wiki/Florence,_Alabama","Active","Alabama","1980"
"Nu Pi","West Virginia University Institute of Technology","https://en.wikipedia.org/wiki/West_Virginia_University_Institute_of_Technology","Beckley","https://en.wikipedia.org/wiki/Beckley,_West_Virginia","Active","West Virginia","1980"
"Nu Rho","University of North Carolina at Greensboro","https://en.wikipedia.org/wiki/University_of_North_Carolina_at_Greensboro","Greensboro","https://en.wikipedia.org/wiki/Greensboro,_North_Carolina","Active","North Carolina","1980"
"Nu Sigma","Southeast Missouri State University","https://en.wikipedia.org/wiki/Southeast_Missouri_State_University","Cape Girardeau","https://en.wikipedia.org/wiki/Cape_Girardeau,_Missouri","Inactive","Missouri","1981–xxxx ?"
"Nu Tau","Georgia College & State University","https://en.wikipedia.org/wiki/Georgia_College_%26_State_University","Milledgeville","https://en.wikipedia.org/wiki/Milledgeville,_Georgia","Inactive","Georgia","1981–xxxx ?"
"Nu Upsilon","Capital University","https://en.wikipedia.org/wiki/Capital_University","Bexley","https://en.wikipedia.org/wiki/Bexley,_Ohio","Inactive","Ohio","1981–xxxx ?"
"Nu Phi","Oakland University","https://en.wikipedia.org/wiki/Oakland_University","Oakland County","https://en.wikipedia.org/wiki/Oakland_County,_Michigan","Active","Michigan","1981"
"Nu Chi","College of William & Mary","https://en.wikipedia.org/wiki/College_of_William_%26_Mary","Williamsburg","https://en.wikipedia.org/wiki/Williamsburg,_Virginia","Active","Virginia","1981"
"Nu Psi","State University of New York at Old Westbury","https://en.wikipedia.org/wiki/State_University_of_New_York_at_Old_Westbury","Old Westbury","https://en.wikipedia.org/wiki/Old_Westbury,_New_York","Inactive","New York","1981–xxxx ?"
"Xi Alpha","Cookeville","https://en.wikipedia.org/wiki/Cookeville,_Tennessee","","","Active","Tennessee","1981"
"Xi Beta","Stanford University","https://en.wikipedia.org/wiki/Stanford_University","Stanford","https://en.wikipedia.org/wiki/Stanford,_California","Active","California","1981"
"Xi Gamma","Boston College","https://en.wikipedia.org/wiki/Boston_College","Chestnut Hill","https://en.wikipedia.org/wiki/Chestnut_Hill,_Massachusetts","Inactive","Massachusetts","1981–xxxx ?"
"Xi Delta","Missouri University of Science and Technology","https://en.wikipedia.org/wiki/Missouri_University_of_Science_and_Technology","Rolla","https://en.wikipedia.org/wiki/Rolla,_Missouri","Inactive","Missouri","1981–xxxx ?"
"Xi Epsilon","Kendall College","https://en.wikipedia.org/wiki/Kendall_College","","","Inactive","Illinois","1981–xxxx ?"
"Xi Zeta","Illinois Wesleyan University","https://en.wikipedia.org/wiki/Illinois_Wesleyan_University","Bloomington","https://en.wikipedia.org/wiki/Bloomington,_Illinois","Inactive","Illinois","1982–xxxx ?"
"Xi Eta","Colorado State University","https://en.wikipedia.org/wiki/Colorado_State_University","Fort Collins","https://en.wikipedia.org/wiki/Fort_Collins,_Colorado","Active","Colorado","1982"
"Xi Theta","Brockport","https://en.wikipedia.org/wiki/Brockport,_New_York","","","Inactive","New York","1982–xxxx ?"
"Xi Iota","Cameron University","https://en.wikipedia.org/wiki/Cameron_University","Lawton","https://en.wikipedia.org/wiki/Lawton,_Oklahoma","Active","Oklahoma","1982"
"Xi Kappa","Chicago State University","https://en.wikipedia.org/wiki/Chicago_State_University","Chicago","https://en.wikipedia.org/wiki/Chicago","Active","Illinois","1982"
"Xi Lambda","Dartmouth College","https://en.wikipedia.org/wiki/Dartmouth_College","Hanover","https://en.wikipedia.org/wiki/Hanover,_New_Hampshire","Active","New Hampshire","1983"
"Xi Mu","State University of New York at New Paltz","https://en.wikipedia.org/wiki/State_University_of_New_York_at_New_Paltz","New Paltz","https://en.wikipedia.org/wiki/New_Paltz_(village),_New_York","Active","New York","1983"
"Xi Nu","Springfield","https://en.wikipedia.org/wiki/Springfield,_Massachusetts","","","Active","Massachusetts","1983"
"Xi Xi","Lehman College","https://en.wikipedia.org/wiki/Lehman_College","New York City","https://en.wikipedia.org/wiki/New_York_City","Active","New York","1983"
"Xi Omicron","Hartford","https://en.wikipedia.org/wiki/Hartford,_Connecticut","","","Active","Connecticut","1984"
"Xi Pi","California State University, East Bay","https://en.wikipedia.org/wiki/California_State_University,_East_Bay","Hayward","https://en.wikipedia.org/wiki/Hayward,_California","Inactive","California","1984–xxxx ?"
"Xi Rho","Binghamton University","https://en.wikipedia.org/wiki/Binghamton_University","Binghamton","https://en.wikipedia.org/wiki/Binghamton,_New_York","Inactive","New York","1984–xxxx ?"
"Xi Sigma","Buffalo State University","https://en.wikipedia.org/wiki/Buffalo_State_University","Buffalo","https://en.wikipedia.org/wiki/Buffalo,_New_York","Inactive","New York","1984–xxxx ?"
"Xi Tau","Johns Hopkins University","https://en.wikipedia.org/wiki/Johns_Hopkins_University","Baltimore","https://en.wikipedia.org/wiki/Baltimore","Active","Maryland","1984"
"Xi Upsilon","California State University, Dominguez Hills","https://en.wikipedia.org/wiki/California_State_University,_Dominguez_Hills","Carson","https://en.wikipedia.org/wiki/Carson,_California","Inactive","California","1984–xxxx ?"
"Xi Phi","University of Michigan–Dearborn","https://en.wikipedia.org/wiki/University_of_Michigan%E2%80%93Dearborn","Dearborn","https://en.wikipedia.org/wiki/Dearborn,_Michigan","Active","Michigan","1984"
"Xi Chi","Flint","https://en.wikipedia.org/wiki/Flint,_Michigan","","","Active","Michigan","1985"
"Xi Psi","Texas A&M University","https://en.wikipedia.org/wiki/Texas_A%26M_University","College Station","https://en.wikipedia.org/wiki/College_Station,_Texas","Active","Texas","1985"
"Omicron Alpha","Aurora University","https://en.wikipedia.org/wiki/Aurora_University","Aurora","https://en.wikipedia.org/wiki/Aurora,_Illinois","Active","Illinois","1985"
"Omicron Beta","Rochester","https://en.wikipedia.org/wiki/Rochester,_New_York","","","Active","New York","1986"
"Omicron Gamma","University of Houston–Downtown","https://en.wikipedia.org/wiki/University_of_Houston%E2%80%93Downtown","Houston","https://en.wikipedia.org/wiki/Houston","Active","Texas","1986"
"Omicron Delta","Jacksonville University","https://en.wikipedia.org/wiki/Jacksonville_University","Jacksonville","https://en.wikipedia.org/wiki/Jacksonville,_Florida","Active","Florida","1987"
"Omicron Epsilon","Elon University","https://en.wikipedia.org/wiki/Elon_University","Elon","https://en.wikipedia.org/wiki/Elon,_North_Carolina","Active","North Carolina",""
"Omicron Zeta","University of Alabama in Huntsville","https://en.wikipedia.org/wiki/University_of_Alabama_in_Huntsville","Huntsville","https://en.wikipedia.org/wiki/Huntsville,_Alabama","Active","Alabama","1987"
"Omicron Eta","Westchester County","https://en.wikipedia.org/wiki/Westchester_County,_New_York","","","Active","New York","1987"
"Omicron Theta","Marymount Manhattan College","https://en.wikipedia.org/wiki/Marymount_Manhattan_College","Manhattan","https://en.wikipedia.org/wiki/Manhattan","Active","New York","1987"
"Omicron Iota","George Mason University","https://en.wikipedia.org/wiki/George_Mason_University","Fairfax","https://en.wikipedia.org/wiki/Fairfax,_Virginia","Active","Virginia","1987"
"Omicron Kappa","Appalachian State University","https://en.wikipedia.org/wiki/Appalachian_State_University","Boone","https://en.wikipedia.org/wiki/Boone,_North_Carolina","Active","North Carolina","1987"
"Omicron Lambda","University of North Carolina at Pembroke","https://en.wikipedia.org/wiki/University_of_North_Carolina_at_Pembroke","Pembroke","https://en.wikipedia.org/wiki/Pembroke,_North_Carolina","Active","North Carolina","1988"
"Omicron Mu","Samford University","https://en.wikipedia.org/wiki/Samford_University","Homewood","https://en.wikipedia.org/wiki/Homewood,_Alabama","Active","Alabama",""
"Omicron Nu (First)","Princeton University","https://en.wikipedia.org/wiki/Princeton_University","Princeton","https://en.wikipedia.org/wiki/Princeton,_New_Jersey","Inactive","New Jersey","198x ? – 198x ?"
"Omicron Nu","Lambuth University","https://en.wikipedia.org/wiki/Lambuth_University","Jackson","https://en.wikipedia.org/wiki/Jackson,_Tennessee","Inactive","Tennessee","1988–2014"
"Omicron Xi","Milwaukee","https://en.wikipedia.org/wiki/Milwaukee","","","Active","Wisconsin","1988"
"Omicron Omicron","","","","","Inactive ?","",""
"Omicron Pi","Georgetown University","https://en.wikipedia.org/wiki/Georgetown_University","Washington","https://en.wikipedia.org/wiki/Washington,_D.C.","Active","","1988"
"Omicron Rho","East Tennessee State University","https://en.wikipedia.org/wiki/East_Tennessee_State_University","Johnson City","https://en.wikipedia.org/wiki/Johnson_City,_Tennessee","Active","Tennessee",""
"Omicron Sigma","University of Lynchburg","https://en.wikipedia.org/wiki/University_of_Lynchburg","Lynchburg","https://en.wikipedia.org/wiki/Lynchburg,_Virginia","Active","Virginia","1989"
"Omicron Tau","University of Texas at San Antonio","https://en.wikipedia.org/wiki/University_of_Texas_at_San_Antonio","San Antonio","https://en.wikipedia.org/wiki/San_Antonio","Active","Texas","1989"
"Omicron Upsilon","Stony Brook","https://en.wikipedia.org/wiki/Stony_Brook,_New_York","","","Inactive","New York","1989–xxxx ?"
"Omicron Phi","University of North Carolina Wilmington","https://en.wikipedia.org/wiki/University_of_North_Carolina_Wilmington","Wilmington","https://en.wikipedia.org/wiki/Wilmington,_North_Carolina","Active","North Carolina","1989"
"Omicron Chi","Rhodes College","https://en.wikipedia.org/wiki/Rhodes_College","Memphis","https://en.wikipedia.org/wiki/Memphis,_Tennessee","Active","Tennessee","1989"
"Omicron Psi","Tulane University","https://en.wikipedia.org/wiki/Tulane_University","New Orleans","https://en.wikipedia.org/wiki/New_Orleans","Active","Louisiana","1990"
"Pi Alpha","Nicholls State University","https://en.wikipedia.org/wiki/Nicholls_State_University","Thibodaux","https://en.wikipedia.org/wiki/Thibodaux,_Louisiana","Inactive","Louisiana","1990–xxxx ?"
"Pi Beta","Wake Forest University","https://en.wikipedia.org/wiki/Wake_Forest_University","Winston-Salem","https://en.wikipedia.org/wiki/Winston-Salem,_North_Carolina","Active","North Carolina","1990"
"Pi Gamma","Columbus","https://en.wikipedia.org/wiki/Columbus,_Ohio","","","Active","Ohio","1990"
"Pi Delta","Lawrence Technological University","https://en.wikipedia.org/wiki/Lawrence_Technological_University","Southfield","https://en.wikipedia.org/wiki/Southfield,_Michigan","Inactive","Michigan","1990–xxxx ?"
"Pi Epsilon","Rutgers University–Camden","https://en.wikipedia.org/wiki/Rutgers_University%E2%80%93Camden","Camden","https://en.wikipedia.org/wiki/Camden,_New_Jersey","Active","New Jersey","1990"
"Pi Zeta","Mississippi University for Women","https://en.wikipedia.org/wiki/Mississippi_University_for_Women","Columbus","https://en.wikipedia.org/wiki/Columbus,_Mississippi","Active","Mississippi","1990"
"Pi Eta","Missouri State University","https://en.wikipedia.org/wiki/Missouri_State_University","Springfield","https://en.wikipedia.org/wiki/Springfield,_Missouri","Inactive","Missouri","1990–xxxx ?"
"Pi Theta","Johnson & Wales University","https://en.wikipedia.org/wiki/Johnson_%26_Wales_University","Providence","https://en.wikipedia.org/wiki/Providence,_Rhode_Island","Active","Rhode Island","1990"
"Pi Iota","William Paterson University","https://en.wikipedia.org/wiki/William_Paterson_University","Wayne","https://en.wikipedia.org/wiki/Wayne,_New_Jersey","Active","New Jersey","1990"
"Pi Kappa","University at Albany, SUNY","https://en.wikipedia.org/wiki/University_at_Albany,_SUNY","Albany","https://en.wikipedia.org/wiki/Albany,_New_York","Active","New York",""
"Pi Lambda","DePauw University","https://en.wikipedia.org/wiki/DePauw_University","Greencastle","https://en.wikipedia.org/wiki/Greencastle,_Indiana","Active","Indiana","1991"
"Pi Mu","Baylor University","https://en.wikipedia.org/wiki/Baylor_University","Waco","https://en.wikipedia.org/wiki/Waco,_Texas","Active","Texas","1991"
"Pi Nu","Northeastern Illinois University","https://en.wikipedia.org/wiki/Northeastern_Illinois_University","Chicago","https://en.wikipedia.org/wiki/Chicago","Active","Illinois","1992"
"Pi Xi","University of Central Missouri","https://en.wikipedia.org/wiki/University_of_Central_Missouri","Warrensburg","https://en.wikipedia.org/wiki/Warrensburg,_Missouri","Active","Missouri","1992"
"Pi Omicron","Ashland University","https://en.wikipedia.org/wiki/Ashland_University","Cleveland Heights","https://en.wikipedia.org/wiki/Cleveland_Heights,_Ohio","Active","Ohio","1992"
"","Oberlin College","https://en.wikipedia.org/wiki/Oberlin_College","Oberlin","https://en.wikipedia.org/wiki/Oberlin,_Ohio","","",""
"Pi Pi","Erie","https://en.wikipedia.org/wiki/Erie,_Pennsylvania","","","Active","Pennsylvania","1992"
"Pi Rho","Spring Hill College","https://en.wikipedia.org/wiki/Spring_Hill_College","Mobile","https://en.wikipedia.org/wiki/Mobile,_Alabama","Active","Alabama","1992"
"Pi Sigma","Portland","https://en.wikipedia.org/wiki/Portland,_Oregon","","","Active","Oregon","1992"
"Pi Tau","","","","","Inactive ?","",""
"Pi Upsilon","University of California, Santa Cruz","https://en.wikipedia.org/wiki/University_of_California,_Santa_Cruz","Santa Cruz","https://en.wikipedia.org/wiki/Santa_Cruz,_California","Inactive","California","1992–xxxx ?"
"Pi Phi","Kennesaw State University","https://en.wikipedia.org/wiki/Kennesaw_State_University","Cobb County","https://en.wikipedia.org/wiki/Cobb_County,_Georgia","Active","Georgia","1992"
"Pi Chi","Stockton University","https://en.wikipedia.org/wiki/Stockton_University","Galloway Township","https://en.wikipedia.org/wiki/Galloway_Township,_New_Jersey","Active","New Jersey","1992"
"Pi Psi","University of Central Florida","https://en.wikipedia.org/wiki/University_of_Central_Florida","Orlando","https://en.wikipedia.org/wiki/Orlando,_Florida","Inactive","Florida","1992–xxxx ?"
"Rho Alpha","University of Missouri–Kansas City","https://en.wikipedia.org/wiki/University_of_Missouri%E2%80%93Kansas_City","Kansas City","https://en.wikipedia.org/wiki/Kansas_City,_Missouri","Active","Missouri","1992"
"Rho Beta","","","","","Inactive ?","",""
"Rho Gamma","Ramapo College","https://en.wikipedia.org/wiki/Ramapo_College","Mahwah","https://en.wikipedia.org/wiki/Mahwah,_New_Jersey","Active","New Jersey","1993"
"Rho Delta","California State University, San Bernardino","https://en.wikipedia.org/wiki/California_State_University,_San_Bernardino","San Bernardino","https://en.wikipedia.org/wiki/San_Bernardino,_California","Active","California","1994"
"Rho Epsilon","California State University, Northridge","https://en.wikipedia.org/wiki/California_State_University,_Northridge","Los Angeles","https://en.wikipedia.org/wiki/Los_Angeles","Inactive","California","1994–xxxx ?"
"Rho Zeta","Furman University","https://en.wikipedia.org/wiki/Furman_University","Greenville","https://en.wikipedia.org/wiki/Greenville,_South_Carolina","Active","South Carolina","1994"
"Rho Eta","Brenau University","https://en.wikipedia.org/wiki/Brenau_University","Gainesville","https://en.wikipedia.org/wiki/Gainesville,_Georgia","Active","Georgia","1994"
"Rho Theta","Pace University","https://en.wikipedia.org/wiki/Pace_University","New York City","https://en.wikipedia.org/wiki/New_York_City","Active","New York","1994"
"Rho Iota","Missouri Western State University","https://en.wikipedia.org/wiki/Missouri_Western_State_University","St. Joseph Missouri","https://en.wikipedia.org/wiki/St._Joseph,_Missouri","Active","Missouri","1992"
"Rho Kappa","University of Massachusetts Amherst","https://en.wikipedia.org/wiki/University_of_Massachusetts_Amherst","Amherst","https://en.wikipedia.org/wiki/Amherst,_Massachusetts","Active","Massachusetts","1995"
"Rho Lambda","","","","","Inactive ?","",""
"Rho Mu","University of Richmond","https://en.wikipedia.org/wiki/University_of_Richmond","Richmond","https://en.wikipedia.org/wiki/Richmond,_Virginia","Active","Virginia","1995"
"Rho Nu","Midwestern State University","https://en.wikipedia.org/wiki/Midwestern_State_University","Wichita Falls","https://en.wikipedia.org/wiki/Wichita_Falls,_Texas","Active","Texas","1996"
"Rho Xi","University of the Virgin Islands","https://en.wikipedia.org/wiki/University_of_the_Virgin_Islands","Saint Croix","https://en.wikipedia.org/wiki/Saint_Croix","Active","","1996"
"Rho Omicron","University of the Virgin Islands","https://en.wikipedia.org/wiki/University_of_the_Virgin_Islands","Saint Thomas","https://en.wikipedia.org/wiki/Saint_Thomas,_U.S._Virgin_Islands","Active","","1996"
"Rho Pi","Coastal Carolina University","https://en.wikipedia.org/wiki/Coastal_Carolina_University","Conway","https://en.wikipedia.org/wiki/Conway,_South_Carolina","Active","South Carolina","1996"
"Rho Rho","Indiana University of Pennsylvania","https://en.wikipedia.org/wiki/Indiana_University_of_Pennsylvania","Indiana County","https://en.wikipedia.org/wiki/Indiana_County,_Pennsylvania","Active","Pennsylvania","1997"
"Rho Sigma","","","","","Inactive ?","",""
"Rho Tau","University of South Carolina Upstate","https://en.wikipedia.org/wiki/University_of_South_Carolina_Upstate","Valley Falls","https://en.wikipedia.org/wiki/Valley_Falls,_South_Carolina","Active","South Carolina","1998"
"Rho Upsilon","Kean University","https://en.wikipedia.org/wiki/Kean_University","South Orange","https://en.wikipedia.org/wiki/South_Orange,_New_Jersey","Active","New Jersey","1998"
"","Seton Hall University","https://en.wikipedia.org/wiki/Seton_Hall_University","","","","",""
"Rho Phi","Montclair State University","https://en.wikipedia.org/wiki/Montclair_State_University","Montclair","https://en.wikipedia.org/wiki/Montclair,_New_Jersey","Active","New Jersey","1998"
"Rho Chi","Huntingdon College","https://en.wikipedia.org/wiki/Huntingdon_College","Montgomery","https://en.wikipedia.org/wiki/Montgomery,_Alabama","Active","Alabama","1999"
"Rho Psi","Xavier University","https://en.wikipedia.org/wiki/Xavier_University","Cincinnati","https://en.wikipedia.org/wiki/Cincinnati","Active","Ohio","1999"
"Sigma Alpha","Arlington","https://en.wikipedia.org/wiki/Arlington_County,_Virginia","","","Active","Virginia",""
"Sigma Beta","Texas A&M University–Corpus Christi","https://en.wikipedia.org/wiki/Texas_A%26M_University%E2%80%93Corpus_Christi","Corpus Christi","https://en.wikipedia.org/wiki/Corpus_Christi,_Texas","Active","Texas","2000"
"Sigma Gamma","Lake Forest College","https://en.wikipedia.org/wiki/Lake_Forest_College","Lake Forest","https://en.wikipedia.org/wiki/Lake_Forest,_Illinois","Active","Illinois","2000"
"Sigma Delta","University of Oregon","https://en.wikipedia.org/wiki/University_of_Oregon","Eugene","https://en.wikipedia.org/wiki/Eugene,_Oregon","Active","Oregon","2000"
"","Oregon State University","https://en.wikipedia.org/wiki/Oregon_State_University","Corvallis","https://en.wikipedia.org/wiki/Corvallis,_Oregon","","",""
"Sigma Epsilon","Texas State University","https://en.wikipedia.org/wiki/Texas_State_University","San Marcos","https://en.wikipedia.org/wiki/San_Marcos,_Texas","Active","Texas","2000"
"Sigma Zeta","Albion College","https://en.wikipedia.org/wiki/Albion_College","Albion","https://en.wikipedia.org/wiki/Albion,_Michigan","Active","Michigan","2001"
"Sigma Eta","Northern Kentucky University","https://en.wikipedia.org/wiki/Northern_Kentucky_University","Highland Heights","https://en.wikipedia.org/wiki/Highland_Heights,_Kentucky","Inactive","Kentucky","1996–xxxx ?"
"Sigma Theta","Houston Christian University","https://en.wikipedia.org/wiki/Houston_Christian_University","Houston","https://en.wikipedia.org/wiki/Houston","Active","Texas","2001"
"Sigma Iota","Florida Atlantic University","https://en.wikipedia.org/wiki/Florida_Atlantic_University","Boca Raton","https://en.wikipedia.org/wiki/Boca_Raton,_Florida","Active","Florida","2001"
"Sigma Kappa","University of Texas at Dallas","https://en.wikipedia.org/wiki/University_of_Texas_at_Dallas","Richardson","https://en.wikipedia.org/wiki/Richardson,_Texas","Active","Texas","2001"
"Sigma Lambda","Philadelphia","https://en.wikipedia.org/wiki/Philadelphia","","","Inactive","Pennsylvania","2002–xxxx ?"
"Sigma Mu","High Point University","https://en.wikipedia.org/wiki/High_Point_University","High Point","https://en.wikipedia.org/wiki/High_Point,_North_Carolina","Active","North Carolina",""
"Sigma Nu","University of Tampa","https://en.wikipedia.org/wiki/University_of_Tampa","Tampa","https://en.wikipedia.org/wiki/Tampa,_Florida","Active","Florida","2003"
"Sigma Xi","Charleston Southern University","https://en.wikipedia.org/wiki/Charleston_Southern_University","North Charleston","https://en.wikipedia.org/wiki/North_Charleston,_South_Carolina","Active","South Carolina","2003"
"Sigma Omicron","Virginia Wesleyan University","https://en.wikipedia.org/wiki/Virginia_Wesleyan_University","Virginia Beach","https://en.wikipedia.org/wiki/Virginia_Beach,_Virginia","Active","Virginia","2004"
"Sigma Pi","Florida International University","https://en.wikipedia.org/wiki/Florida_International_University","Miami","https://en.wikipedia.org/wiki/Miami","Active","Florida","2004"
"Sigma Rho","California State University, Fullerton","https://en.wikipedia.org/wiki/California_State_University,_Fullerton","Fullerton","https://en.wikipedia.org/wiki/Fullerton,_California","Active","California","2004"
"","California State Polytechnic University, Pomona","https://en.wikipedia.org/wiki/California_State_Polytechnic_University,_Pomona","Pomona","https://en.wikipedia.org/wiki/Pomona,_California","","",""
"","University of La Verne","https://en.wikipedia.org/wiki/University_of_La_Verne","La Verne","https://en.wikipedia.org/wiki/La_Verne,_California","","",""
"Sigma Sigma","Clayton State University","https://en.wikipedia.org/wiki/Clayton_State_University","Morrow","https://en.wikipedia.org/wiki/Morrow,_Georgia","Active","Georgia","2005"
"Sigma Tau","Georgia Southern University–Armstrong Campus","https://en.wikipedia.org/wiki/Georgia_Southern_University%E2%80%93Armstrong_Campus","Savannah","https://en.wikipedia.org/wiki/Savannah,_Georgia","Active","Georgia","2005"
"Sigma Upsilon","Florida Gulf Coast University","https://en.wikipedia.org/wiki/Florida_Gulf_Coast_University","Fort Myers","https://en.wikipedia.org/wiki/Fort_Myers,_Florida","Active","Florida","2006"
"Sigma Phi","Mercer University","https://en.wikipedia.org/wiki/Mercer_University","","","Active","Georgia","2006"
"Sigma Chi","Nova Southeastern University","https://en.wikipedia.org/wiki/Nova_Southeastern_University","","","Active","Florida","2008"
"Sigma Psi","Davidson College","https://en.wikipedia.org/wiki/Davidson_College","Davidson","https://en.wikipedia.org/wiki/Davidson,_North_Carolina","Active","North Carolina","2008"
"Tau Alpha","Widener University","https://en.wikipedia.org/wiki/Widener_University","Chester","https://en.wikipedia.org/wiki/Chester,_Pennsylvania","Active","Pennsylvania","2009"
"Tau Beta","Queens University of Charlotte","https://en.wikipedia.org/wiki/Queens_University_of_Charlotte","Charlotte","https://en.wikipedia.org/wiki/Charlotte,_North_Carolina","Active","North Carolina","2009"
"Tau Gamma","North Carolina Wesleyan University","https://en.wikipedia.org/wiki/North_Carolina_Wesleyan_University","Rocky Mount","https://en.wikipedia.org/wiki/Rocky_Mount,_North_Carolina","Active","North Carolina","2009"
"Tau Delta","Randolph–Macon College","https://en.wikipedia.org/wiki/Randolph%E2%80%93Macon_College","Ashland","https://en.wikipedia.org/wiki/Ashland,_Virginia","Active","Virginia","2009"
"Tau Epsilon","Louisiana State University Shreveport","https://en.wikipedia.org/wiki/Louisiana_State_University_Shreveport","Shreveport","https://en.wikipedia.org/wiki/Shreveport,_Louisiana","Active","Louisiana",""
"Tau Zeta","Washington and Lee University","https://en.wikipedia.org/wiki/Washington_and_Lee_University","Lexington","https://en.wikipedia.org/wiki/Lexington,_Virginia","Active","Virginia","2011"
"Beta Iota (Fourth)","University of Bridgeport","https://en.wikipedia.org/wiki/University_of_Bridgeport","Bridgeport","https://en.wikipedia.org/wiki/Bridgeport,_Connecticut","Active","Connecticut","2010"
"Tau Eta","Monmouth University","https://en.wikipedia.org/wiki/Monmouth_University","West Long Branch","https://en.wikipedia.org/wiki/West_Long_Branch,_New_Jersey","Active","New Jersey","2011"
"Tau Theta","Stevenson University","https://en.wikipedia.org/wiki/Stevenson_University","Baltimore County","https://en.wikipedia.org/wiki/Baltimore_County,_Maryland","Active","Maryland","2011"
"Tau Iota","Millikin University","https://en.wikipedia.org/wiki/Millikin_University","Decatur","https://en.wikipedia.org/wiki/Decatur,_Illinois","Active","Illinois","2011"
"Tau Kappa","Loyola Marymount University","https://en.wikipedia.org/wiki/Loyola_Marymount_University","Los Angeles","https://en.wikipedia.org/wiki/Los_Angeles","Active","California","2011"
"Tau Lambda","Pepperdine University","https://en.wikipedia.org/wiki/Pepperdine_University","Malibu","https://en.wikipedia.org/wiki/Malibu,_California","Active","California","2011"
"Tau Mu","DePaul University","https://en.wikipedia.org/wiki/DePaul_University","Chicago","https://en.wikipedia.org/wiki/Chicago","Active","Illinois","2012"
"Tau Nu","University of the Bahamas","https://en.wikipedia.org/wiki/University_of_the_Bahamas","Nassau","https://en.wikipedia.org/wiki/Nassau,_Bahamas","Active","","2012"
"Tau Xi","Villanova University","https://en.wikipedia.org/wiki/Villanova_University","Villanova","https://en.wikipedia.org/wiki/Villanova,_Pennsylvania","Active","Pennsylvania","2012"
"Tau Omicron","Dover","https://en.wikipedia.org/wiki/Dover,_Delaware","","https://en.wikipedia.org/wiki/Wesley_College_(Delaware)","Inactive","Delaware","2012–June 2021"
"Tau Pi","Oglethorpe University","https://en.wikipedia.org/wiki/Oglethorpe_University","Brookhaven","https://en.wikipedia.org/wiki/Brookhaven,_Georgia","Active","Georgia","2012"
"Tau Rho","University of Southern Indiana","https://en.wikipedia.org/wiki/University_of_Southern_Indiana","Evansville","https://en.wikipedia.org/wiki/Evansville,_Indiana","Active","Indiana","2013"
"Tau Sigma","New Jersey City University","https://en.wikipedia.org/wiki/New_Jersey_City_University","Jersey City","https://en.wikipedia.org/wiki/Jersey_City,_New_Jersey","Active","New Jersey","2013"
"Tau Tau","Colorado State University Pueblo","https://en.wikipedia.org/wiki/Colorado_State_University_Pueblo","Pueblo","https://en.wikipedia.org/wiki/Pueblo,_Colorado","Active","Colorado",""
"Tau Upsilon","Chowan University","https://en.wikipedia.org/wiki/Chowan_University","Murfreesboro","https://en.wikipedia.org/wiki/Murfreesboro,_North_Carolina","Active","North Carolina","2013"
"Tau Phi","University of New Mexico","https://en.wikipedia.org/wiki/University_of_New_Mexico","Albuquerque","https://en.wikipedia.org/wiki/Albuquerque,_New_Mexico","Active","New Mexico","2014"
"Tau Chi","University of Illinois Springfield","https://en.wikipedia.org/wiki/University_of_Illinois_Springfield","Springfield","https://en.wikipedia.org/wiki/Springfield,_Illinois","Active","Illinois","2014"
"Tau Psi","Methodist University","https://en.wikipedia.org/wiki/Methodist_University","Fayetteville","https://en.wikipedia.org/wiki/Fayetteville,_North_Carolina","Active","North Carolina","2014"
"Upsilon Alpha","Southwestern University","https://en.wikipedia.org/wiki/Southwestern_University","Georgetown","https://en.wikipedia.org/wiki/Georgetown,_Texas","Active","Texas","2015"
"Upsilon Beta","University of North Carolina at Charlotte","https://en.wikipedia.org/wiki/University_of_North_Carolina_at_Charlotte","Charlotte","https://en.wikipedia.org/wiki/Charlotte,_North_Carolina","Active","North Carolina","2016"
"Upsilon Gamma","McDaniel College","https://en.wikipedia.org/wiki/McDaniel_College","Westminster","https://en.wikipedia.org/wiki/Westminster,_Maryland","Active","Maryland","2016"
"Upsilon Delta","University of South Carolina Beaufort","https://en.wikipedia.org/wiki/University_of_South_Carolina_Beaufort","Beaufort","https://en.wikipedia.org/wiki/Beaufort,_South_Carolina","Active","South Carolina",""
"Upsilon Epsilon","California State University, Monterey Bay","https://en.wikipedia.org/wiki/California_State_University,_Monterey_Bay","Monterey County","https://en.wikipedia.org/wiki/Monterey_County,_California","Active","California",""
"Upsilon Zeta","Columbia College","https://en.wikipedia.org/wiki/Columbia_College_(South_Carolina)","Columbia","https://en.wikipedia.org/wiki/Columbia,_South_Carolina","Active","South Carolina","2018"
"Upsilon Eta","Belmont University","https://en.wikipedia.org/wiki/Belmont_University","Nashville","https://en.wikipedia.org/wiki/Nashville,_Tennessee","Active","Tennessee","2018"
"Upsilon Theta","Fairleigh Dickinson University","https://en.wikipedia.org/wiki/Fairleigh_Dickinson_University","Florham Park","https://en.wikipedia.org/wiki/Florham_Park,_New_Jersey","Active","New Jersey","2018"
"Upsilon Iota","Bridgewater State University","https://en.wikipedia.org/wiki/Bridgewater_State_University","Bridgewater","https://en.wikipedia.org/wiki/Bridgewater,_Massachusetts","Active","Massachusetts","2018"
"Upsilon Kappa","University of North Texas at Dallas","https://en.wikipedia.org/wiki/University_of_North_Texas_at_Dallas","Dallas","https://en.wikipedia.org/wiki/Dallas","Active","Texas","2019"
"Upsilon Lambda","Buffalo State University","https://en.wikipedia.org/wiki/Buffalo_State_University","Buffalo","https://en.wikipedia.org/wiki/Buffalo,_New_York","Active","New York",""
"Upsilon Mu","University of Connecticut","https://en.wikipedia.org/wiki/University_of_Connecticut","Storrs","https://en.wikipedia.org/wiki/Storrs,_Connecticut","Active","Connecticut",""
"Upsilon Nu","Newberry College","https://en.wikipedia.org/wiki/Newberry_College","Newberry","https://en.wikipedia.org/wiki/Newberry,_South_Carolina","Active","South Carolina",""
"Upsilon Xi","Georgia Gwinnett College","https://en.wikipedia.org/wiki/Georgia_Gwinnett_College","Lawrenceville","https://en.wikipedia.org/wiki/Lawrenceville,_Georgia","Active","Georgia",""
"Upsilon Rho","Governors State University","https://en.wikipedia.org/wiki/Governors_State_University","University Park","https://en.wikipedia.org/wiki/University_Park,_Illinois","Active","Illinois",""