"tablescraper-selected-row","tablescraper-selected-row 2","tablescraper-selected-row 5","tablescraper-selected-row href","tablescraper-selected-row 6","tablescraper-selected-row href 2","tablescraper-selected-row 8"
"Alpha","– 1952; 19xx ?","Indianapolis, Indiana","https://en.wikipedia.org/wiki/Indianapolis","Butler University","https://en.wikipedia.org/wiki/Butler_University","Active"
"","1923–1931","Indiana State University","https://en.wikipedia.org/wiki/Indiana_State_University","Terre Haute, Indiana","https://en.wikipedia.org/wiki/Terre_Haute,_Indiana","Reissued"
"Beta","1948","University of the District of Columbia","https://en.wikipedia.org/wiki/University_of_the_District_of_Columbia","Washington, D.C.","https://en.wikipedia.org/wiki/Washington,_D.C.","Active"
"","1923","","","","","Reissued"
"Gamma","1951","North Carolina A&T State University","https://en.wikipedia.org/wiki/North_Carolina_A%26T_State_University","Greensboro, North Carolina","https://en.wikipedia.org/wiki/Greensboro,_North_Carolina","Active"
"","192x ?–19xx ?","Louisville Municipal College","https://en.wikipedia.org/wiki/Louisville_Municipal_College","Louisville, Kentucky","https://en.wikipedia.org/wiki/Louisville,_Kentucky","Reissued"
"Delta","1941–1952; April 2, 2000","Xavier University of Louisiana","https://en.wikipedia.org/wiki/Xavier_University_of_Louisiana","","","Active"
"Epsilon","1924–19xx ?, 1966","Indiana University Northwest","https://en.wikipedia.org/wiki/Indiana_University_Northwest","Gary, Indiana","https://en.wikipedia.org/wiki/Gary,_Indiana","Active"
"Zeta","1929","Case Western Reserve University","https://en.wikipedia.org/wiki/Case_Western_Reserve_University","Cleveland, Ohio","https://en.wikipedia.org/wiki/Cleveland","Active"
"Eta","– 2004; December 3, 2014","Northwestern University","https://en.wikipedia.org/wiki/Northwestern_University","Evanston, Illinois","https://en.wikipedia.org/wiki/Evanston,_Illinois","Active"
"","192x ?–19xx ?","","","","","Reissued"
"Theta","","Claflin University","https://en.wikipedia.org/wiki/Claflin_University","Orangeburg, South Carolina","https://en.wikipedia.org/wiki/Orangeburg,_South_Carolina","Active"
"","192x ?–19xx ?","","","","","Reissued"
"Iota","1941–1952, 19xx ?","Langston University","https://en.wikipedia.org/wiki/Langston_University","Langston, Oklahoma","https://en.wikipedia.org/wiki/Langston,_Oklahoma","Active"
"Kappa","– 19xx; 1971","Wilberforce University","https://en.wikipedia.org/wiki/Wilberforce_University","Wilberforce, Ohio","https://en.wikipedia.org/wiki/Wilberforce,_Ohio","Active"
"","192x ?–19xx ?","","","","","Reissued"
"Lambda","1947–1953, 19xx ?","Kentucky State University","https://en.wikipedia.org/wiki/Kentucky_State_University","Frankfort, Kentucky","https://en.wikipedia.org/wiki/Frankfort,_Kentucky","Active"
"","192x ?–19xx?","","","","","Reissued"
"Mu","– 1952, 19xx ?","Ball State University","https://en.wikipedia.org/wiki/Ball_State_University","Muncie, Indiana","https://en.wikipedia.org/wiki/Muncie,_Indiana","Active"
"","192x ?–19xx ?","","","","","Reissued"
"Nu","1950","St. Augustine's University","https://en.wikipedia.org/wiki/St._Augustine%27s_University_(North_Carolina)","Raleigh, North Carolina","https://en.wikipedia.org/wiki/Raleigh,_North_Carolina","Active"
"","192x ?–19xx ?","","","","","Reissued"
"Xi","","Francis Marion University","https://en.wikipedia.org/wiki/Francis_Marion_University","Florence, South Carolina","https://en.wikipedia.org/wiki/Florence,_South_Carolina","Active"
"","192x ?–19xx ?","","","","","Reissued"
"Omicron","","Dillard University","https://en.wikipedia.org/wiki/Dillard_University","","","Active"
"","19xx ?–19xx ?","","","","","Inactive"
"","19xx ?–19xx ?","","","","","Reissued"
"Rho","","Winston-Salem State University","https://en.wikipedia.org/wiki/Winston-Salem_State_University","Winston-Salem, North Carolina","https://en.wikipedia.org/wiki/Winston-Salem,_North_Carolina","Active"
"","","","","","","Inactive"
"Tau","1927","Virginia Union University","https://en.wikipedia.org/wiki/Virginia_Union_University","Richmond, Virginia","https://en.wikipedia.org/wiki/Richmond,_Virginia","Active"
"","1930–1941","","","","","Inactive"
"","193x ?–19xx ?","","","","","Reissued"
"Phi","1952","Clark Atlanta University","https://en.wikipedia.org/wiki/Clark_Atlanta_University","Atlanta, Georgia","https://en.wikipedia.org/wiki/Atlanta","Active"
"","193x ?–19xx ?","","","","","Reissued"
"Chi","–1973, 19xx ?","Wichita State University","https://en.wikipedia.org/wiki/Wichita_State_University","Wichita, Kansas","https://en.wikipedia.org/wiki/Wichita,_Kansas","Active"
"Nu Psi","1938–19xx ?","Southern Illinois University Carbondale","https://en.wikipedia.org/wiki/Southern_Illinois_University_Carbondale","Carbondale, Illinois","https://en.wikipedia.org/wiki/Carbondale,_Illinois","Inactive"
"","193x ?–19xx ?","","","","","Inactive"
"","","","","","","Inactive"
"Alpha Beta","193x ?–19xx ?; 1942","Tennessee State University","https://en.wikipedia.org/wiki/Tennessee_State_University","Nashville, Tennessee","https://en.wikipedia.org/wiki/Nashville,_Tennessee","Active"
"","1932","Lane College","https://en.wikipedia.org/wiki/Lane_College","Jackson, Tennessee","https://en.wikipedia.org/wiki/Jackson,_Tennessee","Active"
"Alpha Delta","1937","Harris–Stowe State University","https://en.wikipedia.org/wiki/Harris%E2%80%93Stowe_State_University","St. Louis, Missouri","https://en.wikipedia.org/wiki/St._Louis","Active"
"","193x ?–19xx ?","","","","","Reissued"
"Alpha Epsilon","1946","Florida A&M University","https://en.wikipedia.org/wiki/Florida_A%26M_University","Tallahassee, Florida","https://en.wikipedia.org/wiki/Tallahassee,_Florida","Active"
"Alpha Zeta","1938","Virginia State University","https://en.wikipedia.org/wiki/Virginia_State_University","Ettrick, Virginia","https://en.wikipedia.org/wiki/Ettrick,_Virginia","Active"
"Alpha Eta","1938–1946, 1953","Wayne State University","https://en.wikipedia.org/wiki/Wayne_State_University","Detroit, Michigan","https://en.wikipedia.org/wiki/Detroit","Active"
"","1936–1941, 1950–1954","Illinois Institute of Technology","https://en.wikipedia.org/wiki/Illinois_Institute_of_Technology","Chicago, Illinois","https://en.wikipedia.org/wiki/Chicago","Inactive"
"","193x ?–19xx ?","","","","","Reissued"
"Alpha Iota","1949","Savannah State University","https://en.wikipedia.org/wiki/Savannah_State_University","Savannah, Georgia","https://en.wikipedia.org/wiki/Savannah,_Georgia","Active"
"","193x ?","","","","","Inactive"
"Alpha Lambda","1928","Texas Southern University","https://en.wikipedia.org/wiki/Texas_Southern_University","Houston, Texas","https://en.wikipedia.org/wiki/Houston","Active"
"Alpha Mu","1937","Lincoln University","https://en.wikipedia.org/wiki/Lincoln_University_(Missouri)","Jefferson City, Missouri","https://en.wikipedia.org/wiki/Jefferson_City,_Missouri","Active"
"Alpha Nu","1950","Los Angeles, California","https://en.wikipedia.org/wiki/Los_Angeles","","","Active"
"Alpha Xi","1943","Little Rock, Arkansas","https://en.wikipedia.org/wiki/Little_Rock,_Arkansas","","","Active"
"Alpha Omicron","","LeMoyne–Owen College","https://en.wikipedia.org/wiki/LeMoyne%E2%80%93Owen_College","Memphis, Tennessee","https://en.wikipedia.org/wiki/Memphis,_Tennessee","Active"
"Alpha Pi","1938","New York City","https://en.wikipedia.org/wiki/New_York_City","New York","https://en.wikipedia.org/wiki/New_York_(state)","Active"
"","1941–1954","","","","","Inactive"
"Alpha Rho","1973","University of Missouri","https://en.wikipedia.org/wiki/University_of_Missouri","Columbia, Missouri","https://en.wikipedia.org/wiki/Columbia,_Missouri","Active"
"Alpha Tau","– 1944; 1948","Jackson State University","https://en.wikipedia.org/wiki/Jackson_State_University","Jackson, Mississippi","https://en.wikipedia.org/wiki/Jackson,_Mississippi","Active"
"Alpha Upsilon","1945–1952, 1972","Fisk University","https://en.wikipedia.org/wiki/Fisk_University","Nashville, Tennessee","https://en.wikipedia.org/wiki/Nashville,_Tennessee","Active"
"Alpha Phi","","Howard University","https://en.wikipedia.org/wiki/Howard_University","Washington, D.C.","https://en.wikipedia.org/wiki/Washington,_D.C.","Active"
"Alpha Chi","1944","University of Arkansas at Pine Bluff","https://en.wikipedia.org/wiki/University_of_Arkansas_at_Pine_Bluff","Pine Bluff, Arkansas","https://en.wikipedia.org/wiki/Pine_Bluff,_Arkansas","Active"
"Alpha Psi","1935","St. Louis, Missouri","https://en.wikipedia.org/wiki/St._Louis","","","Active"
"Alpha Omega","1945","Huston–Tillotson University","https://en.wikipedia.org/wiki/Huston%E2%80%93Tillotson_University","Austin, Texas","https://en.wikipedia.org/wiki/Austin,_Texas","Active"
"Beta Alpha","1945","Southern University","https://en.wikipedia.org/wiki/Southern_University","Baton Rouge, Louisiana","https://en.wikipedia.org/wiki/Baton_Rouge,_Louisiana","Active"
"Epsilon Tau","1946–1952","Alcorn State University","https://en.wikipedia.org/wiki/Alcorn_State_University","Lorman, Mississippi","https://en.wikipedia.org/wiki/Lorman,_Mississippi","Reissued"
"Beta Beta","1971","Indiana State University","https://en.wikipedia.org/wiki/Indiana_State_University","Terre Haute, Indiana","https://en.wikipedia.org/wiki/Terre_Haute,_Indiana","Active"
"Beta Gamma","1946–1947, 1972","Marshall, Texas","https://en.wikipedia.org/wiki/Marshall,_Texas","","","Active"
"Beta Delta","1947","Temple University","https://en.wikipedia.org/wiki/Temple_University","","","Active"
"Beta Epsilon","1947","Benedict College","https://en.wikipedia.org/wiki/Benedict_College","Columbia, South Carolina","https://en.wikipedia.org/wiki/Columbia,_South_Carolina","Active"
"","19xx ?–19xx ?","","","","","Inactive"
"Beta Eta","1950","Bethune–Cookman University","https://en.wikipedia.org/wiki/Bethune%E2%80%93Cookman_University","Daytona Beach, Florida","https://en.wikipedia.org/wiki/Daytona_Beach,_Florida","Active"
"Beta Theta","1950","Shaw University","https://en.wikipedia.org/wiki/Shaw_University","Raleigh, North Carolina","https://en.wikipedia.org/wiki/Raleigh,_North_Carolina","Active"
"Beta Iota","1950","Allen University","https://en.wikipedia.org/wiki/Allen_University","Columbia, South Carolina","https://en.wikipedia.org/wiki/Columbia,_South_Carolina","Active"
"Beta Kappa","1961–1953, 1960","Texas College","https://en.wikipedia.org/wiki/Texas_College","Tyler, Texas","https://en.wikipedia.org/wiki/Tyler,_Texas","Active"
"Beta Lambda","1952","Morris Brown College","https://en.wikipedia.org/wiki/Morris_Brown_College","Atlanta, Georgia","https://en.wikipedia.org/wiki/Atlanta","Active"
"","195x ?–19xx ?","","","","","Inactive"
"Beta Nu","1952","Saint Paul College","https://en.wikipedia.org/wiki/Saint_Paul_College","Saint Paul, Minnesota","https://en.wikipedia.org/wiki/Saint_Paul,_Minnesota","Active"
"","195x ?–19xx ?","","","","","Inactive"
"Beta Omicron","1952","North Carolina Central University","https://en.wikipedia.org/wiki/North_Carolina_Central_University","Durham, North Carolina","https://en.wikipedia.org/wiki/Durham,_North_Carolina","Active"
"Beta Pi","1952","Arizona State University","https://en.wikipedia.org/wiki/Arizona_State_University","Tempe, Arizona","https://en.wikipedia.org/wiki/Tempe,_Arizona","Active"
"Beta Rho","","Roosevelt University","https://en.wikipedia.org/wiki/Roosevelt_University","Chicago, Illinois","https://en.wikipedia.org/wiki/Chicago","Active"
"Beta Tau","1954","Morgan State University","https://en.wikipedia.org/wiki/Morgan_State_University","","","Active"
"Beta Upsilon","1955","Johnson C. Smith University","https://en.wikipedia.org/wiki/Johnson_C._Smith_University","Charlotte, North Carolina","https://en.wikipedia.org/wiki/Charlotte,_North_Carolina","Active"
"Beta Phi","1957","Cheyney, Pennsylvania","https://en.wikipedia.org/wiki/Cheyney,_Pennsylvania","","","Active"
"Beta Chi","1958","Alabama State University","https://en.wikipedia.org/wiki/Alabama_State_University","Montgomery, Alabama","https://en.wikipedia.org/wiki/Montgomery,_Alabama","Active"
"Beta Psi","1958","University of California, Berkeley","https://en.wikipedia.org/wiki/University_of_California,_Berkeley","Berkeley, California","https://en.wikipedia.org/wiki/Berkeley,_California","Active"
"Beta Omega","1960","Grambling State University","https://en.wikipedia.org/wiki/Grambling_State_University","Grambling, Louisiana","https://en.wikipedia.org/wiki/Grambling,_Louisiana","Active"
"Gamma Alpha","1960","","","","","Active"
"Gamma Beta","","Southern Illinois University Edwardsville","https://en.wikipedia.org/wiki/Southern_Illinois_University_Edwardsville","Edwardsville, Illinois","https://en.wikipedia.org/wiki/Edwardsville,_Illinois","Active"
"Gamma Gamma","1962","Knoxville College","https://en.wikipedia.org/wiki/Knoxville_College","Knoxville, Tennessee","https://en.wikipedia.org/wiki/Knoxville,_Tennessee","Active"
"","1962–19xx ?","Bishop College","https://en.wikipedia.org/wiki/Bishop_College","Marshall, Texas","https://en.wikipedia.org/wiki/Marshall,_Texas","Inactive"
"Gamma Epsilon","1973","Kent State University","https://en.wikipedia.org/wiki/Kent_State_University","Kent, Ohio","https://en.wikipedia.org/wiki/Kent,_Ohio","Active"
"Gamma Zeta","– 19xx ?; December 19, 1998","Indiana University–Purdue University Indianapolis","https://en.wikipedia.org/wiki/Indiana_University%E2%80%93Purdue_University_Indianapolis","","","Active"
"Gamma Eta","1965","","","","","Active"
"Gamma Theta","1963","Newark, New Jersey","https://en.wikipedia.org/wiki/Newark,_New_Jersey","","","Active"
"Gamma Iota","1964","Paul Quinn College","https://en.wikipedia.org/wiki/Paul_Quinn_College","","","Active"
"Gamma Kappa","","California State University, Long Beach","https://en.wikipedia.org/wiki/California_State_University,_Long_Beach","Long Beach, California","https://en.wikipedia.org/wiki/Long_Beach,_California","Active"
"","196x?–19xx ?","","","","","Inactive"
"Gamma Mu","1964","","","","","Active"
"Gamma Nu","1964","Norfolk State University","https://en.wikipedia.org/wiki/Norfolk_State_University","Norfolk, Virginia","https://en.wikipedia.org/wiki/Norfolk,_Virginia","Active"
"Gamma Xi","1964","Florida Memorial University","https://en.wikipedia.org/wiki/Florida_Memorial_University","Miami Gardens, Florida","https://en.wikipedia.org/wiki/Miami_Gardens,_Florida","Active"
"Gamma Omicron","1966","Denver, Colorado","https://en.wikipedia.org/wiki/Denver","","","Active"
"Gamma Pi","1965","Louisiana State University","https://en.wikipedia.org/wiki/Louisiana_State_University","Baton Rouge, Louisiana","https://en.wikipedia.org/wiki/Baton_Rouge,_Louisiana","Active"
"Gamma Rho","1973","Illinois State University","https://en.wikipedia.org/wiki/Illinois_State_University","Normal, Illinois","https://en.wikipedia.org/wiki/Normal,_Illinois","Active"
"Gamma Tau","1967","Little Rock, Arkansas","https://en.wikipedia.org/wiki/Little_Rock,_Arkansas","","","Active"
"Gamma Upsilon","1968","Southern University at New Orleans","https://en.wikipedia.org/wiki/Southern_University_at_New_Orleans","","","Active"
"Gamma Phi","1968","Coppin State University","https://en.wikipedia.org/wiki/Coppin_State_University","","","Active"
"Gamma Chi","","University of Memphis","https://en.wikipedia.org/wiki/University_of_Memphis","Memphis, Tennessee","https://en.wikipedia.org/wiki/Memphis,_Tennessee","Active"
"Gamma Psi","","Emporia State University","https://en.wikipedia.org/wiki/Emporia_State_University","Emporia, Kansas","https://en.wikipedia.org/wiki/Emporia,_Kansas","Active"
"Gamma Omega","1968","Michigan State University","https://en.wikipedia.org/wiki/Michigan_State_University","East Lansing, Michigan","https://en.wikipedia.org/wiki/East_Lansing,_Michigan","Active"
"Delta Alpha","1969","Prairie View A&M University","https://en.wikipedia.org/wiki/Prairie_View_A%26M_University","Prairie View, Texas","https://en.wikipedia.org/wiki/Prairie_View,_Texas","Active"
"Delta Beta","1971","Eastern Illinois University","https://en.wikipedia.org/wiki/Eastern_Illinois_University","Charleston, Illinois","https://en.wikipedia.org/wiki/Charleston,_Illinois","Active"
"Delta Gamma","","San Diego State University","https://en.wikipedia.org/wiki/San_Diego_State_University","San Diego, California","https://en.wikipedia.org/wiki/San_Diego","Active"
"","197x ?–19xx ?","","","","","Inactive"
"Delta Epsilon","1970–1973, 19xx ?","Eastern Michigan University","https://en.wikipedia.org/wiki/Eastern_Michigan_University","Ypsilanti, Michigan","https://en.wikipedia.org/wiki/Ypsilanti,_Michigan","Active"
"Delta Zeta","1970","Ferris State University","https://en.wikipedia.org/wiki/Ferris_State_University","Big Rapids, Michigan","https://en.wikipedia.org/wiki/Big_Rapids,_Michigan","Active"
"Delta Eta","1970","Miles College","https://en.wikipedia.org/wiki/Miles_College","Fairfield, Alabama","https://en.wikipedia.org/wiki/Fairfield,_Alabama","Active"
"","197x?–19xx ?","","","","","Inactive"
"Delta Iota","1970","Fayetteville State University","https://en.wikipedia.org/wiki/Fayetteville_State_University","Fayetteville, North Carolina","https://en.wikipedia.org/wiki/Fayetteville,_North_Carolina","Active"
"Delta Kappa","1970","Truman State University","https://en.wikipedia.org/wiki/Truman_State_University","Kirksville, Missouri","https://en.wikipedia.org/wiki/Kirksville,_Missouri","Active"
"Delta Lambda","1971","Shreveport, Louisiana","https://en.wikipedia.org/wiki/Shreveport,_Louisiana","","","Active"
"Delta Mu","1973","University of Oregon","https://en.wikipedia.org/wiki/University_of_Oregon","Eugene, Oregon","https://en.wikipedia.org/wiki/Eugene,_Oregon","Active"
"Delta Nu","","University of Minnesota","https://en.wikipedia.org/wiki/University_of_Minnesota","Minneapolis","https://en.wikipedia.org/wiki/Minneapolis","Active"
"Delta Xi","1971","Barber–Scotia College","https://en.wikipedia.org/wiki/Barber%E2%80%93Scotia_College","Concord, North Carolina","https://en.wikipedia.org/wiki/Concord,_North_Carolina","Active"
"Delta Omicron","1970","Paine College","https://en.wikipedia.org/wiki/Paine_College","Augusta, Georgia","https://en.wikipedia.org/wiki/Augusta,_Georgia","Active"
"Delta Pi","1970","University of Central Missouri","https://en.wikipedia.org/wiki/University_of_Central_Missouri","Warrensburg, Missouri","https://en.wikipedia.org/wiki/Warrensburg,_Missouri","Active"
"Delta Rho","","University of Illinois Urbana-Champaign","https://en.wikipedia.org/wiki/University_of_Illinois_Urbana-Champaign","Champaign, Illinois","https://en.wikipedia.org/wiki/Champaign,_Illinois","Active"
"Delta Tau","1970","Elizabeth City State University","https://en.wikipedia.org/wiki/Elizabeth_City_State_University","Elizabeth City, North Carolina","https://en.wikipedia.org/wiki/Elizabeth_City,_North_Carolina","Active"
"Delta Upsilon","1971","Edward Waters University","https://en.wikipedia.org/wiki/Edward_Waters_University","Jacksonville, Florida","https://en.wikipedia.org/wiki/Jacksonville,_Florida","Active"
"Delta Phi","1971","Ohio State University","https://en.wikipedia.org/wiki/Ohio_State_University","Columbus, Ohio","https://en.wikipedia.org/wiki/Columbus,_Ohio","Active"
"Delta Chi","1972","Talladega College","https://en.wikipedia.org/wiki/Talladega_College","Talladega, Alabama","https://en.wikipedia.org/wiki/Talladega,_Alabama","Active"
"Delta Psi","1972","Tallahassee, Florida","https://en.wikipedia.org/wiki/Tallahassee,_Florida","","","Active"
"Delta Omega","1971","Central State University","https://en.wikipedia.org/wiki/Central_State_University","Wilberforce, Ohio","https://en.wikipedia.org/wiki/Wilberforce,_Ohio","Active"
"","197x ?–xxxx ?","","","","","Inactive"
"Epsilon Beta","1972","Western Illinois University","https://en.wikipedia.org/wiki/Western_Illinois_University","Macomb, Illinois","https://en.wikipedia.org/wiki/Macomb,_Illinois","Active"
"Epsilon Gamma","1972","Purdue University","https://en.wikipedia.org/wiki/Purdue_University","West Lafayette, Indiana","https://en.wikipedia.org/wiki/West_Lafayette,_Indiana","Active"
"Epsilon Delta","1972","Florida State University","https://en.wikipedia.org/wiki/Florida_State_University","Tallahassee, Florida","https://en.wikipedia.org/wiki/Tallahassee,_Florida","Active"
"","197x ?–xxxx ?","","","","","Inactive"
"Epsilon Zeta","1972","Virginia Commonwealth University","https://en.wikipedia.org/wiki/Virginia_Commonwealth_University","Richmond, Virginia","https://en.wikipedia.org/wiki/Richmond,_Virginia","Active"
"Epsilon Eta","1973","Spelman College","https://en.wikipedia.org/wiki/Spelman_College","Atlanta, Georgia","https://en.wikipedia.org/wiki/Atlanta","Active"
"Epsilon Theta","1972","Tuskegee University","https://en.wikipedia.org/wiki/Tuskegee_University","Tuskegee, Alabama","https://en.wikipedia.org/wiki/Tuskegee,_Alabama","Active"
"Epsilon Iota","1976","Nebraska Wesleyan University","https://en.wikipedia.org/wiki/Nebraska_Wesleyan_University","Lincoln, Nebraska","https://en.wikipedia.org/wiki/Lincoln,_Nebraska","Active"
"","197x ?–xxxx ?","","","","","Inactive"
"Epsilon Lambda","1973","Bowie State University","https://en.wikipedia.org/wiki/Bowie_State_University","Prince George's County, Maryland","https://en.wikipedia.org/wiki/Prince_George%27s_County,_Maryland","Active"
"Epsilon Mu","1973","Compton, California","https://en.wikipedia.org/wiki/Compton,_California","","","Active"
"Epsilon Mu","1979","","","","","Active"
"","197x ?–xxxx ?","","","","","Inactive"
"Epsilon Xi","1973","University of Wisconsin–Madison","https://en.wikipedia.org/wiki/University_of_Wisconsin%E2%80%93Madison","Madison, Wisconsin","https://en.wikipedia.org/wiki/Madison,_Wisconsin","Active"
"","1973–2008","San Jose State University","https://en.wikipedia.org/wiki/San_Jose_State_University","San Jose, California","https://en.wikipedia.org/wiki/San_Jose,_California","Inactive"
"Epsilon Pi","1972","University of Houston","https://en.wikipedia.org/wiki/University_of_Houston","Houston, Texas","https://en.wikipedia.org/wiki/Houston","Active"
"Epsilon Rho","1978","University of Akron","https://en.wikipedia.org/wiki/University_of_Akron","Akron, Ohio","https://en.wikipedia.org/wiki/Akron,_Ohio","Active"
"Epsilon Tau","1972","Alcorn State University","https://en.wikipedia.org/wiki/Alcorn_State_University","Lorman, Mississippi","https://en.wikipedia.org/wiki/Lorman,_Mississippi","Active"
"","197x ?–xxxx ?","","","","","Inactive"
"Epsilon Phi","","California State University, Northridge","https://en.wikipedia.org/wiki/California_State_University,_Northridge","Los Angeles, California","https://en.wikipedia.org/wiki/Los_Angeles","Active"
"Epsilon Chi","1971","Indiana University Bloomington","https://en.wikipedia.org/wiki/Indiana_University_Bloomington","Bloomington, Indiana","https://en.wikipedia.org/wiki/Bloomington,_Indiana","Active"
"","197x ?–xxxx ?","","","","","Inactive"
"Epsilon Omega","1974","University of Wisconsin–Whitewater","https://en.wikipedia.org/wiki/University_of_Wisconsin%E2%80%93Whitewater","Whitewater, Wisconsin","https://en.wikipedia.org/wiki/Whitewater,_Wisconsin","Active"
"Zeta Alpha","1973","Bowling Green State University","https://en.wikipedia.org/wiki/Bowling_Green_State_University","Bowling Green, Ohio","https://en.wikipedia.org/wiki/Bowling_Green,_Ohio","Active"
"","197x ?–xxxx ?","","","","","Inactive"
"","197x ?–xxxx ?","","","","","Inactive"
"Zeta Delta","1974","Delaware State University","https://en.wikipedia.org/wiki/Delaware_State_University","Dover, Delaware","https://en.wikipedia.org/wiki/Dover,_Delaware","Active"
"Zeta Epsilon","1974","Louisiana Tech University","https://en.wikipedia.org/wiki/Louisiana_Tech_University","Ruston, Louisiana","https://en.wikipedia.org/wiki/Ruston,_Louisiana","Active"
"","197x ?–xxxx ?","","","","","Inactive"
"","197x ?–xxxx ?","","","","","Inactive"
"Zeta Theta","1974","University of South Carolina","https://en.wikipedia.org/wiki/University_of_South_Carolina","Columbia, South Carolina","https://en.wikipedia.org/wiki/Columbia,_South_Carolina","Active"
"Zeta Iota","1976","Chattanooga, Tennessee","https://en.wikipedia.org/wiki/Chattanooga,_Tennessee","","","Active"
"Zeta Kappa","1974","South Carolina State University","https://en.wikipedia.org/wiki/South_Carolina_State_University","Orangeburg, South Carolina","https://en.wikipedia.org/wiki/Orangeburg,_South_Carolina","Active"
"Zeta Lambda","1975","University of St. Thomas","https://en.wikipedia.org/wiki/University_of_St._Thomas_(Texas)","Houston, Texas","https://en.wikipedia.org/wiki/Houston","Active"
"Zeta Mu","1974","Lewis University","https://en.wikipedia.org/wiki/Lewis_University","Romeoville, Illinois","https://en.wikipedia.org/wiki/Romeoville,_Illinois","Active"
"Zeta Nu","1975","Northern Illinois University","https://en.wikipedia.org/wiki/Northern_Illinois_University","DeKalb, Illinois","https://en.wikipedia.org/wiki/DeKalb,_Illinois","Active"
"Zeta Xi","1975","Hampton University","https://en.wikipedia.org/wiki/Hampton_University","Hampton, Virginia","https://en.wikipedia.org/wiki/Hampton,_Virginia","Active"
"Zeta Omicron","1976","West Virginia State University","https://en.wikipedia.org/wiki/West_Virginia_State_University","Institute, West Virginia","https://en.wikipedia.org/wiki/Institute,_West_Virginia","Active"
"Zeta Pi","","Fort Valley State University","https://en.wikipedia.org/wiki/Fort_Valley_State_University","Fort Valley, Georgia","https://en.wikipedia.org/wiki/Fort_Valley,_Georgia","Active"
"Zeta Rho","1976","Northwest Missouri State University","https://en.wikipedia.org/wiki/Northwest_Missouri_State_University","Maryville, Missouri","https://en.wikipedia.org/wiki/Maryville,_Missouri","Active"
"Zeta Tau","1975","Beaumont, Texas","https://en.wikipedia.org/wiki/Beaumont,_Texas","","","Active"
"Zeta Upsilon","1976","University of Northern Colorado","https://en.wikipedia.org/wiki/University_of_Northern_Colorado","Greeley, Colorado","https://en.wikipedia.org/wiki/Greeley,_Colorado","Active"
"Zeta Phi","1975","Bradley University","https://en.wikipedia.org/wiki/Bradley_University","Peoria, Illinois","https://en.wikipedia.org/wiki/Peoria,_Illinois","Active"
"Zeta Chi","1975","University of Alabama","https://en.wikipedia.org/wiki/University_of_Alabama","Tuscaloosa, Alabama","https://en.wikipedia.org/wiki/Tuscaloosa,_Alabama","Active"
"Zeta Psi","1975","Albany State University","https://en.wikipedia.org/wiki/Albany_State_University","Albany, Georgia","https://en.wikipedia.org/wiki/Albany,_Georgia","Active"
"","197x ?–xxxx ?","","","","","Inactive"
"Eta Alpha","1976–1981, 1991","University of North Texas","https://en.wikipedia.org/wiki/University_of_North_Texas","Denton, Texas","https://en.wikipedia.org/wiki/Denton,_Texas","Active"
"Eta Beta","","University of Maryland, College Park","https://en.wikipedia.org/wiki/University_of_Maryland,_College_Park","College Park, Maryland","https://en.wikipedia.org/wiki/College_Park,_Maryland","Active"
"","197x ?–xxxx ?","","","","","Inactive"
"Eta Delta","1977","University of California, San Diego","https://en.wikipedia.org/wiki/University_of_California,_San_Diego","","","Active"
"Eta Epsilon","1976","Western Michigan University","https://en.wikipedia.org/wiki/Western_Michigan_University","Kalamazoo, Michigan","https://en.wikipedia.org/wiki/Kalamazoo,_Michigan","Active"
"Eta Zeta","1977","University of Wisconsin–Milwaukee","https://en.wikipedia.org/wiki/University_of_Wisconsin%E2%80%93Milwaukee","","","Active"
"","197x ?–xxxx ?","","","","","InActive"
"","197x ?–xxxx ?","","","","","Inactive"
"Eta Iota","1976","University of Kansas","https://en.wikipedia.org/wiki/University_of_Kansas","Lawrence, Kansas","https://en.wikipedia.org/wiki/Lawrence,_Kansas","Active"
"Eta Kappa","1977","Stillman College","https://en.wikipedia.org/wiki/Stillman_College","Tuscaloosa, Alabama","https://en.wikipedia.org/wiki/Tuscaloosa,_Alabama","Active"
"Eta Lambda","1977","California State University, Bakersfield","https://en.wikipedia.org/wiki/California_State_University,_Bakersfield","Bakersfield, California","https://en.wikipedia.org/wiki/Bakersfield,_California","Active"
"Eta Mu","1977","East Carolina University","https://en.wikipedia.org/wiki/East_Carolina_University","Greenville, North Carolina","https://en.wikipedia.org/wiki/Greenville,_North_Carolina","Active"
"Eta Nu","1979","Texas Woman's University","https://en.wikipedia.org/wiki/Texas_Woman%27s_University","Denton, Texas","https://en.wikipedia.org/wiki/Denton,_Texas","Active"
"Eta Xi","1977","Towson University","https://en.wikipedia.org/wiki/Towson_University","Towson, Maryland","https://en.wikipedia.org/wiki/Towson,_Maryland","Active"
"Eta Omicron","1977","Voorhees University","https://en.wikipedia.org/wiki/Voorhees_University","Denmark, South Carolina","https://en.wikipedia.org/wiki/Denmark,_South_Carolina","Active"
"Eta Pi","1977","Saginaw Valley State University","https://en.wikipedia.org/wiki/Saginaw_Valley_State_University","University Center, Michigan","https://en.wikipedia.org/wiki/University_Center,_Michigan","Active"
"Eta Rho","1978","Knoxville, Tennessee","https://en.wikipedia.org/wiki/Knoxville,_Tennessee","","","Active"
"Eta Tau","1978","University of Southern Mississippi","https://en.wikipedia.org/wiki/University_of_Southern_Mississippi","Hattiesburg, Mississippi","https://en.wikipedia.org/wiki/Hattiesburg,_Mississippi","Active"
"","1978–2010","Rutgers University–New Brunswick","https://en.wikipedia.org/wiki/Rutgers_University%E2%80%93New_Brunswick","New Brunswick, New Jersey","https://en.wikipedia.org/wiki/New_Brunswick,_New_Jersey","Inactive"
"Eta Phi","1978","Western Kentucky University","https://en.wikipedia.org/wiki/Western_Kentucky_University","Bowling Green, Kentucky","https://en.wikipedia.org/wiki/Bowling_Green,_Kentucky","Active"
"Eta Chi","1976","Purdue University Northwest","https://en.wikipedia.org/wiki/Purdue_University_Northwest","Hammond, Indiana","https://en.wikipedia.org/wiki/Hammond,_Indiana","Active"
"Eta Psi","1980","Ohio University","https://en.wikipedia.org/wiki/Ohio_University","Athens, Ohio","https://en.wikipedia.org/wiki/Athens,_Ohio","Active"
"Eta Omega","1979","University of Louisville","https://en.wikipedia.org/wiki/University_of_Louisville","Louisville, Kentucky","https://en.wikipedia.org/wiki/Louisville,_Kentucky","Active"
"Theta Alpha","1979","University of Wisconsin–Oshkosh","https://en.wikipedia.org/wiki/University_of_Wisconsin%E2%80%93Oshkosh","Oshkosh, Wisconsin","https://en.wikipedia.org/wiki/Oshkosh,_Wisconsin","Active"
"","19xx ?–xxxx ?","","","","","InActive"
"Theta Gamma","","Tougaloo College","https://en.wikipedia.org/wiki/Tougaloo_College","Jackson, Mississippi","https://en.wikipedia.org/wiki/Jackson,_Mississippi","Active"
"Theta Delta","1980","Galveston, Texas","https://en.wikipedia.org/wiki/Galveston,_Texas","","","Active"
"Theta Epsilon","","University of Southern California","https://en.wikipedia.org/wiki/University_of_Southern_California","Los Angeles, California","https://en.wikipedia.org/wiki/Los_Angeles","Active"
"Theta Zeta","1980","Marquette University","https://en.wikipedia.org/wiki/Marquette_University","","","Active"
"Theta Eta","1981","Drake University","https://en.wikipedia.org/wiki/Drake_University","Des Moines, Iowa","https://en.wikipedia.org/wiki/Des_Moines,_Iowa","Active"
"","198x ?–xxxx ?","","","","","Inactive"
"","198x ?–xxxx ?","","","","","Inactive"
"Theta Kappa","1980","Baldwin Wallace University","https://en.wikipedia.org/wiki/Baldwin_Wallace_University","Berea, Ohio","https://en.wikipedia.org/wiki/Berea,_Ohio","Active"
"Theta Lambda","1980","University of Virginia","https://en.wikipedia.org/wiki/University_of_Virginia","Charlottesville, Virginia","https://en.wikipedia.org/wiki/Charlottesville,_Virginia","Active"
"Theta Mu","1980","Rowan University","https://en.wikipedia.org/wiki/Rowan_University","Glassboro, New Jersey","https://en.wikipedia.org/wiki/Glassboro,_New_Jersey","Active"
"Theta Nu","1980","University of Pittsburgh","https://en.wikipedia.org/wiki/University_of_Pittsburgh","","","Active"
"Omega Tau","1980","Houston, Texas","https://en.wikipedia.org/wiki/Houston","","","Active"
"Psi Delta","1981","","","","","Active"
"Theta Xi","1981","University of Nebraska Omaha","https://en.wikipedia.org/wiki/University_of_Nebraska_Omaha","Omaha, Nebraska","https://en.wikipedia.org/wiki/Omaha,_Nebraska","Active"
"Theta Omicron","1981","University of Delaware","https://en.wikipedia.org/wiki/University_of_Delaware","Newark, Delaware","https://en.wikipedia.org/wiki/Newark,_Delaware","Active"
"Theta Pi","1981","University of Central Oklahoma","https://en.wikipedia.org/wiki/University_of_Central_Oklahoma","Edmond, Oklahoma","https://en.wikipedia.org/wiki/Edmond,_Oklahoma","Active"
"Theta Rho","1981","Cleveland State University","https://en.wikipedia.org/wiki/Cleveland_State_University","","","Active"
"Theta Tau","1981","Syracuse University","https://en.wikipedia.org/wiki/Syracuse_University","Syracuse, New York","https://en.wikipedia.org/wiki/Syracuse,_New_York","Active"
"Theta Upsilon","1981","University of South Florida","https://en.wikipedia.org/wiki/University_of_South_Florida","Tampa, Florida","https://en.wikipedia.org/wiki/Tampa,_Florida","Active"
"Theta Phi","1982","Mississippi State University","https://en.wikipedia.org/wiki/Mississippi_State_University","Starkville, Mississippi","https://en.wikipedia.org/wiki/Starkville,_Mississippi","Active"
"Theta Chi","1982","Old Dominion University","https://en.wikipedia.org/wiki/Old_Dominion_University","Norfolk, Virginia","https://en.wikipedia.org/wiki/Norfolk,_Virginia","Active"
"Theta Psi","1982","Iowa State University","https://en.wikipedia.org/wiki/Iowa_State_University","Ames, Iowa","https://en.wikipedia.org/wiki/Ames,_Iowa","Active"
"Theta Omega","1982","Stockton University","https://en.wikipedia.org/wiki/Stockton_University","Galloway Township, New Jersey","https://en.wikipedia.org/wiki/Galloway_Township,_New_Jersey","Active"
"","","","","","","Unassigned ?"
"","","","","","","Unassigned ?"
"Iota Gamma","1980","Longview, Texas","https://en.wikipedia.org/wiki/Longview,_Texas","","","Active"
"","","","","","","Unassigned ?"
"Iota Zeta","1982","University of Missouri–Kansas City","https://en.wikipedia.org/wiki/University_of_Missouri%E2%80%93Kansas_City","Kansas City, Missouri","https://en.wikipedia.org/wiki/Kansas_City,_Missouri","Active"
"Iota Eta","1983","Morris College","https://en.wikipedia.org/wiki/Morris_College","Sumter, South Carolina","https://en.wikipedia.org/wiki/Sumter,_South_Carolina","Active"
"","","","","","","Unassigned ?"
"","","","","","","Unassigned ?"
"","","","","","","Unassigned ?"
"","","","","","","Unassigned ?"
"","","","","","","Unassigned ?"
"","","","","","","Unassigned ?"
"","","","","","","Unassigned ?"
"","","","","","","Unassigned ?"
"","","","","","","Unassigned ?"
"","","","","","","Unassigned ?"
"","","","","","","Unassigned ?"
"","","","","","","Unassigned ?"
"","","","","","","Unassigned ?"
"","","","","","","Unassigned ?"
"Iota Psi","","University of Michigan","https://en.wikipedia.org/wiki/University_of_Michigan","Ann Arbor, Michigan","https://en.wikipedia.org/wiki/Ann_Arbor,_Michigan","Active"
"","","","","","","Unassigned ?"
"","198x ?–xxxx ?","","","","","Inactive"
"Kappa Beta","1982","","","","","Active"
"Kappa Gamma","1986","University of Tennessee at Martin","https://en.wikipedia.org/wiki/University_of_Tennessee_at_Martin","Martin, Tennessee","https://en.wikipedia.org/wiki/Martin,_Tennessee","Active"
"Kappa Delta","1983","Marshall University","https://en.wikipedia.org/wiki/Marshall_University","Huntington, West Virginia","https://en.wikipedia.org/wiki/Huntington,_West_Virginia","Active"
"Kappa Epsilon","1983","LIU Brooklyn","https://en.wikipedia.org/wiki/LIU_Brooklyn","","","Active"
"Kappa Zeta","1983","Texas Tech University","https://en.wikipedia.org/wiki/Texas_Tech_University","Lubbock, Texas","https://en.wikipedia.org/wiki/Lubbock,_Texas","Active"
"Kappa Eta","1983","University of Iowa","https://en.wikipedia.org/wiki/University_of_Iowa","Iowa City, Iowa","https://en.wikipedia.org/wiki/Iowa_City,_Iowa","Active"
"Kappa Theta","1986","University of Louisiana at Monroe","https://en.wikipedia.org/wiki/University_of_Louisiana_at_Monroe","Monroe, Louisiana","https://en.wikipedia.org/wiki/Monroe,_Louisiana","Active"
"Kappa Iota","1987","Alabama A&M University","https://en.wikipedia.org/wiki/Alabama_A%26M_University","Normal, Alabama","https://en.wikipedia.org/wiki/Normal,_Alabama","Active"
"","198x ?–xxxx ?","","","","","Inactive"
"Kappa Lambda","1983","Indiana University of Pennsylvania","https://en.wikipedia.org/wiki/Indiana_University_of_Pennsylvania","Indiana County, Pennsylvania","https://en.wikipedia.org/wiki/Indiana_County,_Pennsylvania","Active"
"Kappa Mu","1984","Sam Houston State University","https://en.wikipedia.org/wiki/Sam_Houston_State_University","Huntsville, Texas","https://en.wikipedia.org/wiki/Huntsville,_Texas","Active"
"Kappa Nu","– 198x ?; November 17, 1989","Northeastern University","https://en.wikipedia.org/wiki/Northeastern_University","Boston, Massachusetts","https://en.wikipedia.org/wiki/Boston","Active"
"Kappa Xi","1987","State University of New York at Old Westbury","https://en.wikipedia.org/wiki/State_University_of_New_York_at_Old_Westbury","Old Westbury, New York","https://en.wikipedia.org/wiki/Old_Westbury,_New_York","Active"
"Kappa Omicron","1987","State University of New York at New Paltz","https://en.wikipedia.org/wiki/State_University_of_New_York_at_New_Paltz","New Paltz, New York","https://en.wikipedia.org/wiki/New_Paltz_(village),_New_York","Active"
"Kappa Pi","1987","Buffalo State University","https://en.wikipedia.org/wiki/Buffalo_State_University","Buffalo, New York","https://en.wikipedia.org/wiki/Buffalo,_New_York","Active"
"Kappa Rho","","Pennsylvania State University","https://en.wikipedia.org/wiki/Pennsylvania_State_University","","","Active"
"Kappa Tau","1983","Tulsa, Oklahoma","https://en.wikipedia.org/wiki/Tulsa,_Oklahoma","","","Active"
"Kappa Upsilon","1972","Jarvis Christian University","https://en.wikipedia.org/wiki/Jarvis_Christian_University","Wood County, Texas","https://en.wikipedia.org/wiki/Wood_County,_Texas","Active"
"Kappa Phi","1985","University of California, Davis","https://en.wikipedia.org/wiki/University_of_California,_Davis","Davis, California","https://en.wikipedia.org/wiki/Davis,_California","Active"
"Kappa Chi","1985","Mississippi Valley State University","https://en.wikipedia.org/wiki/Mississippi_Valley_State_University","","","Active"
"Kappa Psi","1985","Virginia Tech","https://en.wikipedia.org/wiki/Virginia_Tech","Blacksburg, Virginia","https://en.wikipedia.org/wiki/Blacksburg,_Virginia","Active"
"Kappa Omega","1987","North Carolina State University","https://en.wikipedia.org/wiki/North_Carolina_State_University","Raleigh, North Carolina","https://en.wikipedia.org/wiki/Raleigh,_North_Carolina","Active"
"Lambda Alpha","1988","Millersville, Pennsylvania","https://en.wikipedia.org/wiki/Millersville,_Pennsylvania","","","Active"
"Lambda Beta","1988","Valdosta State University","https://en.wikipedia.org/wiki/Valdosta_State_University","Valdosta, Georgia","https://en.wikipedia.org/wiki/Valdosta,_Georgia","Active"
"Lambda Gamma","1988","West Virginia University","https://en.wikipedia.org/wiki/West_Virginia_University","Morgantown, West Virginia","https://en.wikipedia.org/wiki/Morgantown,_West_Virginia","Active"
"Lambda Delta","1988","University of Georgia","https://en.wikipedia.org/wiki/University_of_Georgia","Athens, Georgia","https://en.wikipedia.org/wiki/Athens,_Georgia","Active"
"Lambda Epsilon","1989","University of West Georgia","https://en.wikipedia.org/wiki/University_of_West_Georgia","Carrollton, Georgia","https://en.wikipedia.org/wiki/Carrollton,_Georgia","Active"
"Lambda Zeta","","Binghamton University","https://en.wikipedia.org/wiki/Binghamton_University","Binghamton, New York","https://en.wikipedia.org/wiki/Binghamton,_New_York","Active"
"Lambda Eta","1989","Southeast Missouri State University","https://en.wikipedia.org/wiki/Southeast_Missouri_State_University","Cape Girardeau, Missouri","https://en.wikipedia.org/wiki/Cape_Girardeau,_Missouri","Active"
"Lambda Theta","1989","Northwestern State University","https://en.wikipedia.org/wiki/Northwestern_State_University","Natchitoches, Louisiana","https://en.wikipedia.org/wiki/Natchitoches,_Louisiana","Active"
"Lambda Iota","1989","James Madison University","https://en.wikipedia.org/wiki/James_Madison_University","Harrisonburg, Virginia","https://en.wikipedia.org/wiki/Harrisonburg,_Virginia","Active"
"Lambda Kappa","1989","Winthrop University","https://en.wikipedia.org/wiki/Winthrop_University","Rock Hill, South Carolina","https://en.wikipedia.org/wiki/Rock_Hill,_South_Carolina","Active"
"Lambda Lambda","1990","East Texas A&M University","https://en.wikipedia.org/wiki/East_Texas_A%26M_University","Commerce, Texas","https://en.wikipedia.org/wiki/Commerce,_Texas","Active"
"Lambda Mu","1990","University of Central Florida","https://en.wikipedia.org/wiki/University_of_Central_Florida","Orlando, Florida","https://en.wikipedia.org/wiki/Orlando,_Florida","Active"
"Lambda Nu","1991","Stephen F. Austin State University","https://en.wikipedia.org/wiki/Stephen_F._Austin_State_University","Nacogdoches, Texas","https://en.wikipedia.org/wiki/Nacogdoches,_Texas","Active"
"Lambda Xi","1991","University of Central Arkansas","https://en.wikipedia.org/wiki/University_of_Central_Arkansas","Conway, Arkansas","https://en.wikipedia.org/wiki/Conway,_Arkansas","Active"
"Lambda Omicron","1990","Cornell University","https://en.wikipedia.org/wiki/Cornell_University","Ithaca, New York","https://en.wikipedia.org/wiki/Ithaca,_New_York","Active"
"Lambda Pi","1990","The College of New Jersey","https://en.wikipedia.org/wiki/The_College_of_New_Jersey","Ewing Township, New Jersey","https://en.wikipedia.org/wiki/Ewing_Township,_New_Jersey","Active"
"Lambda Rho","1990","University of Florida","https://en.wikipedia.org/wiki/University_of_Florida","Gainesville, Florida","https://en.wikipedia.org/wiki/Gainesville,_Florida","Active"
"Lambda Tau","1990","Stony Brook University","https://en.wikipedia.org/wiki/Stony_Brook_University","Stony Brook, New York","https://en.wikipedia.org/wiki/Stony_Brook,_New_York","Active"
"Lambda Upsilon","","University of Oklahoma","https://en.wikipedia.org/wiki/University_of_Oklahoma","Norman, Oklahoma","https://en.wikipedia.org/wiki/Norman,_Oklahoma","Active"
"Lambda Phi","1990","University of Maryland, Baltimore County","https://en.wikipedia.org/wiki/University_of_Maryland,_Baltimore_County","Baltimore County, Maryland","https://en.wikipedia.org/wiki/Baltimore_County,_Maryland","Active"
"Lambda Chi","1990","Middle Tennessee State University","https://en.wikipedia.org/wiki/Middle_Tennessee_State_University","Murfreesboro, Tennessee","https://en.wikipedia.org/wiki/Murfreesboro,_Tennessee","Active"
"Lambda Psi","1991","University of North Carolina at Chapel Hill","https://en.wikipedia.org/wiki/University_of_North_Carolina_at_Chapel_Hill","Chapel Hill, North Carolina","https://en.wikipedia.org/wiki/Chapel_Hill,_North_Carolina","Active"
"Lambda Omega","1990","University at Albany, SUNY","https://en.wikipedia.org/wiki/University_at_Albany,_SUNY","Albany, New York","https://en.wikipedia.org/wiki/Albany,_New_York","Active"
"Mu Alpha","","University of California, Los Angeles","https://en.wikipedia.org/wiki/University_of_California,_Los_Angeles","","","Active"
"Mu Beta","1991","University of Tennessee","https://en.wikipedia.org/wiki/University_of_Tennessee","Knoxville, Tennessee","https://en.wikipedia.org/wiki/Knoxville,_Tennessee","Active"
"Mu Gamma","1991","College of Charleston","https://en.wikipedia.org/wiki/College_of_Charleston","Charleston, South Carolina","https://en.wikipedia.org/wiki/Charleston,_South_Carolina","Active"
"Mu Delta","1991","West Chester University","https://en.wikipedia.org/wiki/West_Chester_University","West Chester, Pennsylvania","https://en.wikipedia.org/wiki/West_Chester,_Pennsylvania","Active"
"Mu Epsilon","1991","Lamar University","https://en.wikipedia.org/wiki/Lamar_University","Beaumont, Texas","https://en.wikipedia.org/wiki/Beaumont,_Texas","Active"
"Mu Zeta","1991","East Texas A&M University","https://en.wikipedia.org/wiki/East_Texas_A%26M_University","Commerce, Texas","https://en.wikipedia.org/wiki/Commerce,_Texas","Active"
"Mu Eta","1991","Southern Arkansas University","https://en.wikipedia.org/wiki/Southern_Arkansas_University","Magnolia, Arkansas","https://en.wikipedia.org/wiki/Magnolia,_Arkansas","Active"
"Mu Theta","1991","Central Michigan University","https://en.wikipedia.org/wiki/Central_Michigan_University","Mount Pleasant, Michigan","https://en.wikipedia.org/wiki/Mount_Pleasant,_Michigan","Active"
"Mu Iota","1991","American International College","https://en.wikipedia.org/wiki/American_International_College","Springfield, Massachusetts","https://en.wikipedia.org/wiki/Springfield,_Massachusetts","Active"
"","– xxxx ?","Brown University","https://en.wikipedia.org/wiki/Brown_University","Providence, Rhode Island","https://en.wikipedia.org/wiki/Providence,_Rhode_Island","Moved"
"Mu Kappa","199x ?","Johnson & Wales University","https://en.wikipedia.org/wiki/Johnson_%26_Wales_University","Providence, Rhode Island","https://en.wikipedia.org/wiki/Providence,_Rhode_Island","Active"
"","199x ?–xxxx ?","","","","","Inactive"
"Mu Mu","1992","National Louis University","https://en.wikipedia.org/wiki/National_Louis_University","Chicago, Illinois","https://en.wikipedia.org/wiki/Chicago","Active"
"Mu Nu","1987","University of Miami","https://en.wikipedia.org/wiki/University_of_Miami","Chicago, Illinois","https://en.wikipedia.org/wiki/Chicago","Active"
"Mu Xi","1992","Jacksonville State University","https://en.wikipedia.org/wiki/Jacksonville_State_University","Jacksonville, Alabama","https://en.wikipedia.org/wiki/Jacksonville,_Alabama","Active"
"Mu Omicron","1992","University of Kentucky","https://en.wikipedia.org/wiki/University_of_Kentucky","Lexington, Kentucky","https://en.wikipedia.org/wiki/Lexington,_Kentucky","Active"
"Mu Pi","1992–xxxx ?; 2021","Capital University","https://en.wikipedia.org/wiki/Capital_University","Columbus, Ohio","https://en.wikipedia.org/wiki/Columbus,_Ohio","Active"
"Mu Rho","1992","Georgia Southwestern State University","https://en.wikipedia.org/wiki/Georgia_Southwestern_State_University","Americus, Georgia","https://en.wikipedia.org/wiki/Americus,_Georgia","Active"
"Mu Sigma","","Baton Rouge, Louisiana","https://en.wikipedia.org/wiki/Baton_Rouge,_Louisiana","","","Active"
"Mu Tau","","Livingstone College","https://en.wikipedia.org/wiki/Livingstone_College","Salisbury, North Carolina","https://en.wikipedia.org/wiki/Salisbury,_North_Carolina","Active"
"Mu Upsilon","1992","University of Texas at Austin","https://en.wikipedia.org/wiki/University_of_Texas_at_Austin","Austin, Texas","https://en.wikipedia.org/wiki/Austin,_Texas","Active"
"Mu Phi","1992–199x ?, 20xx ?","Texas State University","https://en.wikipedia.org/wiki/Texas_State_University","San Marcos, Texas","https://en.wikipedia.org/wiki/San_Marcos,_Texas","Active"
"Mu Chi","1992","Wagner College","https://en.wikipedia.org/wiki/Wagner_College","","","Active"
"Mu Psi","1992","Clemson University","https://en.wikipedia.org/wiki/Clemson_University","Clemson, South Carolina","https://en.wikipedia.org/wiki/Clemson,_South_Carolina","Active"
"Mu Omega","","George Mason University","https://en.wikipedia.org/wiki/George_Mason_University","Fairfax, Virginia","https://en.wikipedia.org/wiki/Fairfax,_Virginia","Active"
"Nu Alpha","1992","Cleveland, Ohio","https://en.wikipedia.org/wiki/Cleveland","","","Active"
"Nu Beta","","Kansas State University","https://en.wikipedia.org/wiki/Kansas_State_University","Manhattan, Kansas","https://en.wikipedia.org/wiki/Manhattan,_Kansas","Active"
"Nu Gamma","","University of Cincinnati","https://en.wikipedia.org/wiki/University_of_Cincinnati","","","Active"
"Nu Delta","1992","University of Maryland Eastern Shore","https://en.wikipedia.org/wiki/University_of_Maryland_Eastern_Shore","Princess Anne, Maryland","https://en.wikipedia.org/wiki/Princess_Anne,_Maryland","Active"
"Nu Epsilon","1992","Missouri State University","https://en.wikipedia.org/wiki/Missouri_State_University","Springfield, Missouri","https://en.wikipedia.org/wiki/Springfield,_Missouri","Active"
"Nu Zeta","1992","Austin Peay State University","https://en.wikipedia.org/wiki/Austin_Peay_State_University","Clarksville, Tennessee","https://en.wikipedia.org/wiki/Clarksville,_Tennessee","Active"
"Nu Eta","1993","University of Nevada, Las Vegas","https://en.wikipedia.org/wiki/University_of_Nevada,_Las_Vegas","Paradise, Nevada","https://en.wikipedia.org/wiki/Paradise,_Nevada","Active"
"Nu Theta","1993","Georgia Southern University","https://en.wikipedia.org/wiki/Georgia_Southern_University","Statesboro, Georgia","https://en.wikipedia.org/wiki/Statesboro,_Georgia","Active"
"Nu Iota","1993","University of Texas at Arlington","https://en.wikipedia.org/wiki/University_of_Texas_at_Arlington","Arlington, Texas","https://en.wikipedia.org/wiki/Arlington,_Texas","Active"
"","1993–xxxx ?","","","","","Inactive"
"Nu Lambda","1993","University of Arkansas","https://en.wikipedia.org/wiki/University_of_Arkansas","Fayetteville, Arkansas","https://en.wikipedia.org/wiki/Fayetteville,_Arkansas","Active"
"Nu Mu","","University of Connecticut","https://en.wikipedia.org/wiki/University_of_Connecticut","Storrs, Connecticut","https://en.wikipedia.org/wiki/Storrs,_Connecticut","Active"
"Nu Nu","– xxxx ?; March 7, 2021","Bennett College","https://en.wikipedia.org/wiki/Bennett_College","Greensboro, North Carolina","https://en.wikipedia.org/wiki/Greensboro,_North_Carolina","Active"
"","1993–xxxx ?","","","","","Inactive"
"Nu Omicron","1993","Elon University","https://en.wikipedia.org/wiki/Elon_University","Elon, North Carolina","https://en.wikipedia.org/wiki/Elon,_North_Carolina","Active"
"Nu Pi","","Strayer University","https://en.wikipedia.org/wiki/Strayer_University","Arlington, Virginia","https://en.wikipedia.org/wiki/Arlington_County,_Virginia","Active"
"Nu Rho","1993","University of North Carolina at Charlotte","https://en.wikipedia.org/wiki/University_of_North_Carolina_at_Charlotte","Charlotte, North Carolina","https://en.wikipedia.org/wiki/Charlotte,_North_Carolina","Active"
"Nu Tau","1993","Hofstra University","https://en.wikipedia.org/wiki/Hofstra_University","Nassau County, New York","https://en.wikipedia.org/wiki/Nassau_County,_New_York","Active"
"Nu Upsilon","1994","University of Arizona","https://en.wikipedia.org/wiki/University_of_Arizona","Tucson, Arizona","https://en.wikipedia.org/wiki/Tucson,_Arizona","Active"
"","1994–xxxx ?","","","","","Inactive"
"Nu Chi","1994","Lander University","https://en.wikipedia.org/wiki/Lander_University","Greenwood, South Carolina","https://en.wikipedia.org/wiki/Greenwood,_South_Carolina","Active"
"Nu Psi","1968","Southern Illinois University Carbondale","https://en.wikipedia.org/wiki/Southern_Illinois_University_Carbondale","Carbondale, Illinois","https://en.wikipedia.org/wiki/Carbondale,_Illinois","Active"
"Nu Omega","1994","California State University, Chico","https://en.wikipedia.org/wiki/California_State_University,_Chico","Chico, California","https://en.wikipedia.org/wiki/Chico,_California","Active"
"","1994–xxxx ?","","","","","Inactive"
"Xi Beta","1994","University of Toledo","https://en.wikipedia.org/wiki/University_of_Toledo","Toledo, Ohio","https://en.wikipedia.org/wiki/Toledo,_Ohio","Active"
"Xi Gamma","1994","Morehead State University","https://en.wikipedia.org/wiki/Morehead_State_University","Morehead, Kentucky","https://en.wikipedia.org/wiki/Morehead,_Kentucky","Active"
"Xi Delta","1994","Stanford University","https://en.wikipedia.org/wiki/Stanford_University","Stanford, California","https://en.wikipedia.org/wiki/Stanford,_California","Active"
"Xi Epsilon","","California State University, Sacramento","https://en.wikipedia.org/wiki/California_State_University,_Sacramento","Sacramento, California","https://en.wikipedia.org/wiki/Sacramento,_California","Active"
"Xi Zeta","1994","University of Mississippi","https://en.wikipedia.org/wiki/University_of_Mississippi","Oxford, Mississippi","https://en.wikipedia.org/wiki/Oxford,_Mississippi","Active"
"Xi Eta","1995–1999; 2020","University of New Mexico","https://en.wikipedia.org/wiki/University_of_New_Mexico","Albuquerque, New Mexico","https://en.wikipedia.org/wiki/Albuquerque,_New_Mexico","Active"
"Xi Theta","1995","Lincoln University","https://en.wikipedia.org/wiki/Lincoln_University_(Pennsylvania)","Oxford, Pennsylvania","https://en.wikipedia.org/wiki/Oxford,_Pennsylvania","Active"
"Xi Iota","1995","Northern Arizona University","https://en.wikipedia.org/wiki/Northern_Arizona_University","Flagstaff, Arizona","https://en.wikipedia.org/wiki/Flagstaff,_Arizona","Active"
"Xi Kappa","1995","Sonoma State University","https://en.wikipedia.org/wiki/Sonoma_State_University","Rohnert Park, California","https://en.wikipedia.org/wiki/Rohnert_Park,_California","Active"
"Xi Lambda","1995","DePaul University","https://en.wikipedia.org/wiki/DePaul_University","Chicago, Illinois","https://en.wikipedia.org/wiki/Chicago","Active"
"Xi Mu","1995","University of Alabama at Birmingham","https://en.wikipedia.org/wiki/University_of_Alabama_at_Birmingham","Birmingham, Alabama","https://en.wikipedia.org/wiki/Birmingham,_Alabama","Active"
"Xi Nu","1996","Grand Valley State University","https://en.wikipedia.org/wiki/Grand_Valley_State_University","Allendale, Michigan","https://en.wikipedia.org/wiki/Allendale,_Michigan","Active"
"Xi Xi","1996","Wright State University","https://en.wikipedia.org/wiki/Wright_State_University","Dayton, Ohio","https://en.wikipedia.org/wiki/Dayton,_Ohio","Active"
"Xi Omicron","1996","Rust College","https://en.wikipedia.org/wiki/Rust_College","Holly Springs, Mississippi","https://en.wikipedia.org/wiki/Holly_Springs,_Mississippi","Active"
"Xi Pi","1996","University of the Virgin Islands","https://en.wikipedia.org/wiki/University_of_the_Virgin_Islands","United States Virgin Islands","https://en.wikipedia.org/wiki/United_States_Virgin_Islands","Active"
"Xi Rho","1996","University of California, Riverside","https://en.wikipedia.org/wiki/University_of_California,_Riverside","Riverside, California","https://en.wikipedia.org/wiki/Riverside,_California","Active"
"","1996–xxxx ?","","","","","Inactive"
"Xi Upsilon","1996","Detroit, Michigan","https://en.wikipedia.org/wiki/Detroit","","","Active"
"Xi Phi","1996","Utica University","https://en.wikipedia.org/wiki/Utica_University","Utica, New York","https://en.wikipedia.org/wiki/Utica,_New_York","Active"
"Xi Chi","1996","Baylor University","https://en.wikipedia.org/wiki/Baylor_University","Waco, Texas","https://en.wikipedia.org/wiki/Waco,_Texas","Active"
"","1996–xxxx ?","","","","","Inactive"
"Xi Omega","1996","Union College","https://en.wikipedia.org/wiki/Union_College","Schenectady, New York","https://en.wikipedia.org/wiki/Schenectady,_New_York","Active"
"Omicron Alpha","1996","University of Wisconsin–Parkside","https://en.wikipedia.org/wiki/University_of_Wisconsin%E2%80%93Parkside","Kenosha, Wisconsin","https://en.wikipedia.org/wiki/Kenosha,_Wisconsin","Active"
"Omicron Beta","1996","University of Illinois Chicago","https://en.wikipedia.org/wiki/University_of_Illinois_Chicago","Chicago, Illinois","https://en.wikipedia.org/wiki/Chicago","Active"
"Omicron Gamma","1997","Georgia State University","https://en.wikipedia.org/wiki/Georgia_State_University","Atlanta, Georgia","https://en.wikipedia.org/wiki/Atlanta","Active"
"Omicron Delta","1997","Southeastern Oklahoma State University","https://en.wikipedia.org/wiki/Southeastern_Oklahoma_State_University","Durant, Oklahoma","https://en.wikipedia.org/wiki/Durant,_Oklahoma","Active"
"Omicron Epsilon","1997","George Washington University","https://en.wikipedia.org/wiki/George_Washington_University","Washington, D.C.","https://en.wikipedia.org/wiki/Washington,_D.C.","Active"
"Omicron Zeta","1997","University of Washington","https://en.wikipedia.org/wiki/University_of_Washington","Seattle, Washington","https://en.wikipedia.org/wiki/Seattle","Active"
"Omicron Eta","1997–xxxx ?; March 4, 2022","University of North Carolina at Greensboro","https://en.wikipedia.org/wiki/University_of_North_Carolina_at_Greensboro","Greensboro, North Carolina","https://en.wikipedia.org/wiki/Greensboro,_North_Carolina","Active"
"Omicron Theta","1997","Florida International University","https://en.wikipedia.org/wiki/Florida_International_University","Miami, Florida","https://en.wikipedia.org/wiki/Miami","Active"
"Omicron Iota","1997","Auburn University","https://en.wikipedia.org/wiki/Auburn_University","Auburn, Alabama","https://en.wikipedia.org/wiki/Auburn,_Alabama","Active"
"Omicron Kappa","1998","University of Tulsa","https://en.wikipedia.org/wiki/University_of_Tulsa","Tulsa, Oklahoma","https://en.wikipedia.org/wiki/Tulsa,_Oklahoma","Active"
"Omicron Lambda","1998","Rollins College","https://en.wikipedia.org/wiki/Rollins_College","Winter Park, Florida","https://en.wikipedia.org/wiki/Winter_Park,_Florida","Active"
"Omicron Mu","1998","California State University, Fullerton","https://en.wikipedia.org/wiki/California_State_University,_Fullerton","Fullerton, California","https://en.wikipedia.org/wiki/Fullerton,_California","Active"
"Omicron Nu","1998","Duke University","https://en.wikipedia.org/wiki/Duke_University","Durham, North Carolina","https://en.wikipedia.org/wiki/Durham,_North_Carolina","Active"
"Omicron Xi","","Rhodes College","https://en.wikipedia.org/wiki/Rhodes_College","Memphis, Tennessee","https://en.wikipedia.org/wiki/Memphis,_Tennessee","Active"
"Omicron Omicron","","Longwood University","https://en.wikipedia.org/wiki/Longwood_University","Farmville, Virginia","https://en.wikipedia.org/wiki/Farmville,_Virginia","Active"
"Omicron Pi","","Troy University","https://en.wikipedia.org/wiki/Troy_University","Troy, Alabama","https://en.wikipedia.org/wiki/Troy,_Alabama","Active"
"Omicron Rho","","California State University, Dominguez Hills","https://en.wikipedia.org/wiki/California_State_University,_Dominguez_Hills","Carson, California","https://en.wikipedia.org/wiki/Carson,_California","Active"
"Omicron Tau","1999","Arkansas State University","https://en.wikipedia.org/wiki/Arkansas_State_University","Jonesboro, Arkansas","https://en.wikipedia.org/wiki/Jonesboro,_Arkansas","Active"
"Omicron Upsilon","1999","Elon University","https://en.wikipedia.org/wiki/Elon_University","Elon, North Carolina","https://en.wikipedia.org/wiki/Elon,_North_Carolina","Active"
"Omicron Phi","1999","American University","https://en.wikipedia.org/wiki/American_University","Washington, D.C.","https://en.wikipedia.org/wiki/Washington,_D.C.","Active"
"Omicron Chi","1999","Chicago State University","https://en.wikipedia.org/wiki/Chicago_State_University","Chicago, Illinois","https://en.wikipedia.org/wiki/Chicago","Active"
"","xxxx ?–xxxx ?","","","","","Inactive"
"Omicron Omega","2000","University of Arkansas at Little Rock","https://en.wikipedia.org/wiki/University_of_Arkansas_at_Little_Rock","Little Rock, Arkansas","https://en.wikipedia.org/wiki/Little_Rock,_Arkansas","Active"
"","2000–20xx ?","College of New Rochelle","https://en.wikipedia.org/wiki/College_of_New_Rochelle","New Rochelle, New York","https://en.wikipedia.org/wiki/New_Rochelle,_New_York","Inactive"
"Pi Beta","2000","Georgia College & State University","https://en.wikipedia.org/wiki/Georgia_College_%26_State_University","Milledgeville, Georgia","https://en.wikipedia.org/wiki/Milledgeville,_Georgia","Active"
"Pi Gamma","2000","Poughkeepsie, New York","https://en.wikipedia.org/wiki/Poughkeepsie,_New_York","","","Active"
"Pi Delta","2001","Washington State University","https://en.wikipedia.org/wiki/Washington_State_University","Pullman, Washington","https://en.wikipedia.org/wiki/Pullman,_Washington","Active"
"Pi Epsilon","2001","University of Louisiana at Lafayette","https://en.wikipedia.org/wiki/University_of_Louisiana_at_Lafayette","Lafayette, Louisiana","https://en.wikipedia.org/wiki/Lafayette,_Louisiana","Active"
"Pi Zeta","2001","University of South Carolina Upstate","https://en.wikipedia.org/wiki/University_of_South_Carolina_Upstate","Valley Falls, South Carolina","https://en.wikipedia.org/wiki/Valley_Falls,_South_Carolina","Active"
"Pi Eta","2002","Florida Atlantic University","https://en.wikipedia.org/wiki/Florida_Atlantic_University","Boca Raton, Florida","https://en.wikipedia.org/wiki/Boca_Raton,_Florida","Active"
"Pi Theta","2002","University of South Carolina Aiken","https://en.wikipedia.org/wiki/University_of_South_Carolina_Aiken","Aiken, South Carolina","https://en.wikipedia.org/wiki/Aiken,_South_Carolina","Active"
"Pi Iota","2002","Southeastern Louisiana University","https://en.wikipedia.org/wiki/Southeastern_Louisiana_University","Hammond, Louisiana","https://en.wikipedia.org/wiki/Hammond,_Louisiana","Active"
"Pi Kappa","","Elmhurst University","https://en.wikipedia.org/wiki/Elmhurst_University","Elmhurst, Illinois","https://en.wikipedia.org/wiki/Elmhurst,_Illinois","Active"
"Pi Lambda","2003","Auburn University at Montgomery","https://en.wikipedia.org/wiki/Auburn_University_at_Montgomery","Montgomery, Alabama","https://en.wikipedia.org/wiki/Montgomery,_Alabama","Active"
"Pi Mu","200x ?","University of Missouri–St. Louis","https://en.wikipedia.org/wiki/University_of_Missouri%E2%80%93St._Louis","St. Louis, Missouri","https://en.wikipedia.org/wiki/St._Louis","Active"
"Pi Nu","","Oakland University","https://en.wikipedia.org/wiki/Oakland_University","Rochester, Michigan","https://en.wikipedia.org/wiki/Rochester,_Michigan","Active"
"Pi Xi","","University of Massachusetts Amherst","https://en.wikipedia.org/wiki/University_of_Massachusetts_Amherst","Amherst, Massachusetts","https://en.wikipedia.org/wiki/Amherst,_Massachusetts","Active"
"Pi Omicron","2004","Emory University","https://en.wikipedia.org/wiki/Emory_University","St. Louis, Missouri","https://en.wikipedia.org/wiki/St._Louis","Active"
"Pi Pi","2004","Christian Brothers University","https://en.wikipedia.org/wiki/Christian_Brothers_University","Memphis, Tennessee","https://en.wikipedia.org/wiki/Memphis,_Tennessee","Active"
"Pi Rho","2004","California State Polytechnic University, Pomona","https://en.wikipedia.org/wiki/California_State_Polytechnic_University,_Pomona","Pomona, California","https://en.wikipedia.org/wiki/Pomona,_California","Active"
"Pi Tau","2005","Gettysburg College","https://en.wikipedia.org/wiki/Gettysburg_College","Gettysburg, Pennsylvania","https://en.wikipedia.org/wiki/Gettysburg,_Pennsylvania","Active"
"Pi Upsilon","","Xavier University","https://en.wikipedia.org/wiki/Xavier_University","Cincinnati, Ohio","https://en.wikipedia.org/wiki/Cincinnati","Active"
"Pi Phi","2005","San Francisco State University","https://en.wikipedia.org/wiki/San_Francisco_State_University","","","Active"
"","","Ursinus College","https://en.wikipedia.org/wiki/Ursinus_College","Collegeville, Pennsylvania","https://en.wikipedia.org/wiki/Collegeville,_Pennsylvania","Active"
"Pi Psi","2005","Frostburg State University","https://en.wikipedia.org/wiki/Frostburg_State_University","Frostburg, Maryland","https://en.wikipedia.org/wiki/Frostburg,_Maryland","Active"
"Pi Omega","2005","University of South Alabama","https://en.wikipedia.org/wiki/University_of_South_Alabama","Mobile, Alabama","https://en.wikipedia.org/wiki/Mobile,_Alabama","Active"
"Rho Alpha","","University of Bridgeport","https://en.wikipedia.org/wiki/University_of_Bridgeport","Bridgeport, Connecticut","https://en.wikipedia.org/wiki/Bridgeport,_Connecticut","Active"
"Rho Beta","2006","University of Northern Iowa","https://en.wikipedia.org/wiki/University_of_Northern_Iowa","Cedar Falls, Iowa","https://en.wikipedia.org/wiki/Cedar_Falls,_Iowa","Active"
"Rho Gamma","2006","Charleston Southern University","https://en.wikipedia.org/wiki/Charleston_Southern_University","North Charleston, South Carolina","https://en.wikipedia.org/wiki/North_Charleston,_South_Carolina","Active"
"Rho Delta","2006","University of New Orleans","https://en.wikipedia.org/wiki/University_of_New_Orleans","New Orleans, Louisiana","https://en.wikipedia.org/wiki/New_Orleans","Active"
"Rho Epsilon","2006","Ursuline College","https://en.wikipedia.org/wiki/Ursuline_College","Pepper Pike, Ohio","https://en.wikipedia.org/wiki/Pepper_Pike,_Ohio","Active"
"","2006–20xx ?","","","","","Inactive"
"Rho Eta","","Loyola Marymount University","https://en.wikipedia.org/wiki/Loyola_Marymount_University","Los Angeles, California","https://en.wikipedia.org/wiki/Los_Angeles","Active"
"Rho Theta","2007","Susquehanna University","https://en.wikipedia.org/wiki/Susquehanna_University","Selinsgrove, Pennsylvania","https://en.wikipedia.org/wiki/Selinsgrove,_Pennsylvania","Active"
"","200x ?–20xx ?","","","","","Inactive"
"","– 20xx ?","University of North Carolina Wilmington","https://en.wikipedia.org/wiki/University_of_North_Carolina_Wilmington","Wilmington, North Carolina","https://en.wikipedia.org/wiki/Wilmington,_North_Carolina","Inactive"
"Rho Lambda","2007","Clayton State University","https://en.wikipedia.org/wiki/Clayton_State_University","Morrow, Georgia","https://en.wikipedia.org/wiki/Morrow,_Georgia","Active"
"Rho Mu","","California State University, San Bernardino","https://en.wikipedia.org/wiki/California_State_University,_San_Bernardino","San Bernardino, California","https://en.wikipedia.org/wiki/San_Bernardino,_California","Active"
"Rho Nu","","University of North Carolina at Pembroke","https://en.wikipedia.org/wiki/University_of_North_Carolina_at_Pembroke","Pembroke, North Carolina","https://en.wikipedia.org/wiki/Pembroke,_North_Carolina","Active"
"Rho Xi","2008","St. John's University","https://en.wikipedia.org/wiki/St._John%27s_University_(New_York_City)","","","Active"
"Rho Omicron","2008","Bloomsburg, Pennsylvania","https://en.wikipedia.org/wiki/Bloomsburg,_Pennsylvania","","","Active"
"Rho Pi","2007","Shippensburg, Pennsylvania","https://en.wikipedia.org/wiki/Shippensburg,_Pennsylvania","","","Active"
"Rho Rho","2008","McNeese State University","https://en.wikipedia.org/wiki/McNeese_State_University","Lake Charles, Louisiana","https://en.wikipedia.org/wiki/Lake_Charles,_Louisiana","Active"
"Rho Tau","2009","Aurora University","https://en.wikipedia.org/wiki/Aurora_University","Aurora, Illinois","https://en.wikipedia.org/wiki/Aurora,_Illinois","Active"
"Rho Upsilon","2009","Columbus State University","https://en.wikipedia.org/wiki/Columbus_State_University","Columbus, Georgia","https://en.wikipedia.org/wiki/Columbus,_Georgia","Active"
"Rho Phi","2009","University of North Florida","https://en.wikipedia.org/wiki/University_of_North_Florida","Jacksonville, Florida","https://en.wikipedia.org/wiki/Jacksonville,_Florida","Active"
"Rho Chi","2009","Northern Kentucky University","https://en.wikipedia.org/wiki/Northern_Kentucky_University","Highland Heights, Kentucky","https://en.wikipedia.org/wiki/Highland_Heights,_Kentucky","Active"
"Rho Psi","2009","Eastern Kentucky University","https://en.wikipedia.org/wiki/Eastern_Kentucky_University","Richmond, Kentucky","https://en.wikipedia.org/wiki/Richmond,_Kentucky","Active"
"Rho Omega","2009","Johns Hopkins University","https://en.wikipedia.org/wiki/Johns_Hopkins_University","Baltimore, Maryland","https://en.wikipedia.org/wiki/Baltimore","Active"
"Sigma Alpha","2009","Kennesaw State University","https://en.wikipedia.org/wiki/Kennesaw_State_University","Cobb County, Georgia","https://en.wikipedia.org/wiki/Cobb_County,_Georgia","Active"
"Sigma Beta","","Quinnipiac University","https://en.wikipedia.org/wiki/Quinnipiac_University","Hamden, Connecticut","https://en.wikipedia.org/wiki/Hamden,_Connecticut","Active"
"Sigma Gamma","","Southern Connecticut State University","https://en.wikipedia.org/wiki/Southern_Connecticut_State_University","New Haven, Connecticut","https://en.wikipedia.org/wiki/New_Haven,_Connecticut","Active"
"Sigma Delta","2009","Vanderbilt University","https://en.wikipedia.org/wiki/Vanderbilt_University","Nashville, Tennessee","https://en.wikipedia.org/wiki/Nashville,_Tennessee","Active"
"Sigma Epsilon","2009","Nicholls State University","https://en.wikipedia.org/wiki/Nicholls_State_University","Thibodaux, Louisiana","https://en.wikipedia.org/wiki/Thibodaux,_Louisiana","Active"
"Sigma Zeta","2010","University of Tampa","https://en.wikipedia.org/wiki/University_of_Tampa","Tampa, Florida","https://en.wikipedia.org/wiki/Tampa,_Florida","Active"
"Sigma Eta","2011","Northeastern Illinois University","https://en.wikipedia.org/wiki/Northeastern_Illinois_University","","","Active"
"Sigma Theta","2011","William Paterson University","https://en.wikipedia.org/wiki/William_Paterson_University","Wayne, New Jersey","https://en.wikipedia.org/wiki/Wayne,_New_Jersey","Active"
"Sigma Iota","2011","Pace University","https://en.wikipedia.org/wiki/Pace_University","New York City","https://en.wikipedia.org/wiki/New_York_City","Active"
"Sigma Kappa","2011","Suffolk University","https://en.wikipedia.org/wiki/Suffolk_University","","","Active"
"Sigma Lambda","2011","College of William & Mary","https://en.wikipedia.org/wiki/College_of_William_%26_Mary","Williamsburg, Virginia","https://en.wikipedia.org/wiki/Williamsburg,_Virginia","Active"
"Sigma Mu","2005","","","","","Active"
"Sigma Nu","2012","York College of Pennsylvania","https://en.wikipedia.org/wiki/York_College_of_Pennsylvania","Spring Garden Township, Pennsylvania","https://en.wikipedia.org/wiki/Spring_Garden_Township,_Pennsylvania","Active"
"Sigma Xi","2012","University of Massachusetts Boston","https://en.wikipedia.org/wiki/University_of_Massachusetts_Boston","","","Active"
"Sigma Omicron","2012","California State University, East Bay","https://en.wikipedia.org/wiki/California_State_University,_East_Bay","Hayward, California","https://en.wikipedia.org/wiki/Hayward,_California","Active"
"Sigma Pi","2013","University of Michigan–Flint","https://en.wikipedia.org/wiki/University_of_Michigan%E2%80%93Flint","Flint, Michigan","https://en.wikipedia.org/wiki/Flint,_Michigan","Active"
"","2013–20xx ?","","","","","Inactive"
"Sigma Tau","2013","Saint Leo University","https://en.wikipedia.org/wiki/Saint_Leo_University","St. Leo, Florida","https://en.wikipedia.org/wiki/St._Leo,_Florida","Active"
"Sigma Upsilon","2013","Georgia Tech","https://en.wikipedia.org/wiki/Georgia_Tech","Athens, Georgia","https://en.wikipedia.org/wiki/Athens,_Georgia","Active"
"Sigma Phi","2013","Farleigh Dickinson University","https://en.wikipedia.org/wiki/Fairleigh_Dickinson_University","Madison, New Jersey","https://en.wikipedia.org/wiki/Madison,_New_Jersey","Active"
"Sigma Chi","2013","University of the Bahamas","https://en.wikipedia.org/wiki/University_of_the_Bahamas","Nassau, Bahamas","https://en.wikipedia.org/wiki/Nassau,_Bahamas","Active"
"Sigma Psi","2014","Stetson University","https://en.wikipedia.org/wiki/Stetson_University","Pensacola, Florida","https://en.wikipedia.org/wiki/Pensacola,_Florida","Active"
"Canada","– 20xx ?","Carleton University","https://en.wikipedia.org/wiki/Carleton_University","Ottawa","https://en.wikipedia.org/wiki/Ottawa","Inactive"
"Tau Alpha","","California State University, Los Angeles","https://en.wikipedia.org/wiki/California_State_University,_Los_Angeles","East Los Angeles, California","https://en.wikipedia.org/wiki/East_Los_Angeles,_California","Active"
"Tau Beta","","University of West Florida","https://en.wikipedia.org/wiki/University_of_West_Florida","Pensacola, Florida","https://en.wikipedia.org/wiki/Pensacola,_Florida","Active"
"Tau Gamma","2015","Kean University","https://en.wikipedia.org/wiki/Kean_University","Union, New Jersey","https://en.wikipedia.org/wiki/Union_Township,_Union_County,_New_Jersey","Active"
"Tau Delta","2015","Radford University","https://en.wikipedia.org/wiki/Radford_University","Radford, Virginia","https://en.wikipedia.org/wiki/Radford,_Virginia","Active"
"Tau Epsilon","2015","New York University","https://en.wikipedia.org/wiki/New_York_University","New York City","https://en.wikipedia.org/wiki/New_York_City","Active"
"Tau Zeta","2016","Lehigh University","https://en.wikipedia.org/wiki/Lehigh_University","Bethlehem, Pennsylvania","https://en.wikipedia.org/wiki/Bethlehem,_Pennsylvania","Active"
"","201x ?–20xx ?","","","","","Inactive"
"Tau Theta","2015","University at Buffalo","https://en.wikipedia.org/wiki/University_at_Buffalo","Buffalo, New York","https://en.wikipedia.org/wiki/Buffalo,_New_York","Active"
"Tau Iota","2016","Denison University","https://en.wikipedia.org/wiki/Denison_University","Granville, Ohio","https://en.wikipedia.org/wiki/Granville,_Ohio","Active"
"Tau Kappa","2016","University of West Alabama","https://en.wikipedia.org/wiki/University_of_West_Alabama","Livingston, Alabama","https://en.wikipedia.org/wiki/Livingston,_Alabama","Active"
"Tau Lambda","","San Marcos, California","https://en.wikipedia.org/wiki/San_Marcos,_California","","","Active"
"Tau Mu","2017","University of Texas at San Antonio","https://en.wikipedia.org/wiki/University_of_Texas_at_San_Antonio","San Antonio, Texas","https://en.wikipedia.org/wiki/San_Antonio","Active"
"Tau Nu","2017","University of La Verne","https://en.wikipedia.org/wiki/University_of_La_Verne","La Verne, California","https://en.wikipedia.org/wiki/La_Verne,_California","Active"
"Tau Xi","2017","Georgia Southern University","https://en.wikipedia.org/wiki/Georgia_Southern_University","Statesboro, Georgia","https://en.wikipedia.org/wiki/Statesboro,_Georgia","Active"
"Tau Omicron","","Wilmington College","https://en.wikipedia.org/wiki/Wilmington_College_(Ohio)","Wilmington, Ohio","https://en.wikipedia.org/wiki/Wilmington,_Ohio","Active"
"Tau Pi","2018","University of Texas at Dallas","https://en.wikipedia.org/wiki/University_of_Texas_at_Dallas","Richardson, Texas","https://en.wikipedia.org/wiki/Richardson,_Texas","Active"
"Tau Rho","2018","Texas Christian University","https://en.wikipedia.org/wiki/Texas_Christian_University","Fort Worth, Texas","https://en.wikipedia.org/wiki/Fort_Worth,_Texas","Active"
"Tau Tau","2018","Brooklyn College","https://en.wikipedia.org/wiki/Brooklyn_College","Brooklyn, New York","https://en.wikipedia.org/wiki/Brooklyn","Active"
"Tau Phi","2019","Augusta University","https://en.wikipedia.org/wiki/Augusta_University","Augusta, Georgia","https://en.wikipedia.org/wiki/Augusta,_Georgia","Active"
"Tau Chi","","Wingate University","https://en.wikipedia.org/wiki/Wingate_University","Wingate, North Carolina","https://en.wikipedia.org/wiki/Wingate,_North_Carolina","Active"
"Tau Psi","","Coastal Carolina University","https://en.wikipedia.org/wiki/Coastal_Carolina_University","Conway, South Carolina","https://en.wikipedia.org/wiki/Conway,_South_Carolina","Active"
"Tau Omega","","Mississippi University for Women","https://en.wikipedia.org/wiki/Mississippi_University_for_Women","Columbus, Mississippi","https://en.wikipedia.org/wiki/Columbus,_Mississippi","Active"
"","– 20xx ?","State University of New York at Cortland","https://en.wikipedia.org/wiki/State_University_of_New_York_at_Cortland","Cortland, New York","https://en.wikipedia.org/wiki/Cortland,_New_York","Inactive"
"Upsilon Beta","","University of Dayton","https://en.wikipedia.org/wiki/University_of_Dayton","Dayton, Ohio","https://en.wikipedia.org/wiki/Dayton,_Ohio","Active"
"","202x ?–20xx ?","","","","","Inactive"
"Upsilon Delta","","University of Montevallo","https://en.wikipedia.org/wiki/University_of_Montevallo","Montevallo, Alabama","https://en.wikipedia.org/wiki/Montevallo,_Alabama","Active"
"Upsilon Epsilon","","University of North Alabama","https://en.wikipedia.org/wiki/University_of_North_Alabama","Florence, Alabama","https://en.wikipedia.org/wiki/Florence,_Alabama","Active"
"Upsilon Zeta","2021","Western Carolina University","https://en.wikipedia.org/wiki/Western_Carolina_University","Cullowhee, North Carolina","https://en.wikipedia.org/wiki/Cullowhee,_North_Carolina","Active"
"Upsilon Eta","","University of Texas at El Paso","https://en.wikipedia.org/wiki/University_of_Texas_at_El_Paso","El Paso, Texas","https://en.wikipedia.org/wiki/El_Paso,_Texas","Active"
"","","","","","","Inactive ?"
"Upsilon Iota","2021","Delta State University","https://en.wikipedia.org/wiki/Delta_State_University","Cleveland, Mississippi","https://en.wikipedia.org/wiki/Cleveland,_Mississippi","Active"
"","","","","","","Inactive ?"
"","","","","","","Inactive ?"
"Upsilon Mu","2023","University of North Texas at Dallas","https://en.wikipedia.org/wiki/University_of_North_Texas_at_Dallas","","","Active"
"Upsilon Nu","2023","Johnson & Wales University","https://en.wikipedia.org/wiki/Johnson_%26_Wales_University","Charlotte, North Carolina","https://en.wikipedia.org/wiki/Charlotte,_North_Carolina","Active"
"Upsilon Xi","2023","University of Hartford","https://en.wikipedia.org/wiki/University_of_Hartford","West Hartford, Connecticut","https://en.wikipedia.org/wiki/West_Hartford,_Connecticut","Active"
"Omega Rho","","","","","","Memorial"
"Bethel College Regional UG","","Bethel University","https://en.wikipedia.org/wiki/Bethel_University_(Indiana)","South Bend, Indiana","https://en.wikipedia.org/wiki/South_Bend,_Indiana","Colony"
"Columbia College Regional UG","","Columbia College Chicago","https://en.wikipedia.org/wiki/Columbia_College_Chicago","","","Colony"
"Indiana University South Bend Regional UG","","Indiana University South Bend","https://en.wikipedia.org/wiki/Indiana_University_South_Bend","South Bend, Indiana","https://en.wikipedia.org/wiki/South_Bend,_Indiana","Colony"
"Rockhurst University Regional UG","","Rockhurst University","https://en.wikipedia.org/wiki/Rockhurst_University","Kansas City, Missouri","https://en.wikipedia.org/wiki/Kansas_City,_Missouri","Colony"
"Wheaton College Regional UG","","Wheaton College","https://en.wikipedia.org/wiki/Wheaton_College_(Illinois)","Wheaton, Illinois","https://en.wikipedia.org/wiki/Wheaton,_Illinois","Colony"
"University of Indianapolis Regional UG","","University of Indianapolis","https://en.wikipedia.org/wiki/University_of_Indianapolis","","","Colony"
"University of Phoenix Regional UG","","University of Phoenix","https://en.wikipedia.org/wiki/University_of_Phoenix","St. Louis, Missouri","https://en.wikipedia.org/wiki/St._Louis","Colony"