"fn","vcard","vcard 2","vcard href","category","reference","reference href","cite-bracket","cite-bracket 2","mw-redirect","mw-redirect href","mw-redirect 2","mw-redirect href 2"
"Alpha","April 15, 1914","Howard University","https://en.wikipedia.org/wiki/Howard_University","Active","2","https://en.wikipedia.org/wiki/List_of_Phi_Beta_Sigma_chapters#cite_note-auto-2","[","]","","","",""
"Beta","November 13, 1915","","","Active","","","","","Wiley College","https://en.wikipedia.org/wiki/Wiley_College","Marshall, TX","https://en.wikipedia.org/wiki/Marshall,_TX"
"Gamma","November 10, 1916","Morgan State University","https://en.wikipedia.org/wiki/Morgan_State_University","Active","","","","","","","Baltimore, MD","https://en.wikipedia.org/wiki/Baltimore,_MD"
"Alpha Alpha Alpha","1931","Virginia State University","https://en.wikipedia.org/wiki/Virginia_State_University","Active","","","","","","","Petersburg, VA","https://en.wikipedia.org/wiki/Petersburg,_VA"
"Alpha Alpha Gamma","1990","","","Active","","","","","Lock Haven University of Pennsylvania","https://en.wikipedia.org/wiki/Lock_Haven_University_of_Pennsylvania","Lock Haven, PA","https://en.wikipedia.org/wiki/Lock_Haven,_PA"
"Alpha Alpha Iota","1993","Hofstra University","https://en.wikipedia.org/wiki/Hofstra_University","Active","3","https://en.wikipedia.org/wiki/List_of_Phi_Beta_Sigma_chapters#cite_note-NYSigmaLinks-3","[","]","","","",""
"Alpha Alpha Xi","1990","Binghamton University","https://en.wikipedia.org/wiki/Binghamton_University","Active","3","https://en.wikipedia.org/wiki/List_of_Phi_Beta_Sigma_chapters#cite_note-NYSigmaLinks-3","[","]","","","Binghamton, NY","https://en.wikipedia.org/wiki/Binghamton,_NY"
"Alpha Alpha Pi","1991","Christopher Newport University","https://en.wikipedia.org/wiki/Christopher_Newport_University","Active","","","","","","","Newport News, VA","https://en.wikipedia.org/wiki/Newport_News,_VA"
"Alpha Alpha Tau","December 6, 1993","Johnson & Wales University","https://en.wikipedia.org/wiki/Johnson_%26_Wales_University","Active","4","https://en.wikipedia.org/wiki/List_of_Phi_Beta_Sigma_chapters#cite_note-familylinks-4","[","]","","","Providence, RI","https://en.wikipedia.org/wiki/Providence,_RI"
"Alpha Alpha Phi","December 30, 1993","Medgar Evers College","https://en.wikipedia.org/wiki/Medgar_Evers_College","Active","3","https://en.wikipedia.org/wiki/List_of_Phi_Beta_Sigma_chapters#cite_note-NYSigmaLinks-3","[","]","","","Brooklyn, NY","https://en.wikipedia.org/wiki/Brooklyn,_NY"
"Alpha Alpha Psi","May 6, 1994","Wesley College","https://en.wikipedia.org/wiki/Wesley_College_(Delaware)","Active","5","https://en.wikipedia.org/wiki/List_of_Phi_Beta_Sigma_chapters#cite_note-USFedNews-5","[","]","","","Dover, DE","https://en.wikipedia.org/wiki/Dover,_DE"
"Alpha Beta Epsilon","1998","Bryant University","https://en.wikipedia.org/wiki/Bryant_University","Active","","","","","","","Smithfield, RI","https://en.wikipedia.org/wiki/Smithfield,_RI"
"Alpha Delta","1929","City College of New York at Harlem","https://en.wikipedia.org/wiki/City_College_of_New_York","Active","4","https://en.wikipedia.org/wiki/List_of_Phi_Beta_Sigma_chapters#cite_note-familylinks-4","[","]","","","Harlem, NY","https://en.wikipedia.org/wiki/Harlem,_NY"
"Alpha Zeta Alpha","June 7, 1995","","","Active","","","","","Slippery Rock University of Pennsylvania","https://en.wikipedia.org/wiki/Slippery_Rock_University_of_Pennsylvania","Slippery Rock, PA","https://en.wikipedia.org/wiki/Slippery_Rock,_PA"
"Alpha Theta","1948","West Virginia State University","https://en.wikipedia.org/wiki/West_Virginia_State_University","Active","","","","","","","Institute, WV","https://en.wikipedia.org/wiki/Institute,_WV"
"Alpha Iota","","","","Active","","","","","Bluefield State College","https://en.wikipedia.org/wiki/Bluefield_State_College","Bluefield, WV","https://en.wikipedia.org/wiki/Bluefield,_WV"
"Alpha Mu","1935","University of Maryland Eastern Shore","https://en.wikipedia.org/wiki/University_of_Maryland_Eastern_Shore","Active","","","","","","","Princess Anne, MD","https://en.wikipedia.org/wiki/Princess_Anne,_MD"
"Alpha Mu Alpha","1996","Swarthmore College","https://en.wikipedia.org/wiki/Swarthmore_College","Active","","","","","","","Swarthmore, PA","https://en.wikipedia.org/wiki/Swarthmore,_PA"
"Alpha Nu Alpha","April 15, 1996","Seton Hall University","https://en.wikipedia.org/wiki/Seton_Hall_University","Active","","","","","","","South Orange, NJ","https://en.wikipedia.org/wiki/South_Orange,_NJ"
"Alpha Omicron","1935","Allen University","https://en.wikipedia.org/wiki/Allen_University","Active","","","","","","","Columbia, SC","https://en.wikipedia.org/wiki/Columbia,_SC"
"Alpha Pi Alpha","1996","Robert Morris University","https://en.wikipedia.org/wiki/Robert_Morris_University","Active","","","","","","","Moon Township, PA","https://en.wikipedia.org/wiki/Moon_Township,_PA"
"Alpha Chi Alpha","1998","University of Pennsylvania","https://en.wikipedia.org/wiki/University_of_Pennsylvania","Active","","","","","","","Philadelphia, PA","https://en.wikipedia.org/wiki/Philadelphia,_PA"
"Beta Alpha","1935","Boston Citywide","","Active","","","","","","","Boston, MA","https://en.wikipedia.org/wiki/Boston,_MA"
"Beta Delta","1945","Texas Southern University","","Active","","","","","","","Houston, TX","https://en.wikipedia.org/wiki/Houston,_TX"
"Beta Beta Pi","2006","","","Active","6","https://en.wikipedia.org/wiki/List_of_Phi_Beta_Sigma_chapters#cite_note-6","[","]","SUNY Oneonta","https://en.wikipedia.org/wiki/SUNY_Oneonta","Oneonta, NY","https://en.wikipedia.org/wiki/Oneonta,_NY"
"Beta Beta Chi","","Wesleyan University","https://en.wikipedia.org/wiki/Wesleyan_University","Active","","","","","","","Middletown, CT","https://en.wikipedia.org/wiki/Middletown,_CT"
"Beta Beta Psi","2007","University of Massachusetts Amherst","https://en.wikipedia.org/wiki/University_of_Massachusetts_Amherst","Active","","","","","","","Amherst, MA","https://en.wikipedia.org/wiki/Amherst,_MA"
"Beta Gamma","1947","Hampton University","https://en.wikipedia.org/wiki/Hampton_University","Active","","","","","","","Hampton, VA","https://en.wikipedia.org/wiki/Hampton,_VA"
"Beta Iota","1940","Buffalo Citywide","","Active","7","https://en.wikipedia.org/wiki/List_of_Phi_Beta_Sigma_chapters#cite_note-7","[","]","","","Buffalo, NY","https://en.wikipedia.org/wiki/Buffalo,_NY"
"Beta Lambda","1948","Brooklyn College","https://en.wikipedia.org/wiki/Brooklyn_College","Active","3","https://en.wikipedia.org/wiki/List_of_Phi_Beta_Sigma_chapters#cite_note-NYSigmaLinks-3","[","]","","","Brooklyn, NY","https://en.wikipedia.org/wiki/Brooklyn,_NY"
"Beta Xi","February 28, 1948","","","Active","","","","","St. Augustine's College","https://en.wikipedia.org/wiki/St._Augustine%27s_University_(Raleigh,_North_Carolina)","Raleigh, NC","https://en.wikipedia.org/wiki/Raleigh,_NC"
"Gamma","November 1916","Morgan State University","https://en.wikipedia.org/wiki/Morgan_State_University","Active","","","","","","","Baltimore, MD","https://en.wikipedia.org/wiki/Baltimore,_MD"
"Gamma Alpha Rho","2011","","","Active","","","","","Shippensburg University of Pennsylvania","https://en.wikipedia.org/wiki/Shippensburg_University_of_Pennsylvania","Shippensburg, PA","https://en.wikipedia.org/wiki/Shippensburg,_PA"
"Gamma Alpha Tau","November 15, 2011","University of New Haven","https://en.wikipedia.org/wiki/University_of_New_Haven","Active","","","","","","","West Haven, CT","https://en.wikipedia.org/wiki/West_Haven,_CT"
"Gamma Alpha Phi","2012","","","Active","","","","","The George Washington University","https://en.wikipedia.org/wiki/The_George_Washington_University","",""
"Gamma Alpha Psi","2011","Pennsylvania State University Harrisburg","https://en.wikipedia.org/wiki/Penn_State_Harrisburg","Active","","","","","","","",""
"Gamma Beta Alpha","March 30th, 2008","Susquehanna University","https://en.wikipedia.org/wiki/Susquehanna_University","Active","","","","","","","Selinsgrove, PA","https://en.wikipedia.org/wiki/Selinsgrove,_PA"
"Gamma Sigma Gamma","2018","","","Active","","","","","Plattsburgh State University of New York","https://en.wikipedia.org/wiki/Plattsburgh_State_University_of_New_York","Plattsburgh, NY","https://en.wikipedia.org/wiki/Plattsburgh,_NY"
"Gamma Lambda","1951","University of the District of Columbia","https://en.wikipedia.org/wiki/University_of_the_District_of_Columbia","Active","","","","","","","",""
"Gamma Omicron","1959","","","Active","","","","","Cheyney University of Pennsylvania","https://en.wikipedia.org/wiki/Cheyney_University_of_Pennsylvania","Chester County, PA","https://en.wikipedia.org/wiki/Chester_County,_PA"
"Gamma Rho Epsilon","February 23, 2019","","","Active","","","","","University of Massachusetts-Dartmouth","https://en.wikipedia.org/wiki/University_of_Massachusetts-Dartmouth","Dartmouth, MA","https://en.wikipedia.org/wiki/Dartmouth,_MA"
"Gamma Upsilon","1962","Delaware State University","https://en.wikipedia.org/wiki/Delaware_State_University","Active","","","","","","","Dover, DE","https://en.wikipedia.org/wiki/Dover,_DE"
"Gamma Sigma Gamma","February 3, 2018","","","Active","","","","","Plattsburgh State University of New York","https://en.wikipedia.org/wiki/Plattsburgh_State_University_of_New_York","Plattsburgh, NY","https://en.wikipedia.org/wiki/Plattsburgh,_NY"
"Delta Delta","1966","Coppin State University","https://en.wikipedia.org/wiki/Coppin_State_University","Active","","","","","","","Baltimore, MD","https://en.wikipedia.org/wiki/Baltimore,_MD"
"Delta Zeta","1972","Norfolk State University","https://en.wikipedia.org/wiki/Norfolk_State_University","Active","","","","","","","Norfolk, VA","https://en.wikipedia.org/wiki/Norfolk,_VA"
"Delta Mu","1969","Bowie State University","https://en.wikipedia.org/wiki/Bowie_State_University","Active","4","https://en.wikipedia.org/wiki/List_of_Phi_Beta_Sigma_chapters#cite_note-familylinks-4","[","]","","","Bowie, MD","https://en.wikipedia.org/wiki/Bowie,_MD"
"Delta Xi","February 25, 1969","York College","https://en.wikipedia.org/wiki/York_College,_City_University_of_New_York","Active","3","https://en.wikipedia.org/wiki/List_of_Phi_Beta_Sigma_chapters#cite_note-NYSigmaLinks-3","[","]","","","Queens, NY","https://en.wikipedia.org/wiki/Queens,_NY"
"Delta Upsilon","1970","Virginia Commonwealth University","https://en.wikipedia.org/wiki/Virginia_Commonwealth_University","Active","","","","","","","Richmond, VA","https://en.wikipedia.org/wiki/Richmond,_VA"
"Delta Psi","","Baltimore Citywide","","Active","","","","","","","Baltimore, MD","https://en.wikipedia.org/wiki/Baltimore,_MD"
"Epsilon","December 1919","Temple University","https://en.wikipedia.org/wiki/Temple_University","Active","8","https://en.wikipedia.org/wiki/List_of_Phi_Beta_Sigma_chapters#cite_note-8","[","]","","","Philadelphia, PA","https://en.wikipedia.org/wiki/Philadelphia,_PA"
"Epsilon Kappa","February 6, 1972","University of Pittsburgh","https://en.wikipedia.org/wiki/University_of_Pittsburgh","Active","4","https://en.wikipedia.org/wiki/List_of_Phi_Beta_Sigma_chapters#cite_note-familylinks-4","[","]","","","Pittsburgh, PA","https://en.wikipedia.org/wiki/Pittsburgh,_PA"
"Epsilon Mu","April 13, 1972","","","Active","4","https://en.wikipedia.org/wiki/List_of_Phi_Beta_Sigma_chapters#cite_note-familylinks-4","[","]","","","Flint, MI","https://en.wikipedia.org/wiki/Flint,_MI"
"Epsilon Psi","1972","","","Suspended until December 2022","4","https://en.wikipedia.org/wiki/List_of_Phi_Beta_Sigma_chapters#cite_note-familylinks-4","[","]","University of Maryland","https://en.wikipedia.org/wiki/University_of_Maryland","Prince George's County, MD","https://en.wikipedia.org/wiki/Prince_George%27s_County,_MD"
"Zeta Epsilon","1973","Eastern Michigan University","https://en.wikipedia.org/wiki/Eastern_Michigan_University","Active","","","","","","","Ypsilanti, MI","https://en.wikipedia.org/wiki/Ypsilanti,_MI"
"Zeta Eta","1974","University of Virginia","https://en.wikipedia.org/wiki/University_of_Virginia","Active","","","","","","","Charlottesville, VA","https://en.wikipedia.org/wiki/Charlottesville,_VA"
"Zeta Lambda","1974","University of Connecticut","https://en.wikipedia.org/wiki/University_of_Connecticut","Active","4","https://en.wikipedia.org/wiki/List_of_Phi_Beta_Sigma_chapters#cite_note-familylinks-4","[","]","","","Storrs, CT","https://en.wikipedia.org/wiki/Storrs,_CT"
"Zeta Upsilon","1975","University of Maryland, Baltimore County","https://en.wikipedia.org/wiki/University_of_Maryland,_Baltimore_County","Active","","","","","","","Baltimore County, MD","https://en.wikipedia.org/wiki/Baltimore_County,_MD"
"Zeta Chi","","Boston University","https://en.wikipedia.org/wiki/Boston_University","Active","","","","","","","Boston, MA","https://en.wikipedia.org/wiki/Boston,_MA"
"Theta Gamma","","NYC Metro Area","","Active","4","https://en.wikipedia.org/wiki/List_of_Phi_Beta_Sigma_chapters#cite_note-familylinks-4","[","]","","","New York City, NY","https://en.wikipedia.org/wiki/New_York_City,_NY"
"Theta Kappa","1976","Salisbury University","https://en.wikipedia.org/wiki/Salisbury_University","Active","3","https://en.wikipedia.org/wiki/List_of_Phi_Beta_Sigma_chapters#cite_note-NYSigmaLinks-3","[","]","","","Salisbury, MD","https://en.wikipedia.org/wiki/Salisbury,_MD"
"Theta Lambda","1976","Pace University","https://en.wikipedia.org/wiki/Pace_University","Active","3","https://en.wikipedia.org/wiki/List_of_Phi_Beta_Sigma_chapters#cite_note-NYSigmaLinks-3","[","]","","","Manhattan, NY","https://en.wikipedia.org/wiki/Manhattan,_NY"
"Theta Xi","1977","Syracuse University","https://en.wikipedia.org/wiki/Syracuse_University","Active","3","https://en.wikipedia.org/wiki/List_of_Phi_Beta_Sigma_chapters#cite_note-NYSigmaLinks-3","[","]","","","Syracuse, NY","https://en.wikipedia.org/wiki/Syracuse,_NY"
"Theta Omicron","March 23, 1979","Towson University","https://en.wikipedia.org/wiki/Towson_University","Active","","","","","","","Baltimore County, MD","https://en.wikipedia.org/wiki/Baltimore_County,_MD"
"Theta Tau","","Montgomery College","https://en.wikipedia.org/wiki/Montgomery_College","Active","","","","","","","Montgomery County, MD","https://en.wikipedia.org/wiki/Montgomery_County,_MD"
"Theta Phi","","Niagara Citywide","","Active","3","https://en.wikipedia.org/wiki/List_of_Phi_Beta_Sigma_chapters#cite_note-NYSigmaLinks-3","[","]","","","Niagara, NY","https://en.wikipedia.org/wiki/Niagara,_NY"
"Theta Psi","May 15th, 1977","Rowan University","https://en.wikipedia.org/wiki/Rowan_University","Active","","","","","","","",""
"Iota Gamma","October 16, 1977","Bucknell University","https://en.wikipedia.org/wiki/Bucknell_University","Active","","","","","","","Lewisburg, PA","https://en.wikipedia.org/wiki/Lewisburg,_PA"
"Iota Omicron","1978","Johns Hopkins University","https://en.wikipedia.org/wiki/Johns_Hopkins_University","Active","","","","","","","Baltimore, MD","https://en.wikipedia.org/wiki/Baltimore,_MD"
"Iota Upsilon","","Brown University","https://en.wikipedia.org/wiki/Brown_University","Active","","","","","","","Providence, RI","https://en.wikipedia.org/wiki/Providence,_RI"
"Iota Phi","1977","Rochester Institute of Technology","https://en.wikipedia.org/wiki/Rochester_Institute_of_Technology","Active","3","https://en.wikipedia.org/wiki/List_of_Phi_Beta_Sigma_chapters#cite_note-NYSigmaLinks-3","[","]","","","Rochester, NY","https://en.wikipedia.org/wiki/Rochester,_NY"
"Kappa Beta","1978","Frostburg State University","https://en.wikipedia.org/wiki/Frostburg_State_University","Active","","","","","","","Frostburg, MD","https://en.wikipedia.org/wiki/Frostburg,_MD"
"Kappa Epsilon","1978","Montclair State University","https://en.wikipedia.org/wiki/Montclair_State_University","Active","","","","","","","Montclair, NJ","https://en.wikipedia.org/wiki/Montclair,_NJ"
"Kappa Eta","1978","University of Delaware","https://en.wikipedia.org/wiki/University_of_Delaware","Active","5","https://en.wikipedia.org/wiki/List_of_Phi_Beta_Sigma_chapters#cite_note-USFedNews-5","[","]","","","Newark, DE","https://en.wikipedia.org/wiki/Newark,_DE"
"Kappa Mu","1978","/","","Active","","","","","Mansfield University of Pennsylvania","https://en.wikipedia.org/wiki/Mansfield_University_of_Pennsylvania","Mansfield, PA","https://en.wikipedia.org/wiki/Mansfield,_PA"
"Kappa Nu","","Community College of Baltimore County","https://en.wikipedia.org/wiki/Community_College_of_Baltimore_County","Active","","","","","","","Baltimore County, MD","https://en.wikipedia.org/wiki/Baltimore_County,_MD"
"Kappa Xi","1979","Cornell University","https://en.wikipedia.org/wiki/Cornell_University","Active","3","https://en.wikipedia.org/wiki/List_of_Phi_Beta_Sigma_chapters#cite_note-NYSigmaLinks-3","[","]","","","Ithaca, NY","https://en.wikipedia.org/wiki/Ithaca,_NY"
"Lambda","May 9, 1921","Virginia Union University","https://en.wikipedia.org/wiki/Virginia_Union_University","Active","","","","","","","Richmond, VA","https://en.wikipedia.org/wiki/Richmond,_VA"
"Lambda Chi","1979","Bloomfield College","https://en.wikipedia.org/wiki/Bloomfield_College","Active","","","","","","","Bloomfield, NJ","https://en.wikipedia.org/wiki/Bloomfield,_NJ"
"Lambda Lambda","1979","","","Active","","","","","Penn State University","https://en.wikipedia.org/wiki/Penn_State_University","State College, PA","https://en.wikipedia.org/wiki/State_College,_PA"
"Lambda Mu","1979","Indiana University of Pennsylvania","https://en.wikipedia.org/wiki/Indiana_University_of_Pennsylvania","Active","","","","","","","Indiana County, PA","https://en.wikipedia.org/wiki/Indiana_County,_PA"
"Lambda Rho","January 20, 1980","","","Active","3","https://en.wikipedia.org/wiki/List_of_Phi_Beta_Sigma_chapters#cite_note-NYSigmaLinks-3","[","]","St. John's University","https://en.wikipedia.org/wiki/St._John%27s_University_(New_York)","Queens, NY","https://en.wikipedia.org/wiki/Queens,_NY"
"Lambda Upsilon","1980","","","Active","","","","","West Chester University of Pennsylvania","https://en.wikipedia.org/wiki/West_Chester_University_of_Pennsylvania","West Chester, PA","https://en.wikipedia.org/wiki/West_Chester,_PA"
"Lambda Phi","1980","SUNY-Old Westbury","https://en.wikipedia.org/wiki/State_University_of_New_York_at_Old_Westbury","Suspended","3","https://en.wikipedia.org/wiki/List_of_Phi_Beta_Sigma_chapters#cite_note-NYSigmaLinks-3","[","]","","","Old Westbury, NY","https://en.wikipedia.org/wiki/Old_Westbury,_NY"
"Mu","May 11, 1922","Lincoln University","https://en.wikipedia.org/wiki/Lincoln_University_(Pennsylvania)","Active","9","https://en.wikipedia.org/wiki/List_of_Phi_Beta_Sigma_chapters#cite_note-9","[","]","","","Chester County, PA","https://en.wikipedia.org/wiki/Chester_County,_PA"
"Mu Alpha","","Fitchburg State University","https://en.wikipedia.org/wiki/Fitchburg_State_University","Active","","","","","","","Fitchburg, MA","https://en.wikipedia.org/wiki/Fitchburg,_MA"
"Mu Beta","","Central Connecticut State University","https://en.wikipedia.org/wiki/Central_Connecticut_State_University","Active","","","","","","","New Britain, CT","https://en.wikipedia.org/wiki/New_Britain,_CT"
"Mu Delta","1980","Stony Brook University","https://en.wikipedia.org/wiki/Stony_Brook_University","Active","3","https://en.wikipedia.org/wiki/List_of_Phi_Beta_Sigma_chapters#cite_note-NYSigmaLinks-3","[","]","","","Stony Brook, NY","https://en.wikipedia.org/wiki/Stony_Brook,_NY"
"Mu Zeta","1980","","","Active","","","","","Rutgers – New Brunswick","https://en.wikipedia.org/wiki/Rutgers_%E2%80%93_New_Brunswick","New Brunswick, NJ","https://en.wikipedia.org/wiki/New_Brunswick,_NJ"
"Mu Iota","1980","","","Active","10","https://en.wikipedia.org/wiki/List_of_Phi_Beta_Sigma_chapters#cite_note-10","[","]","SUNY-Albany","https://en.wikipedia.org/wiki/SUNY-Albany","Albany, NY","https://en.wikipedia.org/wiki/Albany,_NY"
"Mu Nu","May 15, 1980","Virginia Tech University","https://en.wikipedia.org/wiki/Virginia_Tech","Active","4","https://en.wikipedia.org/wiki/List_of_Phi_Beta_Sigma_chapters#cite_note-familylinks-4","[","]","","","Blacksburg, VA","https://en.wikipedia.org/wiki/Blacksburg,_VA"
"Mu Omicron","","University of Richmond","https://en.wikipedia.org/wiki/University_of_Richmond","Active","","","","","","","Henrico County, VA","https://en.wikipedia.org/wiki/Henrico_County,_VA"
"Mu Pi","1981","Kean University","https://en.wikipedia.org/wiki/Kean_University","Active","","","","","","","",""
"Mu Upsilon","1981","La Salle University","https://en.wikipedia.org/wiki/La_Salle_University","Active","","","","","","","Philadelphia, PA","https://en.wikipedia.org/wiki/Philadelphia,_PA"
"Mu Psi","March 2, 1981","","","Active","","","","","Rutgers–Camden","https://en.wikipedia.org/wiki/Rutgers%E2%80%93Camden","Camden, NJ","https://en.wikipedia.org/wiki/Camden,_NJ"
"Nu Eta","1980","William Paterson University","https://en.wikipedia.org/wiki/William_Paterson_University","Active","","","","","","","Wayne, NJ","https://en.wikipedia.org/wiki/Wayne,_NJ"
"Nu Iota","1980","University of North Carolina at Pembroke","https://en.wikipedia.org/wiki/University_of_North_Carolina_at_Pembroke","Active","","","","","","","Pembroke, NC","https://en.wikipedia.org/wiki/Pembroke,_NC"
"Nu Kappa","1981","","","Inactive","3","https://en.wikipedia.org/wiki/List_of_Phi_Beta_Sigma_chapters#cite_note-NYSigmaLinks-3","[","]","Long Island University C.W. Post Campus","https://en.wikipedia.org/wiki/Long_Island_University_C.W._Post_Campus","Brookville, NY","https://en.wikipedia.org/wiki/Brookville,_NY"
"Nu Lambda","","Adelphi University","https://en.wikipedia.org/wiki/Adelphi_University","Active","3","https://en.wikipedia.org/wiki/List_of_Phi_Beta_Sigma_chapters#cite_note-NYSigmaLinks-3","[","]","","","Garden City, NY","https://en.wikipedia.org/wiki/Garden_City,_NY"
"Nu Mu","","Allegheny College","https://en.wikipedia.org/wiki/Allegheny_College","Active","","","","","","","Meadville, PA","https://en.wikipedia.org/wiki/Meadville,_PA"
"Nu Psi","","Wagner College","https://en.wikipedia.org/wiki/Wagner_College","Inactive","3","https://en.wikipedia.org/wiki/List_of_Phi_Beta_Sigma_chapters#cite_note-NYSigmaLinks-3","[","]","","","Staten Island, NY","https://en.wikipedia.org/wiki/Staten_Island,_NY"
"Xi Alpha","1982","Baruch College","https://en.wikipedia.org/wiki/Baruch_College","Active","4","https://en.wikipedia.org/wiki/List_of_Phi_Beta_Sigma_chapters#cite_note-familylinks-4","[","]","","","Manhattan, NY","https://en.wikipedia.org/wiki/Manhattan,_NY"
"Xi Delta","1982","University of Oklahoma","https://en.wikipedia.org/wiki/University_of_Oklahoma","Active","","","","","","","Norman, OK","https://en.wikipedia.org/wiki/Norman,_OK"
"Xi Epsilon","1986","Long Island University","https://en.wikipedia.org/wiki/Long_Island_University","Active","","","","","","","Brooklyn, NY","https://en.wikipedia.org/wiki/Brooklyn,_NY"
"Xi Theta","1982","New Jersey Institute of Technology","https://en.wikipedia.org/wiki/New_Jersey_Institute_of_Technology","Active","","","","","","","Newark, NJ","https://en.wikipedia.org/wiki/Newark,_NJ"
"Xi Omicron","","Fairleigh Dickinson University","https://en.wikipedia.org/wiki/Fairleigh_Dickinson_University","Active","","","","","","","Rutherford, NJ","https://en.wikipedia.org/wiki/Rutherford,_NJ"
"Xi Pi","1979","The College of New Jersey","https://en.wikipedia.org/wiki/The_College_of_New_Jersey","Active","","","","","","","Ewing Township, NJ","https://en.wikipedia.org/wiki/Ewing_Township,_NJ"
"Xi Rho","","","","Inactive","","","","","Saint Paul's College","https://en.wikipedia.org/wiki/Saint_Paul%27s_College,_Virginia","Lawrenceville, VA","https://en.wikipedia.org/wiki/Lawrenceville,_VA"
"Xi Tau","1983","","","Active","","","","","Saint Peter's College","https://en.wikipedia.org/wiki/Saint_Peter%27s_College_(New_Jersey)","Jersey City, NJ","https://en.wikipedia.org/wiki/Jersey_City,_NJ"
"Xi Chi","","","","Active","","","","","Millersville University of Pennsylvania","https://en.wikipedia.org/wiki/Millersville_University_of_Pennsylvania","Millersville, PA","https://en.wikipedia.org/wiki/Millersville,_PA"
"Xi Psi","","","","Active","3","https://en.wikipedia.org/wiki/List_of_Phi_Beta_Sigma_chapters#cite_note-NYSigmaLinks-3","[","]","State University of New York at Farmingdale","https://en.wikipedia.org/wiki/State_University_of_New_York_at_Farmingdale","East Farmingdale, NY","https://en.wikipedia.org/wiki/East_Farmingdale,_NY"
"Omicron Alpha","1984","","","Active","3","https://en.wikipedia.org/wiki/List_of_Phi_Beta_Sigma_chapters#cite_note-NYSigmaLinks-3","[","]","Utica College","https://en.wikipedia.org/wiki/Utica_College","Utica, NY","https://en.wikipedia.org/wiki/Utica,_NY"
"Omicron Gamma","","","","Active","3","https://en.wikipedia.org/wiki/List_of_Phi_Beta_Sigma_chapters#cite_note-NYSigmaLinks-3","[","]","Iona College","https://en.wikipedia.org/wiki/Iona_College_(New_York)","New Rochelle, NY","https://en.wikipedia.org/wiki/New_Rochelle,_NY"
"Omicron Delta","1985","","","Active","3","https://en.wikipedia.org/wiki/List_of_Phi_Beta_Sigma_chapters#cite_note-NYSigmaLinks-3","[","]","SUNY-Brockport","https://en.wikipedia.org/wiki/State_University_of_New_York_at_Brockport","Brockport, NY","https://en.wikipedia.org/wiki/Brockport,_NY"
"Omicron Epsilon","","SUNY-New Paltz","https://en.wikipedia.org/wiki/State_University_of_New_York_at_New_Paltz","Inactive","3","https://en.wikipedia.org/wiki/List_of_Phi_Beta_Sigma_chapters#cite_note-NYSigmaLinks-3","[","]","","","",""
"Omicron Psi","1985","","","Active","","","","","University of California Berkeley","https://en.wikipedia.org/wiki/University_of_California_Berkeley","Berkeley, CA","https://en.wikipedia.org/wiki/Berkeley,_CA"
"Omicron Theta","1984","Southern Connecticut State University","https://en.wikipedia.org/wiki/Southern_Connecticut_State_University","Active","","","","","","","New Haven, CT","https://en.wikipedia.org/wiki/New_Haven,_CT"
"Omicron Iota","1983","Old Dominion University","https://en.wikipedia.org/wiki/Old_Dominion_University","Active","","","","","","","Norfolk, VA","https://en.wikipedia.org/wiki/Norfolk,_VA"
"Omicron Rho","1984","Longwood University","https://en.wikipedia.org/wiki/Longwood_University","Active","","","","","","","Farmville, VA","https://en.wikipedia.org/wiki/Farmville,_VA"
"Pi Beta","1986","","","Active","","","","","East Stroudsburg University of Pennsylvania","https://en.wikipedia.org/wiki/East_Stroudsburg_University_of_Pennsylvania","East Stroudsburg, PA","https://en.wikipedia.org/wiki/East_Stroudsburg,_PA"
"Pi Gamma","1985","","","Active","","","","","California University of Pennsylvania","https://en.wikipedia.org/wiki/California_University_of_Pennsylvania","California, PA","https://en.wikipedia.org/wiki/California,_PA"
"Pi Theta","","","","Active","3","https://en.wikipedia.org/wiki/List_of_Phi_Beta_Sigma_chapters#cite_note-NYSigmaLinks-3","[","]","Queens College","https://en.wikipedia.org/wiki/Queens_College","Queens, NY","https://en.wikipedia.org/wiki/Queens,_NY"
"Pi Mu","1986","Western Carolina University","https://en.wikipedia.org/wiki/Western_Carolina_University","Active","","","","","","","Cullowhee, NC","https://en.wikipedia.org/wiki/Cullowhee,_NC"
"Pi Pi","","","","Inactive","","","","","Clarion University of Pennsylvania","https://en.wikipedia.org/wiki/Clarion_University_of_Pennsylvania","Clarion, PA","https://en.wikipedia.org/wiki/Clarion,_PA"
"Pi Tau","1986","New York Institute of Technology","https://en.wikipedia.org/wiki/New_York_Institute_of_Technology","Active","3","https://en.wikipedia.org/wiki/List_of_Phi_Beta_Sigma_chapters#cite_note-NYSigmaLinks-3","[","]","","","Old Westbury, NY","https://en.wikipedia.org/wiki/Old_Westbury,_NY"
"Rho Gamma","March 14, 1988","University of North Carolina at Charlotte","https://en.wikipedia.org/wiki/University_of_North_Carolina_at_Charlotte","Active","","","","","","","Charlotte, NC","https://en.wikipedia.org/wiki/Charlotte,_NC"
"Rho Zeta","1988","Radford University","https://en.wikipedia.org/wiki/Radford_University","Active","","","","","","","Radford, VA","https://en.wikipedia.org/wiki/Radford,_VA"
"Rho Theta","1987","West Virginia University","https://en.wikipedia.org/wiki/West_Virginia_University","Active","","","","","","","Morgantown, WV","https://en.wikipedia.org/wiki/Morgantown,_WV"
"Rho Xi","1987","SUNY-Oswego","https://en.wikipedia.org/wiki/State_University_of_New_York_at_Oswego","Active","3","https://en.wikipedia.org/wiki/List_of_Phi_Beta_Sigma_chapters#cite_note-NYSigmaLinks-3","[","]","","","Oswego, NY","https://en.wikipedia.org/wiki/Oswego,_NY"
"Rho Pi","","West Liberty University","https://en.wikipedia.org/wiki/West_Liberty_University","Active","","","","","","","West Liberty, WV","https://en.wikipedia.org/wiki/West_Liberty,_WV"
"Rho Tau","March 25, 1989","George Mason University","https://en.wikipedia.org/wiki/George_Mason_University","Active","","","","","","","",""
"Rho Upsilon","","Marshall University","https://en.wikipedia.org/wiki/Marshall_University","Active","","","","","","","Huntington, WV","https://en.wikipedia.org/wiki/Huntington,_WV"