"tablescraper-selected-row","tablescraper-selected-row 4","tablescraper-selected-row 6","tablescraper-selected-row 7","tablescraper-selected-row href","tablescraper-selected-row 8","reference","reference href","cite-bracket","cite-bracket 2"
"1011","Lambda Omega","June 1, 1920","Norfolk, Virginia","https://en.wikipedia.org/wiki/Norfolk,_Virginia","Renamed, Reassigned","45","https://en.wikipedia.org/wiki/List_of_Omega_Psi_Phi_chapters#cite_note-:4-77","[","]"
"1009","","August 17, 1920","Atlantic City, New Jersey","https://en.wikipedia.org/wiki/Atlantic_City,_New_Jersey","Reassigned","11","https://en.wikipedia.org/wiki/List_of_Omega_Psi_Phi_chapters#cite_note-:11-16","[","]"
"1012","Mu Omega","October 1, 1920","","","Renamed, Reassigned","46","https://en.wikipedia.org/wiki/List_of_Omega_Psi_Phi_chapters#cite_note-:5-79","[","]"
"1020","Upsilon Omega","January 21, 1921","","","Renamed, Reassigned","47","https://en.wikipedia.org/wiki/List_of_Omega_Psi_Phi_chapters#cite_note-:6-81","[","]"
"1018","Sigma Omega","October 1, 1921","","","Renamed, Reassigned","2","https://en.wikipedia.org/wiki/List_of_Omega_Psi_Phi_chapters#cite_note-:10-2","[","]"
"1379","Pi Omega","November 17, 1921","","","Active","","","",""
"1364","Alpha Omega","October 1, 1922","Washington, D.C.","https://en.wikipedia.org/wiki/Washington,_D.C.","Active","43","https://en.wikipedia.org/wiki/List_of_Omega_Psi_Phi_chapters#cite_note-:7-75","[","]"
"1365","Beta Omega","October 1, 1922","Kansas City, Missouri","https://en.wikipedia.org/wiki/Kansas_City,_Missouri","Active","48","https://en.wikipedia.org/wiki/List_of_Omega_Psi_Phi_chapters#cite_note-84","[","]"
"1371","Theta Omega","December 12, 1922","Louisville, Kentucky","https://en.wikipedia.org/wiki/Louisville,_Kentucky","Active","49","https://en.wikipedia.org/wiki/List_of_Omega_Psi_Phi_chapters#cite_note-85","[","]"
"1370","Eta Omega","1923","","","Active","8","https://en.wikipedia.org/wiki/List_of_Omega_Psi_Phi_chapters#cite_note-:9-10","[","]"
"1376","Nu Omega","January 24, 1923","","","Active","11","https://en.wikipedia.org/wiki/List_of_Omega_Psi_Phi_chapters#cite_note-:11-16","[","]"
"1373","Kappa Omega","January 25, 1923","Harrisburg, Pennsylvania","https://en.wikipedia.org/wiki/Harrisburg,_Pennsylvania","Active","","","",""
"1384","Phi Omega","February 24, 1923","Buffalo, New York","https://en.wikipedia.org/wiki/Buffalo,_New_York","Active","","","",""
"1383","Upsilon Omega","April 1, 1923","","","Active","47","https://en.wikipedia.org/wiki/List_of_Omega_Psi_Phi_chapters#cite_note-:6-81","[","]"
"1368","Epsilon Omega","April 20, 1923","Orangeburg, South Carolina","https://en.wikipedia.org/wiki/Orangeburg,_South_Carolina","Active","","","",""
"1374","Lambda Omega","May 3, 1923","Norfolk, Virginia","https://en.wikipedia.org/wiki/Norfolk,_Virginia","Active","5","https://en.wikipedia.org/wiki/List_of_Omega_Psi_Phi_chapters#cite_note-:15-5","[","]"
"1375","Mu Omega","May 23, 1923","","","Active","46","https://en.wikipedia.org/wiki/List_of_Omega_Psi_Phi_chapters#cite_note-:5-79","[","]"
"1380","Rho Omega","September 2, 1923","Shreveport, Louisiana","https://en.wikipedia.org/wiki/Shreveport,_Louisiana","Active","23","https://en.wikipedia.org/wiki/List_of_Omega_Psi_Phi_chapters#cite_note-:18-36","[","]"
"1366","Gamma Omega","October 1, 1923","Lynchburg, Virginia","https://en.wikipedia.org/wiki/Lynchburg,_Virginia","Active","5","https://en.wikipedia.org/wiki/List_of_Omega_Psi_Phi_chapters#cite_note-:15-5","[","]"
"1369","Zeta Omega","October 1, 1923","","","Active","20","https://en.wikipedia.org/wiki/List_of_Omega_Psi_Phi_chapters#cite_note-:16-31","[","]"
"1377","Xi Omega","October 1, 1923","Tulsa, Oklahoma","https://en.wikipedia.org/wiki/Tulsa,_Oklahoma","Active","22","https://en.wikipedia.org/wiki/List_of_Omega_Psi_Phi_chapters#cite_note-:20-35","[","]"
"1378","Omicron Omega","October 1, 1923","Lawrenceville, Virginia","https://en.wikipedia.org/wiki/Lawrenceville,_Virginia","Active","5","https://en.wikipedia.org/wiki/List_of_Omega_Psi_Phi_chapters#cite_note-:15-5","[","]"
"1381","Sigma Omega","October 1, 1923","","","Active","21","https://en.wikipedia.org/wiki/List_of_Omega_Psi_Phi_chapters#cite_note-:22-33","[","]"
"1382","Tau Omega","October 1, 1923","Greensboro, North Carolina","https://en.wikipedia.org/wiki/Greensboro,_North_Carolina","Active","","","",""
"1372","Iota Omega","December 3, 1923","Tuskegee, Alabama","https://en.wikipedia.org/wiki/Tuskegee,_Alabama","Active","","","",""
"1367","Delta Omega","December 14, 1923","Petersburg, Virginia","https://en.wikipedia.org/wiki/Petersburg,_Virginia","Active","5","https://en.wikipedia.org/wiki/List_of_Omega_Psi_Phi_chapters#cite_note-:15-5","[","]"
"1387","Alpha Phi","October 1, 1924","Birmingham, Alabama","https://en.wikipedia.org/wiki/Birmingham,_Alabama","Active","51","https://en.wikipedia.org/wiki/List_of_Omega_Psi_Phi_chapters#cite_note-88","[","]"
"1385","Chi Omega","December 15, 1924","Tallahassee, Florida","https://en.wikipedia.org/wiki/Tallahassee,_Florida","Active","","","",""
"1388","Beta Phi","December 15, 1924","Durham, North Carolina","https://en.wikipedia.org/wiki/Durham,_North_Carolina","Active","","","",""
"1391","Epsilon Phi","April 1, 1925","Memphis, Tennessee","https://en.wikipedia.org/wiki/Memphis,_Tennessee","Active","50","https://en.wikipedia.org/wiki/List_of_Omega_Psi_Phi_chapters#cite_note-:14-86","[","]"
"1392","Zeta Phi","April 29, 1925","","","Active","11","https://en.wikipedia.org/wiki/List_of_Omega_Psi_Phi_chapters#cite_note-:11-16","[","]"
"1394","Theta Phi","May 11, 1925","Jacksonville, Florida","https://en.wikipedia.org/wiki/Jacksonville,_Florida","Active","","","",""
"1390","Delta Phi","May 14, 1925","Lawrence, Kansas","https://en.wikipedia.org/wiki/Lawrence,_Kansas","Active","","","",""
"1393","Eta Phi","July 1, 1925","","","Active","","","",""
"1386","Psi Omega","August 9, 1925","Augusta, Georgia","https://en.wikipedia.org/wiki/Augusta,_Georgia","Active","","","",""
"1389","Gamma Phi","October 1, 1925","Nashville, Tennessee","https://en.wikipedia.org/wiki/Nashville,_Tennessee","Active","50","https://en.wikipedia.org/wiki/List_of_Omega_Psi_Phi_chapters#cite_note-:14-86","[","]"
"1395","Iota Phi","October 1, 1925","","","Active","","","",""
"1397","Lambda Phi","October 1, 1926","Macon, Georgia","https://en.wikipedia.org/wiki/Macon,_Georgia","Active","","","",""
"1398","Mu Phi","October 1, 1926","Savannah, Georgia","https://en.wikipedia.org/wiki/Savannah,_Georgia","Active","","","",""
"1399","Nu Phi","October 1, 1926","","","Active","16","https://en.wikipedia.org/wiki/List_of_Omega_Psi_Phi_chapters#cite_note-:21-24","[","]"
"1400","Xi Phi","November 11, 1926","Harlem","https://en.wikipedia.org/wiki/Harlem","Active","","","",""
"1401","Omicron Phi","November 17, 1926","Columbia, South Carolina","https://en.wikipedia.org/wiki/Columbia,_South_Carolina","Active","","","",""
"1402","Pi Phi","January 27, 1927","Charlotte, North Carolina","https://en.wikipedia.org/wiki/Charlotte,_North_Carolina","Active","","","",""
"1405","Tau Phi","March 15, 1927","Pine Bluff, Arkansas","https://en.wikipedia.org/wiki/Pine_Bluff,_Arkansas","Active","26","https://en.wikipedia.org/wiki/List_of_Omega_Psi_Phi_chapters#cite_note-:17-40","[","]"
"1404","Sigma Phi","April 16, 1927","Montgomery, Alabama","https://en.wikipedia.org/wiki/Montgomery,_Alabama","Active","","","",""
"1403","Rho Phi","October 1, 1927","","","Active","23","https://en.wikipedia.org/wiki/List_of_Omega_Psi_Phi_chapters#cite_note-:18-36","[","]"
"1407","Phi Phi","October 1, 1927","Richmond, Virginia","https://en.wikipedia.org/wiki/Richmond,_Virginia","Active","5","https://en.wikipedia.org/wiki/List_of_Omega_Psi_Phi_chapters#cite_note-:15-5","[","]"
"1406","Upsilon Phi","October 27, 1927","Newark, New Jersey","https://en.wikipedia.org/wiki/Newark,_New_Jersey","Active","","","",""
"1408","Chi Phi","December 27, 1927","","","Active","","","",""
"1409","Psi Phi","January 23, 1932","Winston-Salem, North Carolina","https://en.wikipedia.org/wiki/Winston-Salem,_North_Carolina","Active","","","",""
"1410","Alpha Alpha","October 1, 1932","Newport News, Virginia","https://en.wikipedia.org/wiki/Newport_News,_Virginia","Active","5","https://en.wikipedia.org/wiki/List_of_Omega_Psi_Phi_chapters#cite_note-:15-5","[","]"
"1414","Epsilon Alpha","October 1, 1932","Fort Worth, Texas","https://en.wikipedia.org/wiki/Fort_Worth,_Texas","Active","52","https://en.wikipedia.org/wiki/List_of_Omega_Psi_Phi_chapters#cite_note-89","[","]"
"1412","Gamma Alpha","April 4, 1933","Roanoke Valley","https://en.wikipedia.org/wiki/Roanoke_Valley","Active","5","https://en.wikipedia.org/wiki/List_of_Omega_Psi_Phi_chapters#cite_note-:15-5","[","]"
"1411","Beta Alpha","October 1, 1933","Jackson, Mississippi","https://en.wikipedia.org/wiki/Jackson,_Mississippi","Active","","","",""
"1413","Delta Alpha","June 1, 1934","Dayton, Ohio","https://en.wikipedia.org/wiki/Dayton,_Ohio","Active","20","https://en.wikipedia.org/wiki/List_of_Omega_Psi_Phi_chapters#cite_note-:16-31","[","]"
"1415","Zeta Alpha","October 1, 1934","Henderson, North Carolina","https://en.wikipedia.org/wiki/Henderson,_North_Carolina","Active","","","",""
"1416","Eta Alpha","October 1, 1934","Jefferson City, Missouri","https://en.wikipedia.org/wiki/Jefferson_City,_Missouri","Active","","","",""
"1418","Iota Alpha","April 19, 1935","Knoxville, Tennessee","https://en.wikipedia.org/wiki/Knoxville,_Tennessee","Active","50","https://en.wikipedia.org/wiki/List_of_Omega_Psi_Phi_chapters#cite_note-:14-86","[","]"
"1419","Kappa Alpha","May 9, 1935","Rock Hill, South Carolina","https://en.wikipedia.org/wiki/Rock_Hill,_South_Carolina","Active","","","",""
"1417","Theta Alpha","October 1, 1935","","","Active","16","https://en.wikipedia.org/wiki/List_of_Omega_Psi_Phi_chapters#cite_note-:21-24","[","]"
"1420","Lambda Alpha","May 8, 1936","Baton Rouge, Louisiana","https://en.wikipedia.org/wiki/Baton_Rouge,_Louisiana","Active","23","https://en.wikipedia.org/wiki/List_of_Omega_Psi_Phi_chapters#cite_note-:18-36","[","]"
"1423","Xi Alpha","October 1, 1936","Institute, West Virginia","https://en.wikipedia.org/wiki/Institute,_West_Virginia","Active","20","https://en.wikipedia.org/wiki/List_of_Omega_Psi_Phi_chapters#cite_note-:16-31","[","]"
"1424","Omicron Alpha","December 1, 1936","Wilmington, North Carolina","https://en.wikipedia.org/wiki/Wilmington,_North_Carolina","Active","","","",""
"1422","Nu Alpha","December 5, 1936","Plymouth, North Carolina","https://en.wikipedia.org/wiki/Plymouth,_North_Carolina","Active","","","",""
"1425","Pi Alpha","January 28, 1938","Princess Anne, Maryland","https://en.wikipedia.org/wiki/Princess_Anne,_Maryland","Active","","","",""
"1426","Rho Alpha","March 15, 1938","Mobile, Alabama","https://en.wikipedia.org/wiki/Mobile,_Alabama","Active","","","",""
"1421","Mu Alpha","August 6, 1938","Charleston, South Carolina","https://en.wikipedia.org/wiki/Charleston,_South_Carolina","Active","","","",""
"1427","Sigma Alpha","March 13, 1939","","","Active","","","",""
"1428","Tau Alpha","October 1, 1939","Salisbury, North Carolina","https://en.wikipedia.org/wiki/Salisbury,_North_Carolina","Active","","","",""
"1429","Upsilon Alpha","October 1, 1939","Atlantic City, New Jersey","https://en.wikipedia.org/wiki/Atlantic_City,_New_Jersey","Active","","","",""
"1431","Chi Alpha","October 1, 1939","Charleston, West Virginia","https://en.wikipedia.org/wiki/Charleston,_West_Virginia","Active","20","https://en.wikipedia.org/wiki/List_of_Omega_Psi_Phi_chapters#cite_note-:16-31","[","]"
"1434","Beta Iota","June 25, 1940","Cincinnati, Ohio","https://en.wikipedia.org/wiki/Cincinnati","Active","20","https://en.wikipedia.org/wiki/List_of_Omega_Psi_Phi_chapters#cite_note-:16-31","[","]"
"1433","Alpha Iota","October 1, 1940","Suffolk, Virginia","https://en.wikipedia.org/wiki/Suffolk,_Virginia","Active","5","https://en.wikipedia.org/wiki/List_of_Omega_Psi_Phi_chapters#cite_note-:15-5","[","]"
"1435","Gamma Iota","October 1, 1940","Sumter, South Carolina","https://en.wikipedia.org/wiki/Sumter,_South_Carolina","Active","","","",""
"","","","Darlington, South Carolina","https://en.wikipedia.org/wiki/Darlington,_South_Carolina","","","","",""
"1430","Phi Alpha","October 3, 1940","Greer, South Carolina","https://en.wikipedia.org/wiki/Greer,_South_Carolina","Active","","","",""
"1432","Psi Alpha","November 1, 1940","","","Active","16","https://en.wikipedia.org/wiki/List_of_Omega_Psi_Phi_chapters#cite_note-:21-24","[","]"
"1436","Delta Iota","March 27, 1941","Elizabeth City, North Carolina","https://en.wikipedia.org/wiki/Elizabeth_City,_North_Carolina","Active","","","",""
"1437","Epsilon Iota","April 23, 1941","Austin, Texas","https://en.wikipedia.org/wiki/Austin,_Texas","Active","16","https://en.wikipedia.org/wiki/List_of_Omega_Psi_Phi_chapters#cite_note-:21-24","[","]"
"1438","Zeta Iota","October 1, 1941","Portsmouth, Virginia","https://en.wikipedia.org/wiki/Portsmouth,_Virginia","Active","5","https://en.wikipedia.org/wiki/List_of_Omega_Psi_Phi_chapters#cite_note-:15-5","[","]"
"1439","Eta Iota","April 10, 1942","","","Active","22","https://en.wikipedia.org/wiki/List_of_Omega_Psi_Phi_chapters#cite_note-:20-35","[","]"
"1441","Iota Iota","May 31, 1944","Raleigh, North Carolina","https://en.wikipedia.org/wiki/Raleigh,_North_Carolina","Active","","","",""
"1440","Theta Iota","October 1, 1944","Jackson, Tennessee","https://en.wikipedia.org/wiki/Jackson,_Tennessee","Active","50","https://en.wikipedia.org/wiki/List_of_Omega_Psi_Phi_chapters#cite_note-:14-86","[","]"
"1443","Lambda Iota","May 14, 1945","Columbus, Georgia","https://en.wikipedia.org/wiki/Columbus,_Georgia","Active","","","",""
"1444","Mu Iota","June 1, 1945","Columbus, Ohio","https://en.wikipedia.org/wiki/Columbus,_Ohio","Active","20","https://en.wikipedia.org/wiki/List_of_Omega_Psi_Phi_chapters#cite_note-:16-31","[","]"
"1442","Kappa Iota","October 1, 1945","Chattanooga, Tennessee","https://en.wikipedia.org/wiki/Chattanooga,_Tennessee","Active","50","https://en.wikipedia.org/wiki/List_of_Omega_Psi_Phi_chapters#cite_note-:14-86","[","]"
"1445","Nu Iota","October 1, 1945","Marshall, Texas","https://en.wikipedia.org/wiki/Marshall,_Texas","Active","16","https://en.wikipedia.org/wiki/List_of_Omega_Psi_Phi_chapters#cite_note-:21-24","[","]"
"1450","Sigma Iota","May 14, 1946","Oakland, California","https://en.wikipedia.org/wiki/Oakland,_California","Active","17","https://en.wikipedia.org/wiki/List_of_Omega_Psi_Phi_chapters#cite_note-:27-25","[","]"
"1448","Pi Iota","June 15, 1946","Tampa, Florida","https://en.wikipedia.org/wiki/Tampa,_Florida","Active","","","",""
"1451","Tau Iota","June 29, 1946","Hartford, Connecticut","https://en.wikipedia.org/wiki/Hartford,_Connecticut","Active","","","",""
"1447","Omicron Iota","October 1, 1946","New Rochelle, New York","https://en.wikipedia.org/wiki/New_Rochelle,_New_York","Active","","","",""
"1449","Rho Iota","October 1, 1946","Danville, Virginia","https://en.wikipedia.org/wiki/Danville,_Virginia","Active","5","https://en.wikipedia.org/wiki/List_of_Omega_Psi_Phi_chapters#cite_note-:15-5","[","]"
"1453","Phi Iota","October 1, 1946","Phoenix, Arizona","https://en.wikipedia.org/wiki/Phoenix,_Arizona","Active","17","https://en.wikipedia.org/wiki/List_of_Omega_Psi_Phi_chapters#cite_note-:27-25","[","]"
"1452","Upsilon Iota","October 21, 1946","Langston, Oklahoma","https://en.wikipedia.org/wiki/Langston,_Oklahoma","Active","22","https://en.wikipedia.org/wiki/List_of_Omega_Psi_Phi_chapters#cite_note-:20-35","[","]"
"1454","Chi Iota","November 16, 1946","Florence, South Carolina","https://en.wikipedia.org/wiki/Florence,_South_Carolina","Active","","","",""
"1455","Psi Iota","November 16, 1946","Dover, Delaware","https://en.wikipedia.org/wiki/Dover,_Delaware","Active","","","",""
"1456","Alpha Omicron","November 26, 1946","Rocky Mount, North Carolina","https://en.wikipedia.org/wiki/Rocky_Mount,_North_Carolina","Active","","","",""
"1458","Gamma Omicron","December 2, 1946","Minden, Louisiana","https://en.wikipedia.org/wiki/Minden,_Louisiana","Active","23","https://en.wikipedia.org/wiki/List_of_Omega_Psi_Phi_chapters#cite_note-:18-36","[","]"
"1466","Lambda Omicron","December 16, 1946","","","Active","17","https://en.wikipedia.org/wiki/List_of_Omega_Psi_Phi_chapters#cite_note-:27-25","[","]"
"1471","Pi Omicron","December 17, 1946","Little Rock, Arkansas","https://en.wikipedia.org/wiki/Little_Rock,_Arkansas","Active","26","https://en.wikipedia.org/wiki/List_of_Omega_Psi_Phi_chapters#cite_note-:17-40","[","]"
"1460","","February 16, 1947","Wichita Falls, Texas","https://en.wikipedia.org/wiki/Wichita_Falls,_Texas","Inactive","16","https://en.wikipedia.org/wiki/List_of_Omega_Psi_Phi_chapters#cite_note-:21-24","[","]"
"1462","Eta Omicron","April 11, 1947","Albany, Georgia","https://en.wikipedia.org/wiki/Albany,_Georgia","Active","","","",""
"1467","Mu Omicron","August 3, 1947","Des Moines, Iowa","https://en.wikipedia.org/wiki/Des_Moines,_Iowa","Active","","","",""
"1477","Chi Omicron","September 9, 1947","New Haven, Connecticut","https://en.wikipedia.org/wiki/New_Haven,_Connecticut","Active","12","https://en.wikipedia.org/wiki/List_of_Omega_Psi_Phi_chapters#cite_note-:8-17","[","]"
"1461","Zeta Omicron","October 1, 1947","Hampton, Virginia","https://en.wikipedia.org/wiki/Hampton,_Virginia","Active","5","https://en.wikipedia.org/wiki/List_of_Omega_Psi_Phi_chapters#cite_note-:15-5","[","]"
"1468","Nu Omicron","October 1, 1947","","","Active","","","",""
"1470","Omicron Omicron","March 21, 1948","Daytona Beach, Florida","https://en.wikipedia.org/wiki/Daytona_Beach,_Florida","Active","","","",""
"1469","Xi Omicron","May 30, 1948","Huntsville, Alabama","https://en.wikipedia.org/wiki/Huntsville,_Alabama","Active","","","",""
"1465","Kappa Omicron","September 25, 1948","","","Active","","","",""
"1459","Delta Omicron","October 1, 1948","Beaumont, Texas","https://en.wikipedia.org/wiki/Beaumont,_Texas","Active","16","https://en.wikipedia.org/wiki/List_of_Omega_Psi_Phi_chapters#cite_note-:21-24","[","]"
"1464","Iota Omicron","October 1, 1948","Clarksdale, Mississippi","https://en.wikipedia.org/wiki/Clarksdale,_Mississippi","Active","","","",""
"1472","Rho Omicron","October 1, 1948","New Iberia, Louisiana","https://en.wikipedia.org/wiki/New_Iberia,_Louisiana","Active","23","https://en.wikipedia.org/wiki/List_of_Omega_Psi_Phi_chapters#cite_note-:18-36","[","]"
"1473","Sigma Omicron","October 1, 1948","Tyler, Texas","https://en.wikipedia.org/wiki/Tyler,_Texas","Active","16","https://en.wikipedia.org/wiki/List_of_Omega_Psi_Phi_chapters#cite_note-:21-24","[","]"
"1474","Tau Omicron","October 1, 1948","Martinsville, Virginia","https://en.wikipedia.org/wiki/Martinsville,_Virginia","Active","5","https://en.wikipedia.org/wiki/List_of_Omega_Psi_Phi_chapters#cite_note-:15-5","[","]"
"1478","Psi Omicron","June 15, 1949","Youngstown, Ohio","https://en.wikipedia.org/wiki/Youngstown,_Ohio","Active","20","https://en.wikipedia.org/wiki/List_of_Omega_Psi_Phi_chapters#cite_note-:16-31","[","]"
"1479","Alpha Upsilon","October 1, 1949","","","Active","54","https://en.wikipedia.org/wiki/List_of_Omega_Psi_Phi_chapters#cite_note-92","[","]"
"1476","Phi Omicron","November 1, 1949","","","Active","17","https://en.wikipedia.org/wiki/List_of_Omega_Psi_Phi_chapters#cite_note-:27-25","[","]"
"1480","Beta Upsilon","December 28, 1949","Omaha, Nebraska","https://en.wikipedia.org/wiki/Omaha,_Nebraska","Active","","","",""
"1481","Gamma Upsilon","December 29, 1949","Wichita, Kansas","https://en.wikipedia.org/wiki/Wichita,_Kansas","Active","","","",""
"1488","Kappa Upsilon","January 28, 1950","West Palm Beach, Florida","https://en.wikipedia.org/wiki/West_Palm_Beach,_Florida","Active","","","",""
"1482","Delta Upsilon","January 30, 1950","Trenton, New Jersey","https://en.wikipedia.org/wiki/Trenton,_New_Jersey","Active","","","",""
"1483","Epsilon Upsilon","March 8, 1950","Gastonia, North Carolina","https://en.wikipedia.org/wiki/Gastonia,_North_Carolina","Active","","","",""
"1484","Zeta Upsilon","July 10, 1950","Renton, Washington","https://en.wikipedia.org/wiki/Renton,_Washington","Active","17","https://en.wikipedia.org/wiki/List_of_Omega_Psi_Phi_chapters#cite_note-:27-25","[","]"
"1485","Eta Upsilon","July 19, 1950","Bettendorf, Iowa","https://en.wikipedia.org/wiki/Bettendorf,_Iowa","Active","","","",""
"1486","Theta Upsilon","November 28, 1950","Texarkana, Texas","https://en.wikipedia.org/wiki/Texarkana,_Texas","Active","16","https://en.wikipedia.org/wiki/List_of_Omega_Psi_Phi_chapters#cite_note-:21-24","[","]"
"1489","Lambda Upsilon","February 15, 1951","Paterson, New Jersey","https://en.wikipedia.org/wiki/Paterson,_New_Jersey","Active","","","",""
"1490","","April 21, 1951","Denmark, South Carolina","https://en.wikipedia.org/wiki/Denmark,_South_Carolina","Inactive","","","",""
"1491","Nu Upsilon","August 18, 1951","Wilmington, Delaware","https://en.wikipedia.org/wiki/Wilmington,_Delaware","Active","","","",""
"1492","Xi Upsilon","February 7, 1952","Port Arthur, Texas","https://en.wikipedia.org/wiki/Port_Arthur,_Texas","Active","16","https://en.wikipedia.org/wiki/List_of_Omega_Psi_Phi_chapters#cite_note-:21-24","[","]"
"1493","Omicron Upsilon","March 13, 1952","Waco, Texas","https://en.wikipedia.org/wiki/Waco,_Texas","Active","16","https://en.wikipedia.org/wiki/List_of_Omega_Psi_Phi_chapters#cite_note-:21-24","[","]"
"1498","Upsilon Upsilon","May 1, 1952","Skelton, West Virginia","https://en.wikipedia.org/wiki/Skelton,_West_Virginia","Active","","","",""
"1496","Sigma Upsilon","May 17, 1952","Lansing, Michigan","https://en.wikipedia.org/wiki/Lansing,_Michigan","Active","13","https://en.wikipedia.org/wiki/List_of_Omega_Psi_Phi_chapters#cite_note-:26-19","[","]"
"1497","Tau Upsilon","May 17, 1952","Carbondale, Illinois","https://en.wikipedia.org/wiki/Carbondale,_Illinois","Active","21","https://en.wikipedia.org/wiki/List_of_Omega_Psi_Phi_chapters#cite_note-:22-33","[","]"
"1499","","June 15, 1952","Asbury Park, New Jersey","https://en.wikipedia.org/wiki/Asbury_Park,_New_Jersey","Moved","g","https://en.wikipedia.org/wiki/List_of_Omega_Psi_Phi_chapters#cite_note-93","[","]"
"","","","Neptune Township, New Jersey","https://en.wikipedia.org/wiki/Neptune_Township,_New_Jersey","","","","",""
"","","","West Long Branch, New Jersey","https://en.wikipedia.org/wiki/West_Long_Branch,_New_Jersey","","","","",""
"1501","Psi Upsilon","July 5, 1952","Lawton, Oklahoma","https://en.wikipedia.org/wiki/Lawton,_Oklahoma","Active","22","https://en.wikipedia.org/wiki/List_of_Omega_Psi_Phi_chapters#cite_note-:20-35","[","]"
"1500","Chi Upsilon","July 15, 1952","Camden, New Jersey","https://en.wikipedia.org/wiki/Camden,_New_Jersey","Active","","","",""
"1487","Iota Upsilon","July 17, 1952","D'Iberville, Mississippi","https://en.wikipedia.org/wiki/D%27Iberville,_Mississippi","Active","","","",""
"1495","Rho Upsilon","March 23, 1953","Bridgeport, Connecticut","https://en.wikipedia.org/wiki/Bridgeport,_Connecticut","Active","","","",""
"1396","Kappa Phi","April 15, 1953","","","Active","","","",""
"1502","Alpha Chi","July 7, 1953","Gary, Indiana","https://en.wikipedia.org/wiki/Gary,_Indiana","Active","55","https://en.wikipedia.org/wiki/List_of_Omega_Psi_Phi_chapters#cite_note-94","[","]"
"1503","Beta Chi","October 2, 1953","Fayetteville, North Carolina","https://en.wikipedia.org/wiki/Fayetteville,_North_Carolina","Active","","","",""
"1504","Gamma Chi","November 20, 1953","Corpus Christi, Texas","https://en.wikipedia.org/wiki/Corpus_Christi,_Texas","Active","16","https://en.wikipedia.org/wiki/List_of_Omega_Psi_Phi_chapters#cite_note-:21-24","[","]"
"1494","Pi Upsilon","February 17, 1954","Hawkins, Texas","https://en.wikipedia.org/wiki/Hawkins,_Texas","Active","16","https://en.wikipedia.org/wiki/List_of_Omega_Psi_Phi_chapters#cite_note-:21-24","[","]"
"1505","Delta Chi","April 1, 1954","Springfield, Massachusetts","https://en.wikipedia.org/wiki/Springfield,_Massachusetts","Active","","","",""
"1506","Epsilon Chi","April 1, 1954","Alexandria, Louisiana","https://en.wikipedia.org/wiki/Alexandria,_Louisiana","Active","23","https://en.wikipedia.org/wiki/List_of_Omega_Psi_Phi_chapters#cite_note-:18-36","[","]"
"1507","Zeta Chi","April 26, 1954","Fort Lauderdale, Florida","https://en.wikipedia.org/wiki/Fort_Lauderdale,_Florida","Active","","","",""
"1446","Xi Iota","July 1, 1954","Charlottesville, Virginia","https://en.wikipedia.org/wiki/Charlottesville,_Virginia","Active","5","https://en.wikipedia.org/wiki/List_of_Omega_Psi_Phi_chapters#cite_note-:15-5","[","]"
"1475","Upsilon Omicron","July 10, 1954","Asheville, North Carolina","https://en.wikipedia.org/wiki/Asheville,_North_Carolina","Active","","","",""
"1516","Omicron Chi","January 1, 1955","Plainfield, New Jersey","https://en.wikipedia.org/wiki/Plainfield,_New_Jersey","Active","","","",""
"1509","Theta Chi","February 1, 1955","Prairie View, Texas","https://en.wikipedia.org/wiki/Prairie_View,_Texas","Active","16","https://en.wikipedia.org/wiki/List_of_Omega_Psi_Phi_chapters#cite_note-:21-24","[","]"
"1510","Iota Chi","February 1, 1955","Cambridge, Massachusetts","https://en.wikipedia.org/wiki/Cambridge,_Massachusetts","Active","","","",""
"1511","Kappa Chi","March 1, 1955","Magnolia, Arkansas","https://en.wikipedia.org/wiki/Magnolia,_Arkansas","Active","26","https://en.wikipedia.org/wiki/List_of_Omega_Psi_Phi_chapters#cite_note-:17-40","[","]"
"1508","Eta Chi","April 1, 1955","Longview, Texas","https://en.wikipedia.org/wiki/Longview,_Texas","Active","16","https://en.wikipedia.org/wiki/List_of_Omega_Psi_Phi_chapters#cite_note-:21-24","[","]"
"1513","Mu Chi","April 5, 1955","Fairborn, Ohio","https://en.wikipedia.org/wiki/Fairborn,_Ohio","Active","20","https://en.wikipedia.org/wiki/List_of_Omega_Psi_Phi_chapters#cite_note-:16-31","[","]"
"1514","Nu Chi","April 10, 1955","East St. Louis, Illinois","https://en.wikipedia.org/wiki/East_St._Louis,_Illinois","Active","21","https://en.wikipedia.org/wiki/List_of_Omega_Psi_Phi_chapters#cite_note-:22-33","[","]"
"1515","Xi Chi","May 1, 1955","Akron, Ohio","https://en.wikipedia.org/wiki/Akron,_Ohio","Active","20","https://en.wikipedia.org/wiki/List_of_Omega_Psi_Phi_chapters#cite_note-:16-31","[","]"
"1518","Rho Chi","June 1, 1955","Lake Charles, Louisiana","https://en.wikipedia.org/wiki/Lake_Charles,_Louisiana","Active","23","https://en.wikipedia.org/wiki/List_of_Omega_Psi_Phi_chapters#cite_note-:18-36","[","]"
"1517","Pi Chi","July 1, 1955","","","Active","17","https://en.wikipedia.org/wiki/List_of_Omega_Psi_Phi_chapters#cite_note-:27-25","[","]"
"1463","Theta Omicron","July 27, 1955","Rochester, New York","https://en.wikipedia.org/wiki/Rochester,_New_York","Active","","","",""
"1519","Sigma Chi","August 24, 1955","Reidsville, North Carolina","https://en.wikipedia.org/wiki/Reidsville,_North_Carolina","Active","","","",""
"1520","Tau Chi","December 1, 1955","","","Active","42","https://en.wikipedia.org/wiki/List_of_Omega_Psi_Phi_chapters#cite_note-:28-74","[","]"
"1512","Lambda Chi","February 4, 1956","Amarillo, Texas","https://en.wikipedia.org/wiki/Amarillo,_Texas","Active","16","https://en.wikipedia.org/wiki/List_of_Omega_Psi_Phi_chapters#cite_note-:21-24","[","]"
"1521","Upsilon Chi","February 4, 1956","Bentonville, Arkansas","https://en.wikipedia.org/wiki/Bentonville,_Arkansas","Active","26","https://en.wikipedia.org/wiki/List_of_Omega_Psi_Phi_chapters#cite_note-:17-40","[","]"
"1522","Phi Chi","March 10, 1956","Concord, North Carolina","https://en.wikipedia.org/wiki/Concord,_North_Carolina","Active","","","",""
"1524","Psi Chi","May 29, 1956","Ocala, Florida","https://en.wikipedia.org/wiki/Ocala,_Florida","Active","","","",""
"1525","Omega Chi","January 1, 1957","Selma, Alabama","https://en.wikipedia.org/wiki/Selma,_Alabama","Active","","","",""
"1526","Alpha Tau","April 1, 1957","Tuscaloosa, Alabama","https://en.wikipedia.org/wiki/Tuscaloosa,_Alabama","Active","58","https://en.wikipedia.org/wiki/List_of_Omega_Psi_Phi_chapters#cite_note-97","[","]"
"1527","Beta Tau","April 1, 1957","Mullins, South Carolina","https://en.wikipedia.org/wiki/Mullins,_South_Carolina","Active","","","",""
"1531","Zeta Tau","September 1, 1957","Pasadena, California","https://en.wikipedia.org/wiki/Pasadena,_California","Active","17","https://en.wikipedia.org/wiki/List_of_Omega_Psi_Phi_chapters#cite_note-:27-25","[","]"
"1532","Eta Tau","October 1, 1957","Gibson, Mississippi","https://en.wikipedia.org/wiki/Gibson,_Mississippi","Active","","","",""
"1528","Gamma Tau","December 31, 1957","Leesburg, Florida","https://en.wikipedia.org/wiki/Leesburg,_Florida","Active","","","",""
"1523","Chi Chi","February 26, 1958","Camden, South Carolina","https://en.wikipedia.org/wiki/Camden,_South_Carolina","Active","","","",""
"1530","","May 1, 1958","Lubbock, Texas","https://en.wikipedia.org/wiki/Lubbock,_Texas","Inactive","16","https://en.wikipedia.org/wiki/List_of_Omega_Psi_Phi_chapters#cite_note-:21-24","[","]"
"1529","Delta Tau","May 5, 1958","Plaquemine, Louisiana","https://en.wikipedia.org/wiki/Plaquemine,_Louisiana","Active","23","https://en.wikipedia.org/wiki/List_of_Omega_Psi_Phi_chapters#cite_note-:18-36","[","]"
"1533","Theta Tau","March 15, 1959","Anniston, Alabama","https://en.wikipedia.org/wiki/Anniston,_Alabama","Active","","","",""
"1534","Iota Tau","April 25, 1959","Georgetown, South Carolina","https://en.wikipedia.org/wiki/Georgetown,_South_Carolina","Active","","","",""
"1535","Kappa Tau","June 20, 1959","Canton, Ohio","https://en.wikipedia.org/wiki/Canton,_Ohio","Active","20","https://en.wikipedia.org/wiki/List_of_Omega_Psi_Phi_chapters#cite_note-:16-31","[","]"
"1536","Lambda Tau","October 15, 1959","Brunswick, Georgia","https://en.wikipedia.org/wiki/Brunswick,_Georgia","Active","","","",""
"1537","Mu Tau","November 15, 1959","Monroe, Louisiana","https://en.wikipedia.org/wiki/Monroe,_Louisiana","Active","23","https://en.wikipedia.org/wiki/List_of_Omega_Psi_Phi_chapters#cite_note-:18-36","[","]"
"1538","Nu Tau","March 5, 1960","Albany, New York","https://en.wikipedia.org/wiki/Albany,_New_York","Active","","","",""
"1539","Xi Tau","April 6, 1960","Maumee, Ohio","https://en.wikipedia.org/wiki/Maumee,_Ohio","Active","20","https://en.wikipedia.org/wiki/List_of_Omega_Psi_Phi_chapters#cite_note-:16-31","[","]"
"1540","Omicron Tau","October 10, 1960","Fort Pierce, Florida","https://en.wikipedia.org/wiki/Fort_Pierce,_Florida","Active","","","",""
"1541","Pi Tau","November 11, 1960","Grambling, Louisiana","https://en.wikipedia.org/wiki/Grambling,_Louisiana","Active","23","https://en.wikipedia.org/wiki/List_of_Omega_Psi_Phi_chapters#cite_note-:18-36","[","]"
"1544","Tau Tau","February 3, 1961","","","Active","17","https://en.wikipedia.org/wiki/List_of_Omega_Psi_Phi_chapters#cite_note-:27-25","[","]"
"1542","Rho Tau","February 6, 1961","Gurnee, Illinois","https://en.wikipedia.org/wiki/Gurnee,_Illinois","Active","21","https://en.wikipedia.org/wiki/List_of_Omega_Psi_Phi_chapters#cite_note-:22-33","[","]"
"1543","Sigma Tau","February 10, 1961","","","Active","16","https://en.wikipedia.org/wiki/List_of_Omega_Psi_Phi_chapters#cite_note-:21-24","[","]"
"1545","Upsilon Tau","March 19, 1961","Poughkeepsie, New York","https://en.wikipedia.org/wiki/Poughkeepsie,_New_York","Active","","","",""
"1546","Phi Tau","June 1, 1961","Johnson City, Tennessee","https://en.wikipedia.org/wiki/Johnson_City,_Tennessee","Active","","","",""
"1547","Chi Tau","January 8, 1962","Orlando, Florida","https://en.wikipedia.org/wiki/Orlando,_Florida","Active","","","",""
"1553","Epsilon Rho","March 9, 1962","","","Active","10","https://en.wikipedia.org/wiki/List_of_Omega_Psi_Phi_chapters#cite_note-:24-14","[","]"
"1549","Alpha Rho","March 15, 1962","Union City, California","https://en.wikipedia.org/wiki/Union_City,_California","Active","60","https://en.wikipedia.org/wiki/List_of_Omega_Psi_Phi_chapters#cite_note-99","[","]"
"1551","Gamma Rho","April 14, 1962","","","Active","23","https://en.wikipedia.org/wiki/List_of_Omega_Psi_Phi_chapters#cite_note-:18-36","[","]"
"1550","Beta Rho","April 18, 1962","Itta Bena, Mississippi","https://en.wikipedia.org/wiki/Itta_Bena,_Mississippi","Active","","","",""
"1552","Delta Rho","April 29, 1962","Kingstree, South Carolina","https://en.wikipedia.org/wiki/Kingstree,_South_Carolina","Active","","","",""
"1554","Zeta Rho","June 11, 1962","","","Active","17","https://en.wikipedia.org/wiki/List_of_Omega_Psi_Phi_chapters#cite_note-:27-25","[","]"
"1556","Theta Rho","August 15, 1962","","","Active","42","https://en.wikipedia.org/wiki/List_of_Omega_Psi_Phi_chapters#cite_note-:28-74","[","]"
"1555","Eta Rho","September 11, 1962","St. Petersburg, Florida","https://en.wikipedia.org/wiki/St._Petersburg,_Florida","Active","","","",""
"1548","Psi Tau","October 1, 1962","Lexington, Kentucky","https://en.wikipedia.org/wiki/Lexington,_Kentucky","Active","50","https://en.wikipedia.org/wiki/List_of_Omega_Psi_Phi_chapters#cite_note-:14-86","[","]"
"1557","Iota Rho","June 1, 1963","Odessa, Texas","https://en.wikipedia.org/wiki/Odessa,_Texas","Active","16","https://en.wikipedia.org/wiki/List_of_Omega_Psi_Phi_chapters#cite_note-:21-24","[","]"
"1558","Kappa Rho","October 10, 1963","Clinton, North Carolina","https://en.wikipedia.org/wiki/Clinton,_North_Carolina","Active","","","",""
"1559","Lambda Rho","March 1, 1964","Waterbury, Connecticut","https://en.wikipedia.org/wiki/Waterbury,_Connecticut","Active","","","",""
"1560","Mu Rho","March 1, 1964","Annapolis, Maryland","https://en.wikipedia.org/wiki/Annapolis,_Maryland","Active","","","",""
"1561","Nu Rho","April 1, 1964","Albuquerque, New Mexico","https://en.wikipedia.org/wiki/Albuquerque,_New_Mexico","Active","","","",""
"1562","Xi Rho","April 1, 1964","West Memphis, Arkansas","https://en.wikipedia.org/wiki/West_Memphis,_Arkansas","Active","26","https://en.wikipedia.org/wiki/List_of_Omega_Psi_Phi_chapters#cite_note-:17-40","[","]"
"1563","Omicron Rho","May 1, 1964","Flint, Michigan","https://en.wikipedia.org/wiki/Flint,_Michigan","Active","13","https://en.wikipedia.org/wiki/List_of_Omega_Psi_Phi_chapters#cite_note-:26-19","[","]"
"1564","Pi Rho","August 7, 1964","San Bernardino, California","https://en.wikipedia.org/wiki/San_Bernardino,_California","Active","17","https://en.wikipedia.org/wiki/List_of_Omega_Psi_Phi_chapters#cite_note-:27-25","[","]"
"1565","Rho Rho","September 5, 1964","Ahoskie, North Carolina","https://en.wikipedia.org/wiki/Ahoskie,_North_Carolina","Active","","","",""
"1567","Tau Rho","December 7, 1964","Fredericksburg, Virginia","https://en.wikipedia.org/wiki/Fredericksburg,_Virginia","Active","5","https://en.wikipedia.org/wiki/List_of_Omega_Psi_Phi_chapters#cite_note-:15-5","[","]"
"1566","Sigma Rho","December 19, 1964","Ann Arbor, Michigan","https://en.wikipedia.org/wiki/Ann_Arbor,_Michigan","Active","13","https://en.wikipedia.org/wiki/List_of_Omega_Psi_Phi_chapters#cite_note-:26-19","[","]"
"1571","Psi Rho","August 3, 1965","Holly Springs, Mississippi","https://en.wikipedia.org/wiki/Holly_Springs,_Mississippi","Active","","","",""
"1570","Chi Rho","August 11, 1965","Wheatley Heights, New York","https://en.wikipedia.org/wiki/Wheatley_Heights,_New_York","Active","","","",""
"1572","Alpha Nu","December 11, 1965","Stamford, Connecticut","https://en.wikipedia.org/wiki/Stamford,_Connecticut","Active","61","https://en.wikipedia.org/wiki/List_of_Omega_Psi_Phi_chapters#cite_note-100","[","]"
"","","","Norwalk, Connecticut","https://en.wikipedia.org/wiki/Norwalk,_Connecticut","","","","",""
"1573","Beta Nu","March 1, 1966","Proctorville, North Carolina","https://en.wikipedia.org/wiki/Proctorville,_North_Carolina","Active","","","",""
"1574","Gamma Nu","March 15, 1967","Cocoa, Florida","https://en.wikipedia.org/wiki/Cocoa,_Florida","Active","","","",""
"1575","Delta Nu","April 6, 1967","Hickory, North Carolina","https://en.wikipedia.org/wiki/Hickory,_North_Carolina","Active","","","",""
"1576","Epsilon Nu","June 10, 1967","Spartanburg, South Carolina","https://en.wikipedia.org/wiki/Spartanburg,_South_Carolina","Active","","","",""
"1585","Xi Nu","May 8, 1968","San Jose, California","https://en.wikipedia.org/wiki/San_Jose,_California","Active","17","https://en.wikipedia.org/wiki/List_of_Omega_Psi_Phi_chapters#cite_note-:27-25","[","]"
"1577","Zeta Nu","June 21, 1968","Portland, Oregon","https://en.wikipedia.org/wiki/Portland,_Oregon","Active","17","https://en.wikipedia.org/wiki/List_of_Omega_Psi_Phi_chapters#cite_note-:27-25","[","]"
"1578","Eta Nu","June 11, 1969","Pompano Beach, Florida","https://en.wikipedia.org/wiki/Pompano_Beach,_Florida","Active","","","",""
"1579","Theta Nu","December 20, 1969","Muskegon Heights, Michigan","https://en.wikipedia.org/wiki/Muskegon_Heights,_Michigan","Active","13","https://en.wikipedia.org/wiki/List_of_Omega_Psi_Phi_chapters#cite_note-:26-19","[","]"
"1127","","January 15, 1970","","","Inactive","","","",""
"1583","Mu Nu","May 23, 1970","Silver Spring, Maryland","https://en.wikipedia.org/wiki/Silver_Spring,_Maryland","Active","","","",""
"1582","Lambda Nu","June 1, 1970","Franklin, Virginia","https://en.wikipedia.org/wiki/Franklin,_Virginia","Active","5","https://en.wikipedia.org/wiki/List_of_Omega_Psi_Phi_chapters#cite_note-:15-5","[","]"
"1584","Nu Nu","August 1, 1970","Willingboro Township, New Jersey","https://en.wikipedia.org/wiki/Willingboro_Township,_New_Jersey","Active","","","",""
"1586","Omicron Nu","January 1, 1971","Seaside, California","https://en.wikipedia.org/wiki/Seaside,_California","Active","17","https://en.wikipedia.org/wiki/List_of_Omega_Psi_Phi_chapters#cite_note-:27-25","[","]"
"1587","Pi Nu","February 17, 1971","","","Active","","","",""
"1588","Rho Nu","April 1, 1971","Galveston, Texas","https://en.wikipedia.org/wiki/Galveston,_Texas","Active","16","https://en.wikipedia.org/wiki/List_of_Omega_Psi_Phi_chapters#cite_note-:21-24","[","]"
"1589","Sigma Nu","June 28, 1971","Providence, Rhode Island","https://en.wikipedia.org/wiki/Providence,_Rhode_Island","Active","","","",""
"1590","Tau Nu","July 16, 1971","Fort Wayne, Indiana","https://en.wikipedia.org/wiki/Fort_Wayne,_Indiana","Active","27","https://en.wikipedia.org/wiki/List_of_Omega_Psi_Phi_chapters#cite_note-:23-41","[","]"
"1591","Upsilon Nu","October 12, 1971","Richmond, Virginia","https://en.wikipedia.org/wiki/Richmond,_Virginia","Active","5","https://en.wikipedia.org/wiki/List_of_Omega_Psi_Phi_chapters#cite_note-:15-5","[","]"
"1592","Phi Nu (First)","January 14, 1972","Mohegan Lake, New York","https://en.wikipedia.org/wiki/Mohegan_Lake,_New_York","Active","h","https://en.wikipedia.org/wiki/List_of_Omega_Psi_Phi_chapters#cite_note-Ph_Nu-101","[","]"
"1593","Chi Nu","January 19, 1972","Fresno, California","https://en.wikipedia.org/wiki/Fresno,_California","Active","17","https://en.wikipedia.org/wiki/List_of_Omega_Psi_Phi_chapters#cite_note-:27-25","[","]"
"1594","Psi Nu","April 7, 1972","Alexandria, Virginia","https://en.wikipedia.org/wiki/Alexandria,_Virginia","Active","5","https://en.wikipedia.org/wiki/List_of_Omega_Psi_Phi_chapters#cite_note-:15-5","[","]"
"1595","Omega Nu","May 2, 1972","Springfield, Illinois","https://en.wikipedia.org/wiki/Springfield,_Illinois","Active","21","https://en.wikipedia.org/wiki/List_of_Omega_Psi_Phi_chapters#cite_note-:22-33","[","]"
"1597","Beta Pi","January 12, 1973","Gainesville, Florida","https://en.wikipedia.org/wiki/Gainesville,_Florida","Active","","","",""
"1596","Alpha Pi","February 18, 1973","Florence, Alabama","https://en.wikipedia.org/wiki/Florence,_Alabama","Active","","","",""
"1598","Gamma Pi","March 5, 1973","Prince George's County, Maryland","https://en.wikipedia.org/wiki/Prince_George%27s_County,_Maryland","Active","","","",""
"1599","Delta Pi","March 15, 1973","Tacoma, Washington","https://en.wikipedia.org/wiki/Tacoma,_Washington","Active","17","https://en.wikipedia.org/wiki/List_of_Omega_Psi_Phi_chapters#cite_note-:27-25","[","]"
"1600","","March 23, 1973","Media, Pennsylvania","https://en.wikipedia.org/wiki/Media,_Pennsylvania","Moved","","","",""
"1601","Zeta Pi","March 27, 1973","Erie, Pennsylvania","https://en.wikipedia.org/wiki/Erie,_Pennsylvania","Active","","","",""
"1602","Eta Pi","May 2, 1973","Montclair, New Jersey","https://en.wikipedia.org/wiki/Montclair,_New_Jersey","Active","","","",""
"1603","Theta Pi","July 31, 1973","Vallejo, California","https://en.wikipedia.org/wiki/Vallejo,_California","Active","17","https://en.wikipedia.org/wiki/List_of_Omega_Psi_Phi_chapters#cite_note-:27-25","[","]"
"1605","Kappa Pi","November 6, 1973","Lancaster, South Carolina","https://en.wikipedia.org/wiki/Lancaster,_South_Carolina","Active","","","",""
"1606","Lambda Pi","November 21, 1973","Kinston, North Carolina","https://en.wikipedia.org/wiki/Kinston,_North_Carolina","Active","","","",""
"1604","Iota Pi","March 9, 1974","Grand Rapids, Michigan","https://en.wikipedia.org/wiki/Grand_Rapids,_Michigan","Active","13","https://en.wikipedia.org/wiki/List_of_Omega_Psi_Phi_chapters#cite_note-:26-19","[","]"
"1607","Mu Pi","March 9, 1974","Greenville, South Carolina","https://en.wikipedia.org/wiki/Greenville,_South_Carolina","Active","","","",""
"1608","Nu Pi","March 9, 1974","Joliet, Illinois","https://en.wikipedia.org/wiki/Joliet,_Illinois","Active","21","https://en.wikipedia.org/wiki/List_of_Omega_Psi_Phi_chapters#cite_note-:22-33","[","]"
"1609","Xi Pi","July 18, 1974","Colorado Springs, Colorado","https://en.wikipedia.org/wiki/Colorado_Springs,_Colorado","Active","","","",""
"1610","Omicron Pi","July 18, 1974","Killeen, Texas","https://en.wikipedia.org/wiki/Killeen,_Texas","Active","16","https://en.wikipedia.org/wiki/List_of_Omega_Psi_Phi_chapters#cite_note-:21-24","[","]"
"1612","Rho Pi","January 17, 1975","Jacksonville, Florida","https://en.wikipedia.org/wiki/Jacksonville,_Florida","Active","","","",""
"1611","Pi Pi","February 18, 1975","Midland, Michigan","https://en.wikipedia.org/wiki/Midland,_Michigan","Active","","","",""
"1613","Sigma Pi","April 19, 1975","Aiken, South Carolina","https://en.wikipedia.org/wiki/Aiken,_South_Carolina","Active","","","",""
"1614","Tau Pi","April 19, 1975","Columbia, Maryland","https://en.wikipedia.org/wiki/Columbia,_Maryland","Active","","","",""
"1615","Upsilon Pi","July 20, 1975","Kalamazoo, Michigan","https://en.wikipedia.org/wiki/Kalamazoo,_Michigan","Active","13","https://en.wikipedia.org/wiki/List_of_Omega_Psi_Phi_chapters#cite_note-:26-19","[","]"
"1616","","November 12, 1975","Muskogee, Oklahoma","https://en.wikipedia.org/wiki/Muskogee,_Oklahoma","Inactive","22","https://en.wikipedia.org/wiki/List_of_Omega_Psi_Phi_chapters#cite_note-:20-35","[","]"
"1617","Chi Pi","November 12, 1975","Syracuse, New York","https://en.wikipedia.org/wiki/Syracuse,_New_York","Active","","","",""
"1618","Psi Pi","November 12, 1975","Clarksville, Tennessee","https://en.wikipedia.org/wiki/Clarksville,_Tennessee","Active","50","https://en.wikipedia.org/wiki/List_of_Omega_Psi_Phi_chapters#cite_note-:14-86","[","]"
"1619","Omega Pi","November 12, 1975","Durham, North Carolina","https://en.wikipedia.org/wiki/Durham,_North_Carolina","Active","","","",""
"1620","Alpha Xi","November 15, 1975","LaGrange, Georgia","https://en.wikipedia.org/wiki/LaGrange,_Georgia","Active","","","",""
"1621","Beta Xi","January 28, 1976","Evansville, Indiana","https://en.wikipedia.org/wiki/Evansville,_Indiana","Active","27","https://en.wikipedia.org/wiki/List_of_Omega_Psi_Phi_chapters#cite_note-:23-41","[","]"
"1622","Gamma Xi","March 22, 1976","Virginia Beach, Virginia","https://en.wikipedia.org/wiki/Virginia_Beach,_Virginia","Active","5","https://en.wikipedia.org/wiki/List_of_Omega_Psi_Phi_chapters#cite_note-:15-5","[","]"
"1623","Delta Xi","April 1, 1976","Rowlett, Texas","https://en.wikipedia.org/wiki/Rowlett,_Texas","Active","16","https://en.wikipedia.org/wiki/List_of_Omega_Psi_Phi_chapters#cite_note-:21-24","[","]"
"1624","Epsilon Xi","April 10, 1976","Sacramento, California","https://en.wikipedia.org/wiki/Sacramento,_California","Active","17","https://en.wikipedia.org/wiki/List_of_Omega_Psi_Phi_chapters#cite_note-:27-25","[","]"
"1625","Zeta Xi","August 15, 1976","","","Active","42","https://en.wikipedia.org/wiki/List_of_Omega_Psi_Phi_chapters#cite_note-:28-74","[","]"
"1627","Theta Xi","October 13, 1976","Peoria, Illinois","https://en.wikipedia.org/wiki/Peoria,_Illinois","Active","21","https://en.wikipedia.org/wiki/List_of_Omega_Psi_Phi_chapters#cite_note-:22-33","[","]"
"1580","Iota Nu","November 20, 1976","","","Active","","","",""
"1628","Iota Xi","November 20, 1976","","","Active","","","",""
"1630","Lambda Xi","February 22, 1977","","","Active","42","https://en.wikipedia.org/wiki/List_of_Omega_Psi_Phi_chapters#cite_note-:28-74","[","]"
"1631","Mu Xi","March 11, 1977","Glen Ellyn, Illinois","https://en.wikipedia.org/wiki/Glen_Ellyn,_Illinois","Active","21","https://en.wikipedia.org/wiki/List_of_Omega_Psi_Phi_chapters#cite_note-:22-33","[","]"
"1632","Nu Xi","March 12, 1977","Natchez, Mississippi","https://en.wikipedia.org/wiki/Natchez,_Mississippi","Active","","","",""
"1246","","March 12, 1977","Baton Rouge, Louisiana","https://en.wikipedia.org/wiki/Baton_Rouge,_Louisiana","Inactive","23","https://en.wikipedia.org/wiki/List_of_Omega_Psi_Phi_chapters#cite_note-:18-36","[","]"
"1633","Xi Xi","March 25, 1977","","","Active","50","https://en.wikipedia.org/wiki/List_of_Omega_Psi_Phi_chapters#cite_note-:14-86","[","]"
"1634","Omicron Xi","April 3, 1977","Kansas City, Kansas","https://en.wikipedia.org/wiki/Kansas_City,_Kansas","Active","","","",""
"1248","Lambda Kappa","April 28, 1977","Durham, North Carolina","https://en.wikipedia.org/wiki/Durham,_North_Carolina","Active","","","",""
"1635","Pi Xi","August 17, 1977","Nassau, Bahamas","https://en.wikipedia.org/wiki/Nassau,_Bahamas","Active","42","https://en.wikipedia.org/wiki/List_of_Omega_Psi_Phi_chapters#cite_note-:28-74","[","]"
"1636","Rho Xi","August 31, 1977","Freeport, Texas","https://en.wikipedia.org/wiki/Freeport,_Texas","Active","16","https://en.wikipedia.org/wiki/List_of_Omega_Psi_Phi_chapters#cite_note-:21-24","[","]"
"1637","Sigma Xi","August 31, 1977","Champaign, Illinois","https://en.wikipedia.org/wiki/Champaign,_Illinois","Active","21","https://en.wikipedia.org/wiki/List_of_Omega_Psi_Phi_chapters#cite_note-:22-33","[","]"
"1252","Omicron Kappa","September 1, 1977","Springfield, Missouri","https://en.wikipedia.org/wiki/Springfield,_Missouri","Active","","","",""
"1639","Upsilon Xi","November 1, 1977","Lakeland, Florida","https://en.wikipedia.org/wiki/Lakeland,_Florida","Active","","","",""
"1640","Phi Xi","March 10, 1978","","","Active","","","",""
"1641","Chi Xi","March 10, 1978","Saginaw, Michigan","https://en.wikipedia.org/wiki/Saginaw,_Michigan","Active","13","https://en.wikipedia.org/wiki/List_of_Omega_Psi_Phi_chapters#cite_note-:26-19","[","]"
"1642","Psi Xi","March 10, 1978","Ventura County, California","https://en.wikipedia.org/wiki/Ventura_County,_California","Active","17","https://en.wikipedia.org/wiki/List_of_Omega_Psi_Phi_chapters#cite_note-:27-25","[","]"
"1646","Alpha Alpha Alpha","March 10, 1978","Morgantown, West Virginia","https://en.wikipedia.org/wiki/Morgantown,_West_Virginia","Active","20","https://en.wikipedia.org/wiki/List_of_Omega_Psi_Phi_chapters#cite_note-:16-31","[","]"
"1648","Gamma Alpha Alpha","September 15, 1978","Anchorage, Alaska","https://en.wikipedia.org/wiki/Anchorage,_Alaska","Active","17","https://en.wikipedia.org/wiki/List_of_Omega_Psi_Phi_chapters#cite_note-:27-25","[","]"
"1259","Chi Kappa","September 15, 1978","","","Active","","","",""
"1650","Epsilon Alpha Alpha","September 16, 1978","Jonesboro, Arkansas","https://en.wikipedia.org/wiki/Jonesboro,_Arkansas","Active","26","https://en.wikipedia.org/wiki/List_of_Omega_Psi_Phi_chapters#cite_note-:17-40","[","]"
"1649","Delta Alpha Alpha","September 16, 1978","Tucson, Arizona","https://en.wikipedia.org/wiki/Tucson,_Arizona","Active","17","https://en.wikipedia.org/wiki/List_of_Omega_Psi_Phi_chapters#cite_note-:27-25","[","]"
"1647","Beta Alpha Alpha","September 18, 1978","White Plains, New York","https://en.wikipedia.org/wiki/White_Plains,_New_York","Active","k","https://en.wikipedia.org/wiki/List_of_Omega_Psi_Phi_chapters#cite_note-109","[","]"
"1652","Eta Alpha Alpha","July 30, 1979","Claremont, California","https://en.wikipedia.org/wiki/Claremont,_California","Active","17","https://en.wikipedia.org/wiki/List_of_Omega_Psi_Phi_chapters#cite_note-:27-25","[","]"
"1265","Delta Lambda","August 6, 1979","New Britain, Connecticut","https://en.wikipedia.org/wiki/New_Britain,_Connecticut","Active","","","",""
"1651","Zeta Alpha Alpha","August 15, 1979","","","Active","5","https://en.wikipedia.org/wiki/List_of_Omega_Psi_Phi_chapters#cite_note-:15-5","[","]"
"1653","Theta Alpha Alpha","September 22, 1979","Bowling Green, Kentucky","https://en.wikipedia.org/wiki/Bowling_Green,_Kentucky","Active","50","https://en.wikipedia.org/wiki/List_of_Omega_Psi_Phi_chapters#cite_note-:14-86","[","]"
"1654","Iota Alpha Alpha","September 22, 1979","Easton, Maryland","https://en.wikipedia.org/wiki/Easton,_Maryland","Active","","","",""
"1655","Kappa Alpha Alpha","September 22, 1979","Decatur, Georgia","https://en.wikipedia.org/wiki/Decatur,_Georgia","Active","","","",""
"1656","Lambda Alpha Alpha","March 15, 1980","Boynton Beach, Florida","https://en.wikipedia.org/wiki/Boynton_Beach,_Florida","Active","","","",""
"1657","Mu Alpha Alpha","March 15, 1980","Artesia, California","https://en.wikipedia.org/wiki/Artesia,_California","Active","17","https://en.wikipedia.org/wiki/List_of_Omega_Psi_Phi_chapters#cite_note-:27-25","[","]"
"1658","Nu Alpha Alpha","March 15, 1980","Bloomington, Indiana","https://en.wikipedia.org/wiki/Bloomington,_Indiana","Active","27","https://en.wikipedia.org/wiki/List_of_Omega_Psi_Phi_chapters#cite_note-:23-41","[","]"
"1659","","March 15, 1980","Natchitoches, Louisiana","https://en.wikipedia.org/wiki/Natchitoches,_Louisiana","Inactive","23","https://en.wikipedia.org/wiki/List_of_Omega_Psi_Phi_chapters#cite_note-:18-36","[","]"
"1661","Pi Alpha Alpha","April 25, 1980","Jackson, Tennessee","https://en.wikipedia.org/wiki/Jackson,_Tennessee","Active","","","",""
"1660","Omicron Alpha Alpha","May 19, 1980","Farmington, Michigan","https://en.wikipedia.org/wiki/Farmington,_Michigan","Active","13","https://en.wikipedia.org/wiki/List_of_Omega_Psi_Phi_chapters#cite_note-:26-19","[","]"
"1662","Rho Alpha Alpha","August 8, 1980","Cleveland, Mississippi","https://en.wikipedia.org/wiki/Cleveland,_Mississippi","Active","","","",""
"1663","Sigma Alpha Alpha","August 9, 1980","Moss Point, Mississippi","https://en.wikipedia.org/wiki/Moss_Point,_Mississippi","Active","","","",""
"1664","Tau Alpha Alpha","December 8, 1980","Bakersfield, California","https://en.wikipedia.org/wiki/Bakersfield,_California","Active","17","https://en.wikipedia.org/wiki/List_of_Omega_Psi_Phi_chapters#cite_note-:27-25","[","]"
"1668","Psi Alpha Alpha","December 26, 1980","Fairfax County, Virginia","https://en.wikipedia.org/wiki/Fairfax_County,_Virginia","Active","5","https://en.wikipedia.org/wiki/List_of_Omega_Psi_Phi_chapters#cite_note-:15-5","[","]"
"1669","Omega Alpha Alpha","December 26, 1980","Beaufort, South Carolina","https://en.wikipedia.org/wiki/Beaufort,_South_Carolina","Active","","","",""
"1665","Upsilon Alpha Alpha","December 30, 1980","Panama City, Florida","https://en.wikipedia.org/wiki/Panama_City,_Florida","Active","","","",""
"1666","Phi Alpha Alpha","December 30, 1980","Goldsboro, North Carolina","https://en.wikipedia.org/wiki/Goldsboro,_North_Carolina","Active","","","",""
"1285","Omega Lambda","December 30, 1980","","","Active","","","",""
"1670","Alpha Beta Beta","March 14, 1981","Hartsville, South Carolina","https://en.wikipedia.org/wiki/Hartsville,_South_Carolina","Active","","","",""
"1671","Beta Beta Beta","March 14, 1981","Wilson, North Carolina","https://en.wikipedia.org/wiki/Wilson,_North_Carolina","Active","","","",""
"1672","Gamma Beta Beta","March 14, 1981","Shelby, North Carolina","https://en.wikipedia.org/wiki/Shelby,_North_Carolina","Active","","","",""
"1673","Delta Beta Beta","March 14, 1981","Moline, Illinois","https://en.wikipedia.org/wiki/Moline,_Illinois","Active","21","https://en.wikipedia.org/wiki/List_of_Omega_Psi_Phi_chapters#cite_note-:22-33","[","]"
"1675","Zeta Beta Beta","April 15, 1981","Athens, Georgia","https://en.wikipedia.org/wiki/Athens,_Georgia","Active","","","",""
"1676","Eta Beta Beta","August 15, 1981","Lexington, North Carolina","https://en.wikipedia.org/wiki/Lexington,_North_Carolina","Active","","","",""
"1600","Epsilon Pi (Second)","1981","Chester, Pennsylvania","https://en.wikipedia.org/wiki/Chester,_Pennsylvania","Active","","","",""
"1678","Iota Beta Beta","June 25, 1982","","","Active","6","https://en.wikipedia.org/wiki/List_of_Omega_Psi_Phi_chapters#cite_note-:0-7","[","]"
"1679","Kappa Beta Beta","June 25, 1982","Dothan, Alabama","https://en.wikipedia.org/wiki/Dothan,_Alabama","Active","","","",""
"1680","Lambda Beta Beta","June 25, 1982","","","Active","42","https://en.wikipedia.org/wiki/List_of_Omega_Psi_Phi_chapters#cite_note-:28-74","[","]"
"1681","Mu Beta Beta","August 8, 1982","Thomasville, Georgia","https://en.wikipedia.org/wiki/Thomasville,_Georgia","Active","","","",""
"1682","Nu Beta Beta","August 8, 1982","Teaneck, New Jersey","https://en.wikipedia.org/wiki/Teaneck,_New_Jersey","Active","","","",""
"1683","Xi Beta Beta","August 8, 1982","Vidalia, Georgia","https://en.wikipedia.org/wiki/Vidalia,_Georgia","Active","","","",""
"1693","Omicron Beta Beta","October 23, 1982","Fort Myers, Florida","https://en.wikipedia.org/wiki/Fort_Myers,_Florida","Active","","","",""
"1685","Pi Beta Beta","October 23, 1982","Bradenton, Florida","https://en.wikipedia.org/wiki/Bradenton,_Florida","Active","","","",""
"1686","Rho Beta Beta","October 23, 1982","","","Active","16","https://en.wikipedia.org/wiki/List_of_Omega_Psi_Phi_chapters#cite_note-:21-24","[","]"
"1674","Epsilon Beta Beta","February 14, 1983","Notre Dame, Indiana","https://en.wikipedia.org/wiki/Notre_Dame,_Indiana","Active","27","https://en.wikipedia.org/wiki/List_of_Omega_Psi_Phi_chapters#cite_note-:23-41","[","]"
"1688","Tau Beta Beta","March 25, 1983","Weldon, North Carolina","https://en.wikipedia.org/wiki/Weldon,_North_Carolina","Active","","","",""
"1690","Phi Beta Beta","March 27, 1983","Inglewood, California","https://en.wikipedia.org/wiki/Inglewood,_California","Active","17","https://en.wikipedia.org/wiki/List_of_Omega_Psi_Phi_chapters#cite_note-:27-25","[","]"
"1687","Sigma Beta Beta","April 24, 1983","Westbury, New York","https://en.wikipedia.org/wiki/Westbury,_New_York","Active","","","",""
"1691","Chi Beta Beta","July 16, 1983","Normal, Illinois","https://en.wikipedia.org/wiki/Normal,_Illinois","Active","21","https://en.wikipedia.org/wiki/List_of_Omega_Psi_Phi_chapters#cite_note-:22-33","[","]"
"1692","Psi Beta Beta","July 25, 1983","Huntington, West Virginia","https://en.wikipedia.org/wiki/Huntington,_West_Virginia","Active","20","https://en.wikipedia.org/wiki/List_of_Omega_Psi_Phi_chapters#cite_note-:16-31","[","]"
"1694","Alpha Gamma Gamma","August 15, 1983","Valdosta, Georgia","https://en.wikipedia.org/wiki/Valdosta,_Georgia","Active","","","",""
"1693","Omega Beta Beta","August 15, 1983","Eatonville, Florida","https://en.wikipedia.org/wiki/Eatonville,_Florida","Active","","","",""
"1696","Gamma Gamma Gamma","January 6, 1984","Madison, Wisconsin","https://en.wikipedia.org/wiki/Madison,_Wisconsin","Active","29","https://en.wikipedia.org/wiki/List_of_Omega_Psi_Phi_chapters#cite_note-:25-49","[","]"
"1697","Delta Gamma Gamma","January 6, 1984","Lincoln, Nebraska","https://en.wikipedia.org/wiki/Lincoln,_Nebraska","Active","","","",""
"1698","Epsilon Gamma Gamma","January 14, 1984","Greenwood, South Carolina","https://en.wikipedia.org/wiki/Greenwood,_South_Carolina","Active","","","",""
"1704","Lambda Gamma Gamma","January 29, 1984","Clinton, Maryland","https://en.wikipedia.org/wiki/Clinton,_Maryland","Active","","","",""
"1695","Beta Gamma Gamma","March 17, 1984","","","Active","","","",""
"1699","Zeta Gamma Gamma","August 1, 1984","Oak Ridge, Tennessee","https://en.wikipedia.org/wiki/Oak_Ridge,_Tennessee","Active","50","https://en.wikipedia.org/wiki/List_of_Omega_Psi_Phi_chapters#cite_note-:14-86","[","]"
"1700","Eta Gamma Gamma","September 29, 1984","Waterloo, Iowa","https://en.wikipedia.org/wiki/Waterloo,_Iowa","Active","","","",""
"1701","Theta Gamma Gamma","September 29, 1984","Belle Glade, Florida","https://en.wikipedia.org/wiki/Belle_Glade,_Florida","Active","","","",""
"1702","Iota Gamma Gamma","December 29, 1984","Vernon Parish, Louisiana","https://en.wikipedia.org/wiki/Vernon_Parish,_Louisiana","Active","23","https://en.wikipedia.org/wiki/List_of_Omega_Psi_Phi_chapters#cite_note-:18-36","[","]"
"1703","Kappa Gamma Gamma","December 29, 1984","Anderson, South Carolina","https://en.wikipedia.org/wiki/Anderson,_South_Carolina","Active","","","",""
"1705","Mu Gamma Gamma","October 15, 1985","Somerset, New Jersey","https://en.wikipedia.org/wiki/Somerset,_New_Jersey","Active","","","",""
"1706","Nu Gamma Gamma","December 7, 1985","","","Active","42","https://en.wikipedia.org/wiki/List_of_Omega_Psi_Phi_chapters#cite_note-:28-74","[","]"
"1708","Omicron Gamma Gamma","March 10, 1986","Arlington, Texas","https://en.wikipedia.org/wiki/Arlington,_Texas","Active","16","https://en.wikipedia.org/wiki/List_of_Omega_Psi_Phi_chapters#cite_note-:21-24","[","]"
"1707","Xi Gamma Gamma","March 22, 1986","Oceanside, California","https://en.wikipedia.org/wiki/Oceanside,_California","Active","17","https://en.wikipedia.org/wiki/List_of_Omega_Psi_Phi_chapters#cite_note-:27-25","[","]"
"1713","Upsilon Gamma Gamma","June 6, 1986","Fort Gordon","https://en.wikipedia.org/wiki/Fort_Gordon","Active","l","https://en.wikipedia.org/wiki/List_of_Omega_Psi_Phi_chapters#cite_note-112","[","]"
"1709","Pi Gamma Gamma","February 28, 1987","Murfreesboro, Tennessee","https://en.wikipedia.org/wiki/Murfreesboro,_Tennessee","Active","50","https://en.wikipedia.org/wiki/List_of_Omega_Psi_Phi_chapters#cite_note-:14-86","[","]"
"1711","Sigma Gamma Gamma","February 28, 1987","","","Active","42","https://en.wikipedia.org/wiki/List_of_Omega_Psi_Phi_chapters#cite_note-:28-74","[","]"
"1710","Rho Gamma Gamma","March 1, 1987","","","Active","2","https://en.wikipedia.org/wiki/List_of_Omega_Psi_Phi_chapters#cite_note-:10-2","[","]"
"1712","Tau Gamma Gamma","December 6, 1987","","","Active","","","",""
"1714","","July 29, 1988","","","Inactive, Reassigned","69","https://en.wikipedia.org/wiki/List_of_Omega_Psi_Phi_chapters#cite_note-:13-113","[","]"
"1715","Chi Gamma Gamma","July 29, 1988","Marietta, Georgia","https://en.wikipedia.org/wiki/Marietta,_Georgia","Active","","","",""
"1717","Omega Gamma Gamma","December 9, 1988","Warner Robins, Georgia","https://en.wikipedia.org/wiki/Warner_Robins,_Georgia","Active","","","",""
"1716","Psi Gamma Gamma","December 16, 1988","Columbus, Mississippi","https://en.wikipedia.org/wiki/Columbus,_Mississippi","Active","","","",""
"1718","Alpha Iota Iota","September 15, 1989","Plano, Texas","https://en.wikipedia.org/wiki/Plano,_Texas","Active","16","https://en.wikipedia.org/wiki/List_of_Omega_Psi_Phi_chapters#cite_note-:21-24","[","]"
"1719","Beta Iota Iota","December 9, 1989","Vineland, New Jersey","https://en.wikipedia.org/wiki/Vineland,_New_Jersey","Active","","","",""
"1720","Gamma Iota Iota","December 9, 1989","Dyersburg, Tennessee","https://en.wikipedia.org/wiki/Dyersburg,_Tennessee","Active","50","https://en.wikipedia.org/wiki/List_of_Omega_Psi_Phi_chapters#cite_note-:14-86","[","]"
"1721","Delta Iota Iota","December 9, 1989","Stockton, California","https://en.wikipedia.org/wiki/Stockton,_California","Active","17","https://en.wikipedia.org/wiki/List_of_Omega_Psi_Phi_chapters#cite_note-:27-25","[","]"
"1723","Zeta Iota Iota","July 20, 1990","","","Active","","","",""
"1722","Epsilon Iota Iota","August 2, 1990","Hamden, Connecticut","https://en.wikipedia.org/wiki/Hamden,_Connecticut","Active","","","",""
"1724","Eta Iota Iota","December 8, 1990","","","Active","42","https://en.wikipedia.org/wiki/List_of_Omega_Psi_Phi_chapters#cite_note-:28-74","[","]"
"1725","Theta Iota Iota","December 8, 1990","Meridian, Mississippi","https://en.wikipedia.org/wiki/Meridian,_Mississippi","Active","","","",""
"1726","Iota Iota Iota","December 8, 1990","","","Active","17","https://en.wikipedia.org/wiki/List_of_Omega_Psi_Phi_chapters#cite_note-:27-25","[","]"
"1320","Lambda Delta Delta","October 15, 1991","Aurora, Colorado","https://en.wikipedia.org/wiki/Aurora,_Colorado","Active","","","",""
"1728","Lambda Iota Iota","December 7, 1991","Bennettsville, South Carolina","https://en.wikipedia.org/wiki/Bennettsville,_South_Carolina","Active","","","",""
"1321","Mu Delta Delta","December 7, 1991","DeKalb, Illinois","https://en.wikipedia.org/wiki/DeKalb,_Illinois","Active","","","",""
"1729","Mu Iota Iota","December 7, 1991","","","Active","","","",""
"1731","Xi Iota Iota","December 7, 1991","Sidney, Ohio","https://en.wikipedia.org/wiki/Sidney,_Ohio","Active","20","https://en.wikipedia.org/wiki/List_of_Omega_Psi_Phi_chapters#cite_note-:16-31","[","]"
"1732","Omicron Iota Iota","May 29, 1992","Leavenworth County, Kansas","https://en.wikipedia.org/wiki/Leavenworth_County,_Kansas","Active","","","",""
"1733","Pi Iota Iota","May 29, 1992","","","Active","","","",""
"1734","Rho Iota Iota","August 7, 1992","Lakewood, California","https://en.wikipedia.org/wiki/Lakewood,_California","Active","17","https://en.wikipedia.org/wiki/List_of_Omega_Psi_Phi_chapters#cite_note-:27-25","[","]"
"1735","Sigma Iota Iota","August 7, 1992","Lancaster, California","https://en.wikipedia.org/wiki/Lancaster,_California","Active","17","https://en.wikipedia.org/wiki/List_of_Omega_Psi_Phi_chapters#cite_note-:27-25","[","]"
"1736","Tau Iota Iota","August 7, 1992","St. George, South Carolina","https://en.wikipedia.org/wiki/St._George,_South_Carolina","Active","","","",""
"1737","Upsilon Iota Iota","October 28, 1992","Paducah, Kentucky","https://en.wikipedia.org/wiki/Paducah,_Kentucky","Active","50","https://en.wikipedia.org/wiki/List_of_Omega_Psi_Phi_chapters#cite_note-:14-86","[","]"
"1738","Phi Iota Iota","December 31, 1992","LaPlace, Louisiana","https://en.wikipedia.org/wiki/LaPlace,_Louisiana","Active","23","https://en.wikipedia.org/wiki/List_of_Omega_Psi_Phi_chapters#cite_note-:18-36","[","]"
"1739","Chi Iota Iota","August 18, 1993","Fort Jackson","https://en.wikipedia.org/wiki/Fort_Jackson_(South_Carolina)","Active","","","",""
"","","","Columbia, South Carolina","https://en.wikipedia.org/wiki/Columbia,_South_Carolina","","","","",""
"1740","Psi Iota Iota","April 10, 1994","Shalimar, Florida","https://en.wikipedia.org/wiki/Shalimar,_Florida","Active","","","",""
"1742","Alpha Kappa Kappa","July 23, 1994","Gary, Indiana","https://en.wikipedia.org/wiki/Gary,_Indiana","Active","27","https://en.wikipedia.org/wiki/List_of_Omega_Psi_Phi_chapters#cite_note-:23-41","[","]"
"1743","Beta Kappa Kappa","July 23, 1994","High Point, North Carolina","https://en.wikipedia.org/wiki/High_Point,_North_Carolina","Active","","","",""
"1744","Gamma Kappa Kappa","July 23, 1994","Gaffney, South Carolina","https://en.wikipedia.org/wiki/Gaffney,_South_Carolina","Active","","","",""
"1765","Omega Iota Iota","July 23, 1994","Montgomery, Alabama","https://en.wikipedia.org/wiki/Montgomery,_Alabama","Active","","","",""
"1009","Iota (Third)","February 12, 1995","","","Active","2","https://en.wikipedia.org/wiki/List_of_Omega_Psi_Phi_chapters#cite_note-:10-2","[","]"
"1745","Delta Kappa Kappa","July 12, 1995","Hot Springs, Arkansas","https://en.wikipedia.org/wiki/Hot_Springs,_Arkansas","Active","26","https://en.wikipedia.org/wiki/List_of_Omega_Psi_Phi_chapters#cite_note-:17-40","[","]"
"1746","Epsilon Kappa Kappa","July 12, 1995","Canton, Mississippi","https://en.wikipedia.org/wiki/Canton,_Mississippi","Active","","","",""
"1747","Zeta Kappa Kappa","July 12, 1995","Beachwood, Ohio","https://en.wikipedia.org/wiki/Beachwood,_Ohio","Active","20","https://en.wikipedia.org/wiki/List_of_Omega_Psi_Phi_chapters#cite_note-:16-31","[","]"
"1748","Eta Kappa Kappa","August 3, 1995","Lufkin, Texas","https://en.wikipedia.org/wiki/Lufkin,_Texas","Active","16","https://en.wikipedia.org/wiki/List_of_Omega_Psi_Phi_chapters#cite_note-:21-24","[","]"
"1749","Theta Kappa Kappa","August 19, 1995","Evanston, Illinois","https://en.wikipedia.org/wiki/Evanston,_Illinois","Active","21","https://en.wikipedia.org/wiki/List_of_Omega_Psi_Phi_chapters#cite_note-:22-33","[","]"
"1363","Grand","December 1, 1995","Decatur, Georgia","https://en.wikipedia.org/wiki/Decatur,_Georgia","Active","","","",""
"1750","Iota Kappa Kappa","December 7, 1995","Daytona Beach, Florida","https://en.wikipedia.org/wiki/Daytona_Beach,_Florida","Active","","","",""
"1727","Kappa Iota Iota","December 7, 1995","Fort Eustis","https://en.wikipedia.org/wiki/Fort_Eustis","Active","5","https://en.wikipedia.org/wiki/List_of_Omega_Psi_Phi_chapters#cite_note-:15-5","[","]"
"1751","Kappa Kappa Kappa","December 7, 1995","Statesboro, Georgia","https://en.wikipedia.org/wiki/Statesboro,_Georgia","Active","","","",""
"1826","Xi Mu Nu","December 7, 1995","Statesboro, Georgia","https://en.wikipedia.org/wiki/Statesboro,_Georgia","Active","","","",""
"1752","Lambda Kappa Kappa","December 7, 1995","Baton Rouge, Louisiana","https://en.wikipedia.org/wiki/Baton_Rouge,_Louisiana","Active","23","https://en.wikipedia.org/wiki/List_of_Omega_Psi_Phi_chapters#cite_note-:18-36","[","]"
"1754","Nu Kappa Kappa","August 2, 1996","Green Bay, Wisconsin","https://en.wikipedia.org/wiki/Green_Bay,_Wisconsin","Active","","","",""
"1755","Xi Kappa Kappa","December 14, 1996","Yazoo City, Mississippi","https://en.wikipedia.org/wiki/Yazoo_City,_Mississippi","Active","","","",""
"1756","Omicron Kappa Kappa","December 14, 1996","Herndon, Virginia","https://en.wikipedia.org/wiki/Herndon,_Virginia","Active","5","https://en.wikipedia.org/wiki/List_of_Omega_Psi_Phi_chapters#cite_note-:15-5","[","]"
"","","","Reston, Virginia","https://en.wikipedia.org/wiki/Reston,_Virginia","","","","",""
"","","","Fairfax County, Virginia","https://en.wikipedia.org/wiki/Fairfax_County,_Virginia","","","","",""
"1757","Pi Kappa Kappa","April 17, 1997","Sicklerville, New Jersey","https://en.wikipedia.org/wiki/Sicklerville,_New_Jersey","Active","","","",""
"1758","Rho Kappa Kappa","May 17, 1997","Lebanon, Tennessee","https://en.wikipedia.org/wiki/Lebanon,_Tennessee","Active","50","https://en.wikipedia.org/wiki/List_of_Omega_Psi_Phi_chapters#cite_note-:14-86","[","]"
"1753","Mu Kappa Kappa","October 1, 1997","","","Active","17","https://en.wikipedia.org/wiki/List_of_Omega_Psi_Phi_chapters#cite_note-:27-25","[","]"
"1568","Upsilon Rho","October 1, 1997","Lafayette, Louisiana","https://en.wikipedia.org/wiki/Lafayette,_Louisiana","Active","23","https://en.wikipedia.org/wiki/List_of_Omega_Psi_Phi_chapters#cite_note-:18-36","[","]"
"1759","Sigma Kappa Kappa","May 14, 1998","Chesapeake, Virginia","https://en.wikipedia.org/wiki/Chesapeake,_Virginia","Active","5","https://en.wikipedia.org/wiki/List_of_Omega_Psi_Phi_chapters#cite_note-:15-5","[","]"
"1760","Tau Kappa Kappa","July 11, 1998","Southfield, Michigan","https://en.wikipedia.org/wiki/Southfield,_Michigan","Active","71","https://en.wikipedia.org/wiki/List_of_Omega_Psi_Phi_chapters#cite_note-115","[","]"
"1761","Upsilon Kappa Kappa","July 11, 1998","Lafayette, Indiana","https://en.wikipedia.org/wiki/Lafayette,_Indiana","Active","27","https://en.wikipedia.org/wiki/List_of_Omega_Psi_Phi_chapters#cite_note-:23-41","[","]"
"1762","Phi Kappa Kappa","December 5, 1998","East Point, Georgia","https://en.wikipedia.org/wiki/East_Point,_Georgia","Active","","","",""
"1763","Chi Kappa Kappa","December 5, 1998","Bogalusa, Louisiana","https://en.wikipedia.org/wiki/Bogalusa,_Louisiana","Active","23","https://en.wikipedia.org/wiki/List_of_Omega_Psi_Phi_chapters#cite_note-:18-36","[","]"
"1187","Chi Delta (Second)","January 16, 2020","College Park, Maryland","https://en.wikipedia.org/wiki/College_Park,_Maryland","Active","m","https://en.wikipedia.org/wiki/List_of_Omega_Psi_Phi_chapters#cite_note-116","[","]"
"1766","Alpha Lambda Lambda","October 19, 2000","Frederick, Maryland","https://en.wikipedia.org/wiki/Frederick,_Maryland","Active","","","",""
"1767","Beta Lambda Lambda","December 6, 2000","Lawrenceville, Georgia","https://en.wikipedia.org/wiki/Lawrenceville,_Georgia","Active","","","",""
"1769","Delta Lambda Lambda","May 29, 2001","Burlington, North Carolina","https://en.wikipedia.org/wiki/Burlington,_North_Carolina","Active","","","",""
"1768","Gamma Lambda Lambda","July 27, 2001","Houma, Louisiana","https://en.wikipedia.org/wiki/Houma,_Louisiana","Active","23","https://en.wikipedia.org/wiki/List_of_Omega_Psi_Phi_chapters#cite_note-:18-36","[","]"
"1771","Zeta Lambda Lambda","October 1, 2001","Hamilton, Bermuda","https://en.wikipedia.org/wiki/Hamilton,_Bermuda","Active","","","",""
"1772","Eta Lambda Lambda","November 12, 2001","Red Oak, Texas","https://en.wikipedia.org/wiki/Red_Oak,_Texas","Active","16","https://en.wikipedia.org/wiki/List_of_Omega_Psi_Phi_chapters#cite_note-:21-24","[","]"
"1770","Epsilon Lambda Lambda","December 1, 2001","Opelousas, Louisiana","https://en.wikipedia.org/wiki/Opelousas,_Louisiana","Active","23","https://en.wikipedia.org/wiki/List_of_Omega_Psi_Phi_chapters#cite_note-:18-36","[","]"
"1773","Theta Lambda Lambda","January 9, 2002","Peachtree City, Georgia","https://en.wikipedia.org/wiki/Peachtree_City,_Georgia","Active","","","",""
"1774","Iota Lambda Lambda","March 27, 2002","State College, Pennsylvania","https://en.wikipedia.org/wiki/State_College,_Pennsylvania","Active","","","",""
"1775","Kappa Lambda Lambda","August 9, 2002","Freeport, Bahamas","https://en.wikipedia.org/wiki/Freeport,_Bahamas","Active","42","https://en.wikipedia.org/wiki/List_of_Omega_Psi_Phi_chapters#cite_note-:28-74","[","]"
"1776","Lambda Lambda Lambda","October 15, 2002","Americus, Georgia","https://en.wikipedia.org/wiki/Americus,_Georgia","Active","","","",""
"1777","Mu Lambda Lambda","November 6, 2002","Tunica, Mississippi","https://en.wikipedia.org/wiki/Tunica,_Mississippi","Active","","","",""
"1778","Nu Lambda Lambda","January 4, 2003","Jersey City, New Jersey","https://en.wikipedia.org/wiki/Jersey_City,_New_Jersey","Active","","","",""
"1779","Xi Lambda Lambda","September 25, 2003","Nanuet, New York","https://en.wikipedia.org/wiki/Nanuet,_New_York","Active","","","",""
"1780","Omicron Lambda Lambda","January 22, 2004","Little Rock, Arkansas","https://en.wikipedia.org/wiki/Little_Rock,_Arkansas","Active","26","https://en.wikipedia.org/wiki/List_of_Omega_Psi_Phi_chapters#cite_note-:17-40","[","]"
"1782","Rho Lambda Lambda","January 22, 2004","Newark, New Jersey","https://en.wikipedia.org/wiki/Newark,_New_Jersey","Active","","","",""
"","","","Orange, New Jersey","https://en.wikipedia.org/wiki/Orange,_New_Jersey","","","","",""
"1781","Pi Lambda Lambda","January 24, 2004","Dumfries, Virginia","https://en.wikipedia.org/wiki/Dumfries,_Virginia","Active","5","https://en.wikipedia.org/wiki/List_of_Omega_Psi_Phi_chapters#cite_note-:15-5","[","]"
"1782","Sigma Lambda Lambda","May 28, 2004","Memphis, Tennessee","https://en.wikipedia.org/wiki/Memphis,_Tennessee","Active","50","https://en.wikipedia.org/wiki/List_of_Omega_Psi_Phi_chapters#cite_note-:14-86","[","]"
"1784","Tau Lambda Lambda","June 11, 2004","Waldorf, Maryland","https://en.wikipedia.org/wiki/Waldorf,_Maryland","Active","","","",""
"1785","Upsilon Lambda Lambda","July 22, 2004","Tokyo","https://en.wikipedia.org/wiki/Tokyo","Active","42","https://en.wikipedia.org/wiki/List_of_Omega_Psi_Phi_chapters#cite_note-:28-74","[","]"
"1786","Phi Lambda Lambda","September 10, 2004","Jacksonville, North Carolina","https://en.wikipedia.org/wiki/Jacksonville,_North_Carolina","Active","","","",""
"1787","Chi Lambda Lambda","December 7, 2004","Matteson, Illinois","https://en.wikipedia.org/wiki/Matteson,_Illinois","Active","21","https://en.wikipedia.org/wiki/List_of_Omega_Psi_Phi_chapters#cite_note-:22-33","[","]"
"1788","Psi Lambda Lambda","January 20, 2005","","","Active","","","",""
"1789","Omega Lambda Lambda","January 20, 2005","Madison, Tennessee","https://en.wikipedia.org/wiki/Madison,_Tennessee","Active","50","https://en.wikipedia.org/wiki/List_of_Omega_Psi_Phi_chapters#cite_note-:14-86","[","]"
"1764","Psi Kappa Kappa","August 19, 2005","Madison, Alabama","https://en.wikipedia.org/wiki/Madison,_Alabama","Active","","","",""
"1790","","July 21, 2006","","","Inactive","16","https://en.wikipedia.org/wiki/List_of_Omega_Psi_Phi_chapters#cite_note-:21-24","[","]"
"1791","Beta Mu Mu","January 26, 2007","","","Active","17","https://en.wikipedia.org/wiki/List_of_Omega_Psi_Phi_chapters#cite_note-:27-25","[","]"
"1792","","February 25, 2008","Stillwater, Oklahoma","https://en.wikipedia.org/wiki/Stillwater,_Oklahoma","Inactive","22","https://en.wikipedia.org/wiki/List_of_Omega_Psi_Phi_chapters#cite_note-:20-35","[","]"
"1795","Zeta Mu Mu","March 14, 2008","Williamsburg, Virginia","https://en.wikipedia.org/wiki/Williamsburg,_Virginia","Active","5","https://en.wikipedia.org/wiki/List_of_Omega_Psi_Phi_chapters#cite_note-:15-5","[","]"
"1794","Epsilon Mu Mu","March 15, 2008","MacDill Air Force Base","https://en.wikipedia.org/wiki/MacDill_Air_Force_Base","Active","","","",""
"1344","Alpha Delta Xi","June 6, 2008","","","Active","42","https://en.wikipedia.org/wiki/List_of_Omega_Psi_Phi_chapters#cite_note-:28-74","[","]"
"1796","Eta Mu Mu","July 18, 2008","Denton, Texas","https://en.wikipedia.org/wiki/Denton,_Texas","Active","16","https://en.wikipedia.org/wiki/List_of_Omega_Psi_Phi_chapters#cite_note-:21-24","[","]"
"1797","Theta Mu Mu","September 26, 2008","Baltimore County, Maryland","https://en.wikipedia.org/wiki/Baltimore_County,_Maryland","Active","","","",""
"1798","Iota Mu Mu","November 1, 2008","Landover, Maryland","https://en.wikipedia.org/wiki/Landover,_Maryland","Active","","","",""
"1793","Delta Mu Mu","March 15, 2009","","","Active","","","",""
"1799","Kappa Mu Mu","March 27, 2009","Greenville, Mississippi","https://en.wikipedia.org/wiki/Greenville,_Mississippi","Active","","","",""
"1800","Lambda Mu Mu","February 6, 2010","Toronto","https://en.wikipedia.org/wiki/Toronto","Active","42","https://en.wikipedia.org/wiki/List_of_Omega_Psi_Phi_chapters#cite_note-:28-74","[","]"
"1765","Omega Kappa Kappa","March 22, 2010","Georgia","https://en.wikipedia.org/wiki/Georgia_(U.S._state)","Active","","","",""
"1801","Mu Mu Mu","May 6, 2010","Douglasville, Georgia","https://en.wikipedia.org/wiki/Douglasville,_Georgia","Active","","","",""
"1802","Nu Mu Mu","May 6, 2010","Olive Branch, Mississippi","https://en.wikipedia.org/wiki/Olive_Branch,_Mississippi","Active","27","https://en.wikipedia.org/wiki/List_of_Omega_Psi_Phi_chapters#cite_note-:23-41","[","]"
"1803","Xi Mu Mu","September 1, 2011","Cary, North Carolina","https://en.wikipedia.org/wiki/Cary,_North_Carolina","Active","","","",""
"1804","Sigma Mu Mu","September 1, 2011","Ashburn, Virginia","https://en.wikipedia.org/wiki/Ashburn,_Virginia","Active","5","https://en.wikipedia.org/wiki/List_of_Omega_Psi_Phi_chapters#cite_note-:15-5","[","]"
"1806","Omicron Mu Mu","September 6, 2011","Lansing, Illinois","https://en.wikipedia.org/wiki/Lansing,_Illinois","Active","21","https://en.wikipedia.org/wiki/List_of_Omega_Psi_Phi_chapters#cite_note-:22-33","[","]"
"1805","Pi Mu Mu","September 6, 2011","Yeadon, Pennsylvania","https://en.wikipedia.org/wiki/Yeadon,_Pennsylvania","Active","","","",""
"1807","Rho Mu Mu","September 6, 2011","","","Active","2","https://en.wikipedia.org/wiki/List_of_Omega_Psi_Phi_chapters#cite_note-:10-2","[","]"
"1808","Tau Mu Mu","November 16, 2011","Rome, Georgia","https://en.wikipedia.org/wiki/Rome,_Georgia","Active","","","",""
"1809","Phi Mu Mu","November 16, 2011","Conway, Arkansas","https://en.wikipedia.org/wiki/Conway,_Arkansas","Active","26","https://en.wikipedia.org/wiki/List_of_Omega_Psi_Phi_chapters#cite_note-:17-40","[","]"
"1810","Chi Mu Mu","April 17, 2012","Birmingham","https://en.wikipedia.org/wiki/Birmingham","Active","75","https://en.wikipedia.org/wiki/List_of_Omega_Psi_Phi_chapters#cite_note-120","[","]"
"1811","Psi Mu Mu","July 5, 2012","Olive Branch, Mississippi","https://en.wikipedia.org/wiki/Olive_Branch,_Mississippi","Active","","","",""
"1812","Omega Mu Mu","July 5, 2012","Tupelo, Mississippi","https://en.wikipedia.org/wiki/Tupelo,_Mississippi","Active","","","",""
"1814","Beta Mu Nu","August 29, 2013","Calera, Alabama","https://en.wikipedia.org/wiki/Calera,_Alabama","Active","","","",""
"1815","Gamma Mu Nu","October 9, 2013","Middletown, Delaware","https://en.wikipedia.org/wiki/Middletown,_Delaware","Active","","","",""
"1813","Alpha Mu Nu","January 14, 2014","Pocono Mountains","https://en.wikipedia.org/wiki/Pocono_Mountains","Active","","","",""
"1816","Delta Mu Nu","January 18, 2014","McComb, Mississippi","https://en.wikipedia.org/wiki/McComb,_Mississippi","Active","","","",""
"1817","Epsilon Mu Nu","April 24, 2014","Minot, North Dakota","https://en.wikipedia.org/wiki/Minot,_North_Dakota","Active","","","",""
"1818","Zeta Mu Nu","September 26, 2014","Jonesboro, Georgia","https://en.wikipedia.org/wiki/Jonesboro,_Georgia","Active","","","",""
"1819","Eta Mu Nu","September 26, 2014","","","Active","","","",""
"1820","Theta Mu Nu","January 23, 2015","","","Active","","","",""
"1821","Iota Mu Nu","January 23, 2015","","","Active","","","",""
"1355","Alpha Delta Alpha","January 21, 2016","Savannah, Georgia","https://en.wikipedia.org/wiki/Savannah,_Georgia","Active","","","",""
"1822","Kappa Mu Nu","January 21, 2016","North Sioux City, South Dakota","https://en.wikipedia.org/wiki/North_Sioux_City,_South_Dakota","Active","","","",""
"1823","Lambda Mu Nu","July 28, 2016","Phenix City, Alabama","https://en.wikipedia.org/wiki/Phenix_City,_Alabama","Active","","","",""
"1824","Mu Mu Nu","July 28, 2016","Spring, Texas","https://en.wikipedia.org/wiki/Spring,_Texas","Active","16","https://en.wikipedia.org/wiki/List_of_Omega_Psi_Phi_chapters#cite_note-:21-24","[","]"
"1828","Pi Mu Nu","September 20, 2016","Fort Valley, Georgia","https://en.wikipedia.org/wiki/Fort_Valley,_Georgia","Active","","","",""
"1825","Nu Mu Nu","November 1, 2016","Kokomo, Indiana","https://en.wikipedia.org/wiki/Kokomo,_Indiana","Active","","","",""
"1827","Omicron Mu Nu","January 19, 2017","West Chester, Pennsylvania","https://en.wikipedia.org/wiki/West_Chester,_Pennsylvania","Active","","","",""
"1832","Upsilon Mu Nu","September 17, 2017","Troy, Alabama","https://en.wikipedia.org/wiki/Troy,_Alabama","Active","","","",""
"1830","Sigma Mu Nu","September 22, 2017","","","Active","","","",""
"1300","Omicron Mu (Second)","December 8, 2017","","","Active","17","https://en.wikipedia.org/wiki/List_of_Omega_Psi_Phi_chapters#cite_note-:27-25","[","]"
"1105","Mu Gamma (Second)","January 2018","","","Active","16","https://en.wikipedia.org/wiki/List_of_Omega_Psi_Phi_chapters#cite_note-:21-24","[","]"
"1829","Rho Mu Nu","January 20, 2018","Canton, Michigan","https://en.wikipedia.org/wiki/Canton,_Michigan","Active","13","https://en.wikipedia.org/wiki/List_of_Omega_Psi_Phi_chapters#cite_note-:26-19","[","]"
"1357","Alpha Delta Gamma","January 20, 2018","Aberdeen Proving Ground","https://en.wikipedia.org/wiki/Aberdeen_Proving_Ground","Active","","","",""
"1831","Tau Mu Nu","January 20, 2018","Shelby Township, Michigan","https://en.wikipedia.org/wiki/Shelby_Township,_Michigan","Active","","","",""
"1714","Phi Gamma Gamma (Second)","March 31, 2018","Kaiserslautern","https://en.wikipedia.org/wiki/Kaiserslautern","Active","42","https://en.wikipedia.org/wiki/List_of_Omega_Psi_Phi_chapters#cite_note-:28-74","[","]"
"1833","Phi Mu Nu","June 26, 2018","Fishers, Indiana","https://en.wikipedia.org/wiki/Fishers,_Indiana","Active","27","https://en.wikipedia.org/wiki/List_of_Omega_Psi_Phi_chapters#cite_note-:23-41","[","]"
"206522","Omega Mu Nu","November 15, 2018","Lake Elsinore, California","https://en.wikipedia.org/wiki/Lake_Elsinore,_California","Active","17","https://en.wikipedia.org/wiki/List_of_Omega_Psi_Phi_chapters#cite_note-:27-25","[","]"
"206523","Alpha Nu Nu","November 15, 2018","Reno, Nevada","https://en.wikipedia.org/wiki/Reno,_Nevada","Active","17","https://en.wikipedia.org/wiki/List_of_Omega_Psi_Phi_chapters#cite_note-:27-25","[","]"
"220893","Chi Mu Nu","December 1, 2018","Shanghai","https://en.wikipedia.org/wiki/Shanghai","Active","78","https://en.wikipedia.org/wiki/List_of_Omega_Psi_Phi_chapters#cite_note-123","[","]"
"220894","Psi Mu Nu","January 24, 2019","Middleburg, Florida","https://en.wikipedia.org/wiki/Middleburg,_Florida","Active","","","",""
"1838","Beta Nu Nu","March 22, 2019","Tijuana","https://en.wikipedia.org/wiki/Tijuana","Active","79","https://en.wikipedia.org/wiki/List_of_Omega_Psi_Phi_chapters#cite_note-124","[","]"
"1362","Alpha Epsilon Epsilon","June 19, 2019","Pensacola, Florida","https://en.wikipedia.org/wiki/Pensacola,_Florida","Active","","","",""
"1569","Phi Rho","June 30, 2019","Hattiesburg, Mississippi","https://en.wikipedia.org/wiki/Hattiesburg,_Mississippi","Active","","","",""
"1839","Gamma Nu Nu","July 11, 2019","Columbus, New Jersey","https://en.wikipedia.org/wiki/Columbus,_New_Jersey","Active","","","",""
"1730","Nu Iota Iota","September 25, 2019","Auburn, Alabama","https://en.wikipedia.org/wiki/Auburn,_Alabama","Active","","","",""
"1840","Delta Nu Nu","December 9, 2019","United Arab Emirates","https://en.wikipedia.org/wiki/United_Arab_Emirates","Active","42","https://en.wikipedia.org/wiki/List_of_Omega_Psi_Phi_chapters#cite_note-:28-74","[","]"
"207852","Epsilon Nu Nu","July 17, 2020","Mount Pleasant, South Carolina","https://en.wikipedia.org/wiki/Mount_Pleasant,_South_Carolina","Active","","","",""
"208849","Zeta Nu Nu","August 31, 2020","","","Active","","","",""
"208869","Eta Nu Nu","November 19, 2020","Columbus, Ohio","https://en.wikipedia.org/wiki/Columbus,_Ohio","Active","20","https://en.wikipedia.org/wiki/List_of_Omega_Psi_Phi_chapters#cite_note-:16-31","[","]"
"211439","Theta Nu Nu","November 19, 2020","Lincoln, Pennsylvania","https://en.wikipedia.org/wiki/Lincoln,_Pennsylvania","Active","","","",""
"211504","Iota Nu Nu","February 1, 2021","Greenville, North Carolina","https://en.wikipedia.org/wiki/Greenville,_North_Carolina","Active","","","",""
"1244","Eta Kappa (Second)","April 26, 2021","Lancaster, Pennsylvania","https://en.wikipedia.org/wiki/Lancaster,_Pennsylvania","Active","","","",""
"211496","Lambda Nu Nu","April 28, 2021","Frostburg, Maryland","https://en.wikipedia.org/wiki/Frostburg,_Maryland","Active","","","",""
"211495","Kappa Nu Nu","April 29, 2021","Sparta, New Jersey","https://en.wikipedia.org/wiki/Sparta,_New_Jersey","Active","","","",""
"211480","Mu Nu Nu","April 29, 2021","Kechi, Kansas","https://en.wikipedia.org/wiki/Kechi,_Kansas","Active","","","",""
"211549","Nu Nu Nu","June 24, 2021","","","Active","42","https://en.wikipedia.org/wiki/List_of_Omega_Psi_Phi_chapters#cite_note-:28-74","[","]"
"211551","Alpha Epsilon Eta","June 24, 2021","Conway, South Carolina","https://en.wikipedia.org/wiki/Conway,_South_Carolina","Active","","","",""
"213093","Xi Nu Nu","December 15, 2021","Litchfield Park, Arizona","https://en.wikipedia.org/wiki/Litchfield_Park,_Arizona","Active","17","https://en.wikipedia.org/wiki/List_of_Omega_Psi_Phi_chapters#cite_note-:27-25","[","]"
"213098","Omicron Nu Nu","December 15, 2021","Round Rock, Texas","https://en.wikipedia.org/wiki/Round_Rock,_Texas","Active","16","https://en.wikipedia.org/wiki/List_of_Omega_Psi_Phi_chapters#cite_note-:21-24","[","]"
"213227","Pi Nu Nu","January 29, 2022","Covington, Georgia","https://en.wikipedia.org/wiki/Covington,_Georgia","Active","80","https://en.wikipedia.org/wiki/List_of_Omega_Psi_Phi_chapters#cite_note-125","[","]"
"215281","Rho Nu Nu","July 21, 2022","Chula Vista, California","https://en.wikipedia.org/wiki/Chula_Vista,_California","Active","17","https://en.wikipedia.org/wiki/List_of_Omega_Psi_Phi_chapters#cite_note-:27-25","[","]"
"217443","Sigma Nu Nu","January 26, 2023","Fairhope, Alabama","https://en.wikipedia.org/wiki/Fairhope,_Alabama","Active","","","",""
"217505","Tau Nu Nu","March 9, 2023","Palm Springs, California","https://en.wikipedia.org/wiki/Palm_Springs,_California","Active","17","https://en.wikipedia.org/wiki/List_of_Omega_Psi_Phi_chapters#cite_note-:27-25","[","]"
"220420","Upsilon Nu Nu","October 17, 2023","Newberry, South Carolina","https://en.wikipedia.org/wiki/Newberry,_South_Carolina","Active","","","",""
"220893","Chi Nu Nu","December 12, 2023","Lexington Park, Maryland","https://en.wikipedia.org/wiki/Lexington_Park,_Maryland","Active","","","",""
"220894","Psi Nu Nu","December 12, 2023","Dover, Delaware","https://en.wikipedia.org/wiki/Dover,_Delaware","Active","","","",""
"220859","Phi Nu Nu","December 13, 2023","Prince Frederick, Maryland","https://en.wikipedia.org/wiki/Prince_Frederick,_Maryland","Active","","","",""
"222342","Gamma Xi Nu","February 1, 2024","Madera, California","https://en.wikipedia.org/wiki/Madera,_California","Active","","","",""
"223133","Delta Xi Nu","April 9, 2024","Union County, North Carolina","https://en.wikipedia.org/wiki/Union_County,_North_Carolina","Active","","","",""
"223136","Zeta Xi Nu","April 9, 2024","Lagos","https://en.wikipedia.org/wiki/Lagos","Active","42","https://en.wikipedia.org/wiki/List_of_Omega_Psi_Phi_chapters#cite_note-:28-74","[","]"
"223137","Alpha Epsilon Theta","April 9, 2024","","","Active","","","",""
"223175","Eta Xi Nu","June 13, 2024","Universal City, Texas","https://en.wikipedia.org/wiki/Universal_City,_Texas","Active","","","",""
"226790","Mu Xi Nu","April 22, 2025","Tappahannock, Virginia","https://en.wikipedia.org/wiki/Tappahannock,_Virginia","Active","5","https://en.wikipedia.org/wiki/List_of_Omega_Psi_Phi_chapters#cite_note-:15-5","[","]"
"224391","Alpha Epsilon Nu","September 25, 2024","Corvallis, Oregon","https://en.wikipedia.org/wiki/Corvallis,_Oregon","Active","","","",""
"226789","Alpha Epsilon Xi","April 22, 2025","Chester, Pennsylvania","https://en.wikipedia.org/wiki/Chester,_Pennsylvania","Active","","","",""
"226788","Alpha Epsilon Omicron","April 22, 2025","","","Active","","","",""
"1005","Epsilon (Second)","","","","Active","","","",""