"fn","vcard","vcard 2","vcard href","mw-redirect","mw-redirect href","category","reference","reference href","cite-bracket","cite-bracket 2"
"Alpha Alpha","1927","Wilberforce University","https://en.wikipedia.org/wiki/Wilberforce_University","Wilberforce, OH","https://en.wikipedia.org/wiki/Wilberforce,_OH","Active","","","",""
"Alpha Alpha Beta","1939","Chicago State University","https://en.wikipedia.org/wiki/Chicago_State_University","Chicago, IL","https://en.wikipedia.org/wiki/Chicago,_IL","Active","32","https://en.wikipedia.org/wiki/List_of_Phi_Beta_Sigma_chapters#cite_note-IllinoisSigmas-32","[","]"
"Alpha Alpha Kappa","1993","University of Northern Iowa","https://en.wikipedia.org/wiki/University_of_Northern_Iowa","Waterloo, IA","https://en.wikipedia.org/wiki/Waterloo,_IA","Inactive","","","",""
"Alpha Alpha Nu","March 22, 1993","Morehead State University","https://en.wikipedia.org/wiki/Morehead_State_University","Morehead, KY","https://en.wikipedia.org/wiki/Morehead,_KY","Inactive","","","",""
"Alpha Beta Kappa","April 24th, 2000","Miami University","https://en.wikipedia.org/wiki/Miami_University","Oxford, OH","https://en.wikipedia.org/wiki/Oxford,_OH","Active","","","",""
"Alpha Beta Mu","February 4, 2000","Wright State University","https://en.wikipedia.org/wiki/Wright_State_University","Dayton, OH","https://en.wikipedia.org/wiki/Dayton,_OH","Active","","","",""
"Alpha Beta Omicron","","","","Elmhurst, IL","https://en.wikipedia.org/wiki/Elmhurst,_IL","Inactive","32","https://en.wikipedia.org/wiki/List_of_Phi_Beta_Sigma_chapters#cite_note-IllinoisSigmas-32","[","]"
"Alpha Beta Rho","April 28, 2000","Northern Kentucky University","https://en.wikipedia.org/wiki/Northern_Kentucky_University","Highland Heights, KY","https://en.wikipedia.org/wiki/Highland_Heights,_KY","Active","","","",""
"Alpha Epsilon Alpha","April 15, 1995","Indianapolis Citywide","","Indianapolis, IN","https://en.wikipedia.org/wiki/Indianapolis,_IN","Active","33","https://en.wikipedia.org/wiki/List_of_Phi_Beta_Sigma_chapters#cite_note-33","[","]"
"Alpha Rho Alpha","","Indiana University Northwest","https://en.wikipedia.org/wiki/Indiana_University_Northwest","Gary, IN","https://en.wikipedia.org/wiki/Gary,_IN","Inactive","","","",""
"Beta Beta Xi","2005","","","Louisville, KY","https://en.wikipedia.org/wiki/Louisville,_KY","Active","","","",""
"Beta Nu","1947","Cleveland State University","https://en.wikipedia.org/wiki/Cleveland_State_University","Cleveland, OH","https://en.wikipedia.org/wiki/Cleveland,_OH","Active","","","",""
"Gamma Alpha Iota","2009","Xavier University","https://en.wikipedia.org/wiki/Xavier_University","Cincinnati, OH","https://en.wikipedia.org/wiki/Cincinnati,_OH","Active","","","",""
"Gamma Alpha Omicron","2010","Winona State University","https://en.wikipedia.org/wiki/Winona_State_University","Winona, MN","https://en.wikipedia.org/wiki/Winona,_MN","Active","","","",""
"Gamma Eta Gamma","2015","Quincy University","https://en.wikipedia.org/wiki/Quincy_University","Quincy, IL","https://en.wikipedia.org/wiki/Quincy,_IL","Active","","","",""
"Gamma Iota","November 7, 1950","Wayne State University","https://en.wikipedia.org/wiki/Wayne_State_University","Detroit, MI","https://en.wikipedia.org/wiki/Detroit,_MI","Active","","","",""
"Gamma Mu Gamma","May 19, 2016","Lindenwood University – Belleville","https://en.wikipedia.org/wiki/Lindenwood_University_%E2%80%93_Belleville","Belleville, IL","https://en.wikipedia.org/wiki/Belleville,_IL","Active","","","",""
"Gamma Rho Eta","February 23, 2019","McKendree University","https://en.wikipedia.org/wiki/McKendree_University","Lebanon, IL","https://en.wikipedia.org/wiki/Lebanon,_IL","Active","","","",""
"Delta Kappa","1967","Michigan State University","https://en.wikipedia.org/wiki/Michigan_State_University","East Lansing, MI","https://en.wikipedia.org/wiki/East_Lansing,_MI","Active","","","",""
"Delta Omicron","1969","Ohio State University","https://en.wikipedia.org/wiki/Ohio_State_University","Columbus, OH","https://en.wikipedia.org/wiki/Columbus,_OH","Active","34","https://en.wikipedia.org/wiki/List_of_Phi_Beta_Sigma_chapters#cite_note-34","[","]"
"Delta Rho","April 17, 1970","University of Michigan","https://en.wikipedia.org/wiki/University_of_Michigan","Ann Arbor, MI","https://en.wikipedia.org/wiki/Ann_Arbor,_MI","Active","","","",""
"Delta Tau","1967","","","Carbondale, IL","https://en.wikipedia.org/wiki/Carbondale,_IL","Active","32","https://en.wikipedia.org/wiki/List_of_Phi_Beta_Sigma_chapters#cite_note-IllinoisSigmas-32","[","]"
"Delta Chi","1967","Eastern Illinois University","https://en.wikipedia.org/wiki/Eastern_Illinois_University","Charleston, IL","https://en.wikipedia.org/wiki/Charleston,_IL","Suspended","32","https://en.wikipedia.org/wiki/List_of_Phi_Beta_Sigma_chapters#cite_note-IllinoisSigmas-32","[","]"
"Epsilon Gamma","May 1, 1970","Northern Illinois University","https://en.wikipedia.org/wiki/Northern_Illinois_University","DeKalb, IL","https://en.wikipedia.org/wiki/DeKalb,_IL","Active","32","https://en.wikipedia.org/wiki/List_of_Phi_Beta_Sigma_chapters#cite_note-IllinoisSigmas-32","[","]"
"Epsilon Epsilon","1971","Kent State University","https://en.wikipedia.org/wiki/Kent_State_University","Kent, OH","https://en.wikipedia.org/wiki/Kent,_OH","Active","","","",""
"Epsilon Theta","1971","Western Kentucky University","https://en.wikipedia.org/wiki/Western_Kentucky_University","Bowling Green, KY","https://en.wikipedia.org/wiki/Bowling_Green,_KY","Active","37","https://en.wikipedia.org/wiki/List_of_Phi_Beta_Sigma_chapters#cite_note-37","[","]"
"Epsilon Iota","January 3, 1972","Indiana University","https://en.wikipedia.org/wiki/Indiana_University","Bloomington, IN","https://en.wikipedia.org/wiki/Bloomington,_IN","Active","38","https://en.wikipedia.org/wiki/List_of_Phi_Beta_Sigma_chapters#cite_note-IndianaSigmas-38","[","]"
"Epsilon Mu","1972","University of Michigan–Flint","https://en.wikipedia.org/wiki/University_of_Michigan%E2%80%93Flint","Flint, MI","https://en.wikipedia.org/wiki/Flint,_MI","Active","","","",""
"Epsilon Xi","May 19, 1972","","","Champaign, IL","https://en.wikipedia.org/wiki/Champaign,_IL","Active","32","https://en.wikipedia.org/wiki/List_of_Phi_Beta_Sigma_chapters#cite_note-IllinoisSigmas-32","[","]"
"Epsilon Omicron","1972","Ohio University","https://en.wikipedia.org/wiki/Ohio_University","Athens, OH","https://en.wikipedia.org/wiki/Athens,_OH","Active","39","https://en.wikipedia.org/wiki/List_of_Phi_Beta_Sigma_chapters#cite_note-EpsilonOmicron-39","[","]"
"Epsilon Pi","1972","","","Edwardsville, IL","https://en.wikipedia.org/wiki/Edwardsville,_IL","Active","32","https://en.wikipedia.org/wiki/List_of_Phi_Beta_Sigma_chapters#cite_note-IllinoisSigmas-32","[","]"
"Epsilon Phi","1973","Bowling Green State University","https://en.wikipedia.org/wiki/Bowling_Green_State_University","Bowling Green, OH","https://en.wikipedia.org/wiki/Bowling_Green,_OH","Active","","","",""
"Epsilon Chi","1973","Illinois State University","https://en.wikipedia.org/wiki/Illinois_State_University","Normal, IL","https://en.wikipedia.org/wiki/Normal,_IL","Active","32","https://en.wikipedia.org/wiki/List_of_Phi_Beta_Sigma_chapters#cite_note-IllinoisSigmas-32","[","]"
"Zeta Delta","1974","Western Michigan University","https://en.wikipedia.org/wiki/Western_Michigan_University","Kalamazoo, MI","https://en.wikipedia.org/wiki/Kalamazoo,_MI","Active","","","",""
"Zeta Epsilon","1973","Eastern Michigan University","https://en.wikipedia.org/wiki/Eastern_Michigan_University","Ypsilanti, MI","https://en.wikipedia.org/wiki/Ypsilanti,_MI","Active","","","",""
"Zeta Theta","April 6, 1974","Ferris State University","https://en.wikipedia.org/wiki/Ferris_State_University","Big Rapids, MI","https://en.wikipedia.org/wiki/Big_Rapids,_MI","Active","","","",""
"Zeta Mu","August 26, 1974","Bradley University","https://en.wikipedia.org/wiki/Bradley_University","Peoria, IL","https://en.wikipedia.org/wiki/Peoria,_IL","Active","32","https://en.wikipedia.org/wiki/List_of_Phi_Beta_Sigma_chapters#cite_note-IllinoisSigmas-32","[","]"
"Zeta Phi","January 18, 1975","Purdue University","https://en.wikipedia.org/wiki/Purdue_University","West Lafayette, IN","https://en.wikipedia.org/wiki/West_Lafayette,_IN","Active","","","",""
"Zeta Psi","January 18, 1975","Indiana State University","https://en.wikipedia.org/wiki/Indiana_State_University","Terre Haute, IN","https://en.wikipedia.org/wiki/Terre_Haute,_IN","Active","","","",""
"Theta Beta","January 28, 1974","","","Whitewater, WI","https://en.wikipedia.org/wiki/Whitewater,_WI","Active","","","",""
"Theta Epsilon","","Monmouth College","https://en.wikipedia.org/wiki/Monmouth_College","Monmouth, IL","https://en.wikipedia.org/wiki/Monmouth,_IL","Inactive","","","",""
"Theta Mu","1976","Milwaukee School of Engineering","https://en.wikipedia.org/wiki/Milwaukee_School_of_Engineering","Milwaukee, WI","https://en.wikipedia.org/wiki/Milwaukee,_WI","Active","","","",""
"Iota Alpha","1931","","","Chicago, IL","https://en.wikipedia.org/wiki/Chicago,_IL","Active","32","https://en.wikipedia.org/wiki/List_of_Phi_Beta_Sigma_chapters#cite_note-IllinoisSigmas-32","[","]"
"Iota Beta","September 17, 1977","University of Akron","https://en.wikipedia.org/wiki/University_of_Akron","Akron, OH","https://en.wikipedia.org/wiki/Akron,_OH","Active","","","",""
"Iota Delta","March 24, 1977","Eastern Kentucky University","https://en.wikipedia.org/wiki/Eastern_Kentucky_University","Richmond, KY","https://en.wikipedia.org/wiki/Richmond,_KY","Active","","","",""
"Iota Epsilon","May 18, 1977","Saginaw Valley State University","https://en.wikipedia.org/wiki/Saginaw_Valley_State_University","University Center, MI","https://en.wikipedia.org/wiki/University_Center,_MI","Active","","","",""
"Iota Eta","1978","Lewis University","https://en.wikipedia.org/wiki/Lewis_University","Romeoville, IL","https://en.wikipedia.org/wiki/Romeoville,_IL","Inactive","","","",""
"Iota Theta","1977","University of Dayton","https://en.wikipedia.org/wiki/University_of_Dayton","Dayton, OH","https://en.wikipedia.org/wiki/Dayton,_OH","Active","","","",""
"Iota Nu","1978","Northwestern University","https://en.wikipedia.org/wiki/Northwestern_University","Evanston, IL","https://en.wikipedia.org/wiki/Evanston,_IL","Inactive","32","https://en.wikipedia.org/wiki/List_of_Phi_Beta_Sigma_chapters#cite_note-IllinoisSigmas-32","[","]"
"Iota Chi","1978","Western Illinois University","https://en.wikipedia.org/wiki/Western_Illinois_University","Macomb, IL","https://en.wikipedia.org/wiki/Macomb,_IL","Suspended","32","https://en.wikipedia.org/wiki/List_of_Phi_Beta_Sigma_chapters#cite_note-IllinoisSigmas-32","[","]"
"Kappa Gamma","1978","Iowa State University","https://en.wikipedia.org/wiki/Iowa_State_University","Ames, IA","https://en.wikipedia.org/wiki/Ames,_IA","Active","","","",""
"Kappa Theta","1978","Northwood University","https://en.wikipedia.org/wiki/Northwood_University","Midland, MI","https://en.wikipedia.org/wiki/Midland,_MI","Active","","","",""
"Kappa Pi","1979","University of Evansville","https://en.wikipedia.org/wiki/University_of_Evansville","Evansville, IN","https://en.wikipedia.org/wiki/Evansville,_IN","Active","","","",""
"Kappa Rho","May 23, 1979","University of Wisconsin–Madison","https://en.wikipedia.org/wiki/University_of_Wisconsin%E2%80%93Madison","Madison, WI","https://en.wikipedia.org/wiki/Madison,_WI","Active","","","",""
"Kappa Psi","May 5, 1979","","","Iowa City, IA","https://en.wikipedia.org/wiki/Iowa_City,_IA","Active","","","",""
"Lambda Beta","1979","Ball State University","https://en.wikipedia.org/wiki/Ball_State_University","Muncie, IN","https://en.wikipedia.org/wiki/Muncie,_IN","Active","","","",""
"Lambda Gamma","May 18, 1979","Central Michigan University","https://en.wikipedia.org/wiki/Central_Michigan_University","Mount Pleasant, MI","https://en.wikipedia.org/wiki/Mount_Pleasant,_MI","Active","","","",""
"Lambda Delta","1979","University of Wisconsin–La Crosse","https://en.wikipedia.org/wiki/University_of_Wisconsin%E2%80%93La_Crosse","La Crosse, WI","https://en.wikipedia.org/wiki/La_Crosse,_WI","Active","","","",""
"Lambda Epsilon","1979","University of Toledo","https://en.wikipedia.org/wiki/University_of_Toledo","Toledo, OH","https://en.wikipedia.org/wiki/Toledo,_OH","Active","","","",""
"Lambda Theta","1978","University of Cincinnati","https://en.wikipedia.org/wiki/University_of_Cincinnati","Cincinnati, OH","https://en.wikipedia.org/wiki/Cincinnati,_OH","Active","","","",""
"Lambda Omicron","","Illinois Wesleyan University","https://en.wikipedia.org/wiki/Illinois_Wesleyan_University","Bloomington, IL","https://en.wikipedia.org/wiki/Bloomington,_IL","Inactive","","","",""
"Mu Eta","1981","University of Illinois Springfield","https://en.wikipedia.org/wiki/University_of_Illinois_Springfield","Springfield, IL","https://en.wikipedia.org/wiki/Springfield,_IL","Active","","","",""
"Mu Theta","September 16, 1980","University of Kentucky","https://en.wikipedia.org/wiki/University_of_Kentucky","Lexington, KY","https://en.wikipedia.org/wiki/Lexington,_KY","Active","","","",""
"Nu","1945","Central State University","https://en.wikipedia.org/wiki/Central_State_University","Wilberforce, OH","https://en.wikipedia.org/wiki/Wilberforce,_OH","Active","","","",""
"Nu Gamma","April 24, 1981","Grand Valley State University","https://en.wikipedia.org/wiki/Grand_Valley_State_University","Allendale, MI","https://en.wikipedia.org/wiki/Allendale,_MI","Active","","","",""
"Nu Nu","April 5, 1981","Lawrence Technological University","https://en.wikipedia.org/wiki/Lawrence_Technological_University","Southfield, MI","https://en.wikipedia.org/wiki/Southfield,_MI","Active","","","",""
"Xi Lambda","February 13, 1935","Kentucky State University","https://en.wikipedia.org/wiki/Kentucky_State_University","Frankfort, KY","https://en.wikipedia.org/wiki/Frankfort,_KY","Active","","","",""
"Omicron Xi","1985","Murray State University","https://en.wikipedia.org/wiki/Murray_State_University","Murray, KY","https://en.wikipedia.org/wiki/Murray,_KY","Active","","","",""
"Omicron Omicron","","Oakland University","https://en.wikipedia.org/wiki/Oakland_University","Rochester, MI","https://en.wikipedia.org/wiki/Rochester,_MI","Active","","","",""
"Omicron Upsilon","1984","Vincennes University","https://en.wikipedia.org/wiki/Vincennes_University","Vincennes, IN","https://en.wikipedia.org/wiki/Vincennes,_IN","Inactive","","","",""
"Pi Eta","March 15, 1985","","","Minneapolis/St. Paul, MN","https://en.wikipedia.org/wiki/Minneapolis/St._Paul,_MN","Active","","","",""
"Pi Nu","1986","","","East Lansing, MI","https://en.wikipedia.org/wiki/East_Lansing,_MI","Active","","","",""
"Pi Omicron","1986","Aurora University","https://en.wikipedia.org/wiki/Aurora_University","Aurora, IL","https://en.wikipedia.org/wiki/Aurora,_IL","Inactive","32","https://en.wikipedia.org/wiki/List_of_Phi_Beta_Sigma_chapters#cite_note-IllinoisSigmas-32","[","]"
"Pi Upsilon","1984","","","Oshkosh, WI","https://en.wikipedia.org/wiki/Oshkosh,_WI","Active","","","",""
"Rho Kappa","1988","University of Dubuque","https://en.wikipedia.org/wiki/University_of_Dubuque","Dubuque, IA","https://en.wikipedia.org/wiki/Dubuque,_IA","Active","","","",""
"Rho Nu","February 27, 1988","University of Detroit Mercy","https://en.wikipedia.org/wiki/University_of_Detroit_Mercy","Detroit, MI","https://en.wikipedia.org/wiki/Detroit,_MI","Active","","","",""
"Rho Omicron","","Indiana University–Purdue University Fort Wayne","https://en.wikipedia.org/wiki/Indiana_University%E2%80%93Purdue_University_Fort_Wayne","Fort Wayne, IN","https://en.wikipedia.org/wiki/Fort_Wayne,_IN","Inactive","","","",""
"Tau","1925","University of Louisville","https://en.wikipedia.org/wiki/University_of_Louisville","Louisville, KY","https://en.wikipedia.org/wiki/Louisville,_KY","Active","","","",""